		Temp	Hi	Low	Out	Dew	Wind	Wind	Wind	Hi	Hi	Wind	Heat	THW	THSW			Rain	Solar	Solar	Hi Solar	Heat	Cool	In 	In	In 	In 	In 	In Air		Wind	Wind	ISS 	Arc.
Date	Time	Out	Temp	Temp	Hum	Pt.	Speed	Dir	Run	Speed	Dir	Chill	Index	Index	Index	Bar  	Rain	Rate	Rad.	Energy	Rad. 	D-D 	D-D 	Temp	Hum	Dew	Heat	EMC	Density	ET 	Samp	Tx 	Recept	Int.
01/04/26	11:25	10.7	10.7	10.6	88	8.8	4.8	NE	0.40	16.1	NE	10.6	10.7	10.6	---	1027.9	0.00	0.0	129	0.92	163	0.027	0.000	20.4	48	9.1	19.5	8.87	1.2067	0.00	110	1	96.5	5
01/04/26	11:30	10.7	10.7	10.6	87	8.6	6.4	NE	0.54	12.9	NNW	10.2	10.8	10.3	---	1027.9	0.00	0.0	162	1.16	179	0.026	0.000	20.5	48	9.1	19.6	8.87	1.2063	0.00	114	1	100.0	5
01/04/26	11:35	10.8	10.8	10.7	86	8.6	8.0	NE	0.67	17.7	NE	10.0	10.8	10.0	---	1027.8	0.00	0.0	112	0.80	120	0.026	0.000	20.5	47	8.8	19.5	8.77	1.2065	0.00	112	1	98.2	5
01/04/26	11:40	10.8	10.9	10.8	84	8.2	11.3	NNE	0.94	19.3	NE	9.4	10.8	9.4	---	1027.8	0.00	0.0	107	0.77	111	0.026	0.000	20.5	47	8.8	19.5	8.77	1.2066	0.00	117	1	100.0	5
01/04/26	11:45	10.9	10.9	10.8	84	8.3	4.8	NE	0.40	17.7	NNE	10.9	10.9	10.9	---	1027.9	0.00	0.0	116	0.83	130	0.026	0.000	20.4	47	8.7	19.4	8.77	1.2070	0.00	111	1	97.4	5
01/04/26	11:50	11.0	11.1	10.9	83	8.2	4.8	NE	0.40	12.9	NNE	10.9	10.9	10.9	---	1027.8	0.00	0.0	152	1.09	178	0.025	0.000	20.4	47	8.7	19.4	8.77	1.2068	0.00	117	1	100.0	5
01/04/26	11:55	11.1	11.1	11.1	82	8.2	9.7	N	0.80	20.9	NNW	10.0	11.1	9.9	---	1027.7	0.00	0.0	169	1.21	176	0.025	0.000	20.4	47	8.7	19.4	8.78	1.2070	0.00	73	1	64.0	5
01/04/26	12:00	---	---	---	82	---	0.0	---	0.00	0.0	---	---	---	---	---	1027.8	0.00	0.0	176	1.26	176	---	---	20.7	47	8.9	19.7	8.77	1.2057	0.08	0	1	0.0	5
01/04/26	12:05	---	---	---	---	---	0.0	---	0.00	0.0	---	---	---	---	---	1027.8	0.00	0.0	---	---	---	---	---	20.9	46	8.9	19.8	8.65	1.2047	0.00	0	1	0.0	5
01/04/26	12:10	---	---	---	---	---	0.0	---	0.00	0.0	---	---	---	---	---	1027.8	0.00	0.0	---	---	---	---	---	20.8	46	8.8	19.7	8.65	1.2052	0.00	0	1	0.0	5
01/04/26	12:15	---	---	---	---	---	0.0	---	0.00	0.0	---	---	---	---	---	1027.8	0.00	0.0	---	---	---	---	---	20.8	46	8.7	19.7	8.65	1.2055	0.00	0	1	0.0	5
01/04/26	12:20	---	---	---	---	---	0.0	---	0.00	0.0	---	---	---	---	---	1027.8	0.00	0.0	---	---	---	---	---	20.8	46	8.7	19.7	8.65	1.2054	0.00	0	1	0.0	5
01/04/26	12:25	---	---	---	---	---	0.0	---	0.00	0.0	---	---	---	---	---	1027.8	0.00	0.0	---	---	---	---	---	20.9	46	8.8	19.8	8.65	1.2049	0.00	0	1	0.0	5
01/04/26	12:30	---	---	---	---	---	0.0	---	0.00	0.0	---	---	---	---	---	1027.8	0.00	0.0	---	---	---	---	---	20.8	46	8.8	19.7	8.65	1.2051	0.00	0	1	0.0	5
01/04/26	12:35	---	---	---	---	---	0.0	---	0.00	0.0	---	---	---	---	---	1027.7	0.00	0.0	---	---	---	---	---	20.8	46	8.8	19.7	8.65	1.2051	0.00	0	1	0.0	5
01/04/26	12:40	10.6	10.6	10.5	80	7.2	12.9	N	1.07	19.3	N	8.7	10.4	8.6	---	1027.8	0.00	0.0	209	1.50	213	0.027	0.000	20.8	46	8.7	19.7	8.65	1.2054	0.00	64	1	56.1	5
01/04/26	12:45	10.7	10.7	10.6	78	7.0	12.9	N	1.07	22.5	NNE	8.9	10.6	8.8	---	1027.7	0.00	0.0	249	1.78	265	0.026	0.000	20.7	46	8.7	19.7	8.65	1.2056	0.00	112	1	98.2	5
01/04/26	12:50	10.8	10.9	10.7	77	7.0	11.3	NE	0.94	22.5	NE	9.4	10.7	9.3	---	1027.6	0.00	0.0	293	2.10	304	0.026	0.000	20.7	45	8.4	19.6	8.46	1.2058	0.00	110	1	96.5	5
01/04/26	12:55	10.9	11.0	10.8	75	6.7	12.9	NNE	1.07	22.5	N	9.2	10.7	8.9	---	1027.6	0.00	0.0	289	2.07	304	0.026	0.000	20.7	45	8.4	19.6	8.46	1.2057	0.00	99	1	86.8	5
01/04/26	13:00	11.1	11.1	10.9	75	6.8	11.3	N	0.94	22.5	N	9.8	10.9	9.6	---	1027.4	0.00	0.0	291	2.09	318	0.025	0.000	20.7	45	8.3	19.6	8.47	1.2058	0.18	94	1	82.5	5
01/04/26	13:05	11.1	11.1	11.1	74	6.6	16.1	NNE	1.34	27.4	NNE	8.6	10.8	8.3	---	1027.4	0.00	0.0	294	2.11	316	0.025	0.000	20.7	45	8.3	19.6	8.47	1.2058	0.00	78	1	68.4	5
01/04/26	13:10	11.1	11.1	11.1	74	6.6	12.9	N	1.07	16.1	NE	9.3	10.8	9.1	---	1027.3	0.00	0.0	285	2.04	285	0.025	0.000	20.9	44	8.2	19.7	8.35	1.2049	0.00	4	1	3.5	5
01/04/26	13:15	---	---	---	74	---	0.0	---	0.00	0.0	---	---	---	---	---	1027.4	0.00	0.0	285	2.04	285	---	---	21.2	44	8.4	19.9	8.35	1.2036	0.00	0	1	0.0	5
01/04/26	13:20	---	---	---	---	---	0.0	---	0.00	0.0	---	---	---	---	---	1027.3	0.00	0.0	---	---	---	---	---	21.1	44	8.4	19.9	8.35	1.2038	0.00	0	1	0.0	5
01/04/26	13:25	---	---	---	---	---	0.0	---	0.00	0.0	---	---	---	---	---	1027.2	0.00	0.0	---	---	---	---	---	21.0	44	8.3	19.8	8.35	1.2042	0.00	0	1	0.0	5
01/04/26	13:30	---	---	---	---	---	0.0	---	0.00	0.0	---	---	---	---	---	1027.2	0.00	0.0	---	---	---	---	---	21.0	44	8.3	19.8	8.35	1.2042	0.00	0	1	0.0	5
01/04/26	13:35	---	---	---	---	---	0.0	---	0.00	0.0	---	---	---	---	---	1027.1	0.00	0.0	---	---	---	---	---	21.1	44	8.4	19.9	8.35	1.2036	0.00	0	1	0.0	5
01/04/26	13:40	---	---	---	---	---	0.0	---	0.00	0.0	---	---	---	---	---	1027.1	0.00	0.0	---	---	---	---	---	21.0	44	8.3	19.8	8.35	1.2041	0.00	0	1	0.0	5
01/04/26	13:45	---	---	---	---	---	0.0	---	0.00	0.0	---	---	---	---	---	1027.0	0.00	0.0	---	---	---	---	---	21.0	44	8.3	19.8	8.35	1.2040	0.00	0	1	0.0	5
01/04/26	13:50	---	---	---	---	---	0.0	---	0.00	0.0	---	---	---	---	---	1026.9	0.00	0.0	---	---	---	---	---	20.9	44	8.2	19.7	8.35	1.2042	0.00	0	1	0.0	5
01/04/26	13:55	---	---	---	---	---	0.0	---	0.00	0.0	---	---	---	---	---	1026.9	0.00	0.0	---	---	---	---	---	20.9	44	8.2	19.7	8.35	1.2042	0.00	0	1	0.0	5
01/04/26	14:00	---	---	---	---	---	0.0	---	0.00	0.0	---	---	---	---	---	1026.8	0.00	0.0	---	---	---	---	---	20.9	44	8.2	19.7	8.35	1.2040	0.00	0	1	0.0	5
01/04/26	14:05	---	---	---	---	---	0.0	---	0.00	0.0	---	---	---	---	---	1026.8	0.00	0.0	---	---	---	---	---	20.9	44	8.2	19.7	8.35	1.2040	0.00	0	1	0.0	5
01/04/26	14:10	10.6	10.7	10.6	79	7.1	9.7	N	0.80	24.1	NNW	9.4	10.5	9.3	---	1026.7	0.00	0.0	138	0.99	139	0.027	0.000	21.0	44	8.3	19.8	8.35	1.2037	0.00	111	1	97.4	5
01/04/26	14:15	10.6	10.7	10.6	79	7.1	9.7	N	0.80	17.7	N	9.4	10.5	9.3	---	1026.7	0.00	0.0	158	1.13	167	0.027	0.000	21.0	44	8.3	19.8	8.35	1.2037	0.00	86	1	75.4	5
01/04/26	14:20	---	---	---	79	---	9.7	NW	0.80	9.7	NW	---	---	---	---	1026.6	0.00	0.0	167	1.20	167	---	---	21.2	44	8.4	19.9	8.35	1.2027	0.00	1	1	0.9	5
01/04/26	14:25	---	---	---	79	---	0.0	---	0.00	0.0	---	---	---	---	---	1026.6	0.00	0.0	167	1.20	167	---	---	21.5	44	8.7	20.4	8.34	1.2011	0.00	0	1	0.0	5
01/04/26	14:30	---	---	---	---	---	0.0	---	0.00	0.0	---	---	---	---	---	1026.6	0.00	0.0	---	---	---	---	---	21.6	44	8.8	20.5	8.33	1.2008	0.00	0	1	0.0	5
01/04/26	14:35	---	---	---	---	---	0.0	---	0.00	0.0	---	---	---	---	---	1026.6	0.00	0.0	---	---	---	---	---	21.4	44	8.7	20.3	8.34	1.2013	0.00	0	1	0.0	5
01/04/26	14:40	---	---	---	---	---	0.0	---	0.00	0.0	---	---	---	---	---	1026.5	0.00	0.0	---	---	---	---	---	21.4	44	8.7	20.3	8.34	1.2012	0.00	0	1	0.0	5
01/04/26	14:45	10.7	10.8	10.7	78	7.0	14.5	NNE	1.21	20.9	NE	8.6	10.6	8.4	---	1026.4	0.00	0.0	---	---	---	0.026	0.000	21.5	44	8.7	20.4	8.34	1.2008	0.00	16	1	14.0	5
01/04/26	14:50	---	---	---	78	---	0.0	---	0.00	0.0	---	---	---	---	---	1026.3	0.00	0.0	---	---	---	---	---	21.8	44	9.0	20.8	8.33	1.1993	0.00	0	1	0.0	5
01/04/26	14:55	10.7	10.7	10.7	78	7.0	6.4	NNE	0.54	11.3	NE	10.1	10.5	9.9	---	1026.2	0.00	0.0	137	0.98	137	0.027	0.000	22.1	43	8.9	21.1	8.18	1.1982	0.00	8	1	7.0	5
01/04/26	15:00	10.7	10.7	10.7	79	7.2	11.3	N	0.94	25.7	NW	9.2	10.6	9.1	---	1026.0	0.00	0.0	162	1.16	178	0.027	0.000	21.9	43	8.7	20.9	8.19	1.1988	0.13	108	1	94.7	5
01/04/26	15:05	10.7	10.7	10.6	79	7.2	9.7	NNE	0.80	20.9	NNW	9.5	10.6	9.4	---	1026.0	0.00	0.0	160	1.15	176	0.027	0.000	21.8	44	9.0	20.8	8.32	1.1987	0.00	110	1	96.5	5
01/04/26	15:10	10.6	10.7	10.6	79	7.1	9.7	NNE	0.80	22.5	NNE	9.4	10.5	9.3	---	1026.1	0.00	0.0	146	1.05	148	0.027	0.000	21.8	43	8.6	20.7	8.20	1.1994	0.00	69	1	60.5	5
01/04/26	15:15	10.6	10.6	10.6	80	7.3	8.0	NNE	0.67	20.9	N	9.7	10.5	9.6	---	1026.0	0.00	0.0	99	0.71	113	0.027	0.000	21.7	43	8.6	20.7	8.21	1.1996	0.00	52	1	45.6	5
01/04/26	15:20	10.6	10.6	10.5	80	7.2	9.7	NNE	0.80	17.7	NE	9.4	10.4	9.3	---	1026.0	0.00	0.0	94	0.67	102	0.027	0.000	21.7	44	8.9	20.7	8.33	1.1992	0.00	69	1	60.5	5
01/04/26	15:25	10.6	10.6	10.5	80	7.2	9.7	NE	0.80	20.9	NNE	9.4	10.4	9.3	---	1025.9	0.00	0.0	98	0.70	98	0.027	0.000	21.8	44	9.0	20.8	8.32	1.1986	0.00	68	1	59.6	5
01/04/26	15:30	10.4	10.6	10.4	80	7.1	16.1	NNW	1.34	25.7	NNW	7.9	10.3	7.8	---	1025.9	0.00	0.0	98	0.70	98	0.027	0.000	21.9	43	8.7	20.9	8.19	1.1987	0.00	37	1	32.5	5
01/04/26	15:35	10.4	10.4	10.4	80	7.1	9.7	NE	0.80	20.9	NE	9.3	10.3	9.2	---	1025.8	0.00	0.0	132	0.95	132	0.027	0.000	21.9	44	9.1	21.0	8.32	1.1979	0.00	63	1	55.3	5
01/04/26	15:40	10.4	10.5	10.4	79	7.0	12.9	N	1.07	20.9	NNW	8.6	10.3	8.5	---	1025.7	0.00	0.0	132	0.95	132	0.027	0.000	21.9	43	8.8	20.9	8.19	1.1982	0.00	30	1	26.3	5
01/04/26	15:45	10.4	10.4	10.4	80	7.1	11.3	NE	0.94	19.3	NE	9.0	10.3	8.9	---	1025.8	0.00	0.0	132	0.95	132	0.027	0.000	21.9	43	8.8	20.9	8.19	1.1983	0.00	14	1	12.3	5
01/04/26	15:50	---	---	---	80	---	0.0	---	0.00	0.0	---	---	---	---	---	1025.8	0.00	0.0	132	0.95	132	---	---	22.2	43	9.0	21.3	8.17	1.1972	0.00	0	1	0.0	5
01/04/26	15:55	---	---	---	---	---	0.0	---	0.00	0.0	---	---	---	---	---	1025.6	0.00	0.0	---	---	---	---	---	22.4	42	8.8	21.6	8.00	1.1962	0.00	0	1	0.0	5
01/04/26	16:00	---	---	---	---	---	0.0	---	0.00	0.0	---	---	---	---	---	1025.6	0.00	0.0	---	---	---	---	---	22.2	42	8.7	21.3	8.01	1.1970	0.00	0	1	0.0	5
01/04/26	16:05	---	---	---	---	---	0.0	---	0.00	0.0	---	---	---	---	---	1025.5	0.00	0.0	---	---	---	---	---	22.2	42	8.6	21.2	8.01	1.1972	0.00	0	1	0.0	5
01/04/26	16:10	---	---	---	---	---	0.0	---	0.00	0.0	---	---	---	---	---	1025.5	0.00	0.0	---	---	---	---	---	22.1	42	8.6	21.2	8.01	1.1974	0.00	0	1	0.0	5
01/04/26	16:15	---	---	---	---	---	0.0	---	0.00	0.0	---	---	---	---	---	1025.5	0.00	0.0	---	---	---	---	---	22.2	43	9.0	21.3	8.17	1.1968	0.00	0	1	0.0	5
01/04/26	16:20	---	---	---	---	---	0.0	---	0.00	0.0	---	---	---	---	---	1025.4	0.00	0.0	---	---	---	---	---	22.2	43	9.0	21.3	8.17	1.1967	0.00	0	1	0.0	5
01/04/26	16:25	---	---	---	---	---	0.0	---	0.00	0.0	---	---	---	---	---	1025.4	0.00	0.0	---	---	---	---	---	22.2	43	9.0	21.3	8.17	1.1965	0.00	0	1	0.0	5
01/04/26	16:30	---	---	---	---	---	0.0	---	0.00	0.0	---	---	---	---	---	1025.3	0.00	0.0	---	---	---	---	---	22.3	42	8.7	21.4	8.01	1.1964	0.00	0	1	0.0	5
01/04/26	16:35	---	---	---	---	---	0.0	---	0.00	0.0	---	---	---	---	---	1025.4	0.00	0.0	---	---	---	---	---	22.2	43	9.0	21.3	8.17	1.1964	0.00	0	1	0.0	5
01/04/26	16:40	---	---	---	---	---	0.0	---	0.00	0.0	---	---	---	---	---	1025.2	0.00	0.0	---	---	---	---	---	22.2	42	8.7	21.3	8.01	1.1965	0.00	0	1	0.0	5
01/04/26	16:45	10.7	10.7	10.6	77	6.8	12.9	NE	1.07	22.5	NE	8.8	10.5	8.7	---	1025.1	0.00	0.0	113	0.81	113	0.027	0.000	22.2	42	8.7	21.3	8.01	1.1964	0.00	41	1	36.0	5
01/04/26	16:50	10.7	10.7	10.6	77	6.8	6.4	NNE	0.54	14.5	NNE	10.1	10.5	9.9	---	1025.1	0.00	0.0	94	0.67	105	0.027	0.000	22.2	42	8.6	21.2	8.01	1.1967	0.00	115	1	100.0	5
01/04/26	16:55	10.7	10.8	10.7	77	6.9	6.4	NNE	0.54	14.5	N	10.2	10.6	10.1	---	1025.1	0.00	0.0	74	0.53	81	0.026	0.000	22.1	42	8.6	21.2	8.01	1.1969	0.00	116	1	100.0	5
01/04/26	17:00	10.7	10.7	10.7	77	6.9	8.0	NE	0.67	14.5	NNE	9.9	10.6	9.7	---	1025.1	0.00	0.0	75	0.54	83	0.026	0.000	22.1	42	8.5	21.1	8.02	1.1972	0.08	118	1	100.0	5
01/04/26	17:05	10.7	10.7	10.7	78	7.0	6.4	NNE	0.54	9.7	NE	10.2	10.6	10.1	---	1025.0	0.00	0.0	101	0.72	114	0.026	0.000	22.1	42	8.5	21.1	8.02	1.1970	0.00	116	1	100.0	5
01/04/26	17:10	10.7	10.8	10.7	78	7.0	8.0	N	0.67	17.7	NE	9.9	10.6	9.7	---	1024.8	0.00	0.0	138	0.99	165	0.026	0.000	22.0	42	8.5	21.0	8.02	1.1971	0.00	115	1	100.0	5
01/04/26	17:15	10.8	10.8	10.7	77	7.0	8.0	NNE	0.67	19.3	NNW	10.0	10.7	9.8	---	1024.7	0.00	0.0	191	1.37	200	0.026	0.000	22.0	43	8.8	21.1	8.19	1.1967	0.00	114	1	100.0	5
01/04/26	17:20	10.9	10.9	10.8	77	7.1	6.4	NE	0.54	16.1	NE	10.4	10.8	10.3	---	1024.6	0.00	0.0	183	1.31	190	0.026	0.000	22.1	43	8.9	21.1	8.18	1.1963	0.00	113	1	99.1	5
01/04/26	17:25	11.0	11.1	10.9	76	6.9	9.7	NNE	0.80	20.9	NNW	9.9	10.8	9.7	---	1024.6	0.00	0.0	139	1.00	158	0.025	0.000	21.9	43	8.8	20.9	8.19	1.1968	0.00	108	1	94.7	5
01/04/26	17:30	11.1	11.1	10.9	76	7.0	8.0	NNE	0.67	20.9	NE	10.3	10.8	10.1	---	1024.5	0.00	0.0	116	0.83	120	0.025	0.000	21.9	42	8.4	20.9	8.02	1.1971	0.00	109	1	95.6	5
01/04/26	17:35	11.0	11.1	11.0	75	6.7	11.3	N	0.94	24.1	NNW	9.7	10.8	9.4	---	1024.5	0.00	0.0	96	0.69	109	0.025	0.000	21.9	42	8.4	20.9	8.02	1.1970	0.00	106	1	93.0	5
01/04/26	17:40	11.0	11.0	10.9	75	6.7	9.7	N	0.80	22.5	N	9.9	10.8	9.7	---	1024.5	0.00	0.0	75	0.54	79	0.025	0.000	21.9	42	8.4	20.9	8.02	1.1970	0.00	109	1	95.6	5
01/04/26	17:45	10.9	11.0	10.9	76	6.9	9.7	NE	0.80	22.5	NE	9.8	10.7	9.6	---	1024.4	0.00	0.0	75	0.54	83	0.026	0.000	21.9	42	8.4	20.8	8.02	1.1972	0.00	108	1	94.7	5
01/04/26	17:50	10.9	10.9	10.9	75	6.6	8.0	NNE	0.67	22.5	NE	10.1	10.7	9.8	---	1024.3	0.00	0.0	80	0.57	84	0.026	0.000	21.9	42	8.4	20.8	8.02	1.1971	0.00	108	1	94.7	5
01/04/26	17:55	10.9	10.9	10.9	76	6.9	8.0	N	0.67	24.1	N	10.1	10.7	9.9	---	1024.4	0.00	0.0	66	0.47	72	0.026	0.000	21.9	42	8.4	20.8	8.02	1.1972	0.00	111	1	97.4	5
01/04/26	18:00	10.9	10.9	10.8	76	6.8	9.7	NNE	0.80	24.1	NE	9.8	10.7	9.6	---	1024.3	0.00	0.0	54	0.39	56	0.026	0.000	21.9	42	8.4	20.8	8.02	1.1971	0.08	105	1	92.1	5
01/04/26	18:05	10.8	10.9	10.8	76	6.7	9.7	NNE	0.80	25.7	N	9.6	10.6	9.4	---	1024.3	0.00	0.0	51	0.37	53	0.026	0.000	21.8	42	8.3	20.8	8.02	1.1973	0.00	114	1	100.0	5
01/04/26	18:10	10.8	10.8	10.8	76	6.7	8.0	N	0.67	20.9	NNW	9.9	10.6	9.7	---	1024.2	0.00	0.0	56	0.40	58	0.026	0.000	21.9	42	8.4	20.8	8.02	1.1970	0.00	109	1	95.6	5
01/04/26	18:15	10.7	10.8	10.7	76	6.7	12.9	NNE	1.07	22.5	NNW	8.9	10.5	8.7	---	1024.3	0.00	0.0	63	0.45	65	0.026	0.000	21.9	42	8.4	20.8	8.02	1.1970	0.00	102	1	89.5	5
01/04/26	18:20	10.7	10.7	10.7	76	6.7	11.3	NNE	0.94	24.1	NNE	9.3	10.5	9.1	---	1024.2	0.00	0.0	68	0.49	70	0.026	0.000	21.8	42	8.3	20.8	8.02	1.1972	0.00	108	1	94.7	5
01/04/26	18:25	10.7	10.7	10.7	76	6.6	9.7	NNE	0.80	20.9	N	9.5	10.4	9.3	---	1024.1	0.00	0.0	70	0.50	72	0.027	0.000	21.8	42	8.3	20.7	8.03	1.1974	0.00	91	1	79.8	5
01/04/26	18:30	10.7	10.7	10.7	76	6.7	8.0	NNE	0.67	19.3	NE	9.9	10.5	9.7	---	1023.9	0.00	0.0	72	0.52	72	0.026	0.000	21.7	42	8.2	20.6	8.03	1.1977	0.00	82	1	71.9	5
01/04/26	18:35	10.7	10.7	10.7	76	6.7	8.0	NE	0.67	19.3	NNW	9.9	10.5	9.7	---	1023.9	0.00	0.0	76	0.54	76	0.026	0.000	21.6	42	8.1	20.4	8.03	1.1979	0.00	79	1	69.3	5
01/04/26	18:40	10.8	10.8	10.7	76	6.7	8.0	NNE	0.67	16.1	NNE	9.9	10.6	9.7	---	1023.9	0.00	0.0	84	0.60	84	0.026	0.000	21.5	41	7.7	20.3	7.92	1.1988	0.00	70	1	61.4	5
01/04/26	18:45	10.8	10.8	10.7	75	6.5	8.0	NE	0.67	20.9	NNW	9.9	10.6	9.7	---	1023.8	0.00	0.0	63	0.45	69	0.026	0.000	21.4	41	7.6	20.2	7.93	1.1989	0.00	71	1	62.3	5
01/04/26	18:50	10.8	10.8	10.8	76	6.7	9.7	N	0.80	19.3	NW	9.6	10.6	9.4	---	1023.7	0.00	0.0	54	0.39	56	0.026	0.000	21.4	41	7.6	20.1	7.93	1.1991	0.00	94	1	82.5	5
01/04/26	18:55	10.7	10.8	10.7	75	6.5	11.3	NNW	0.94	20.9	N	9.3	10.5	9.1	---	1023.7	0.00	0.0	49	0.35	51	0.026	0.000	21.3	41	7.5	20.1	7.93	1.1994	0.00	105	1	92.1	5
01/04/26	19:00	10.7	10.7	10.7	76	6.7	11.3	N	0.94	24.1	N	9.3	10.5	9.1	---	1023.7	0.00	0.0	42	0.30	46	0.026	0.000	21.3	41	7.5	20.0	7.94	1.1996	0.05	112	1	98.2	5
01/04/26	19:05	10.7	10.7	10.7	76	6.7	6.4	N	0.54	19.3	N	10.2	10.5	10.0	---	1023.6	0.00	0.0	39	0.28	39	0.026	0.000	21.2	41	7.4	19.9	7.94	1.1998	0.00	103	1	90.4	5
01/04/26	19:10	10.7	10.7	10.7	76	6.7	8.0	NNE	0.67	20.9	NNW	9.9	10.5	9.7	---	1023.6	0.00	0.0	35	0.25	37	0.026	0.000	21.2	41	7.4	19.8	7.95	1.2000	0.00	105	1	92.1	5
01/04/26	19:15	10.7	10.7	10.7	76	6.7	8.0	N	0.67	20.9	N	9.9	10.5	9.7	---	1023.6	0.00	0.0	29	0.21	32	0.026	0.000	21.2	41	7.4	19.8	7.95	1.2001	0.00	102	1	89.5	5
01/04/26	19:20	10.7	10.7	10.7	76	6.6	8.0	N	0.67	17.7	N	9.8	10.4	9.6	---	1023.6	0.00	0.0	29	0.21	30	0.027	0.000	21.1	41	7.3	19.8	7.95	1.2003	0.00	113	1	99.1	5
01/04/26	19:25	10.7	10.7	10.7	76	6.6	6.4	NNE	0.54	16.1	N	10.1	10.4	9.9	---	1023.6	0.00	0.0	31	0.22	32	0.027	0.000	21.1	41	7.3	19.7	7.95	1.2006	0.00	108	1	94.7	5
01/04/26	19:30	10.7	10.7	10.6	77	6.8	6.4	NNE	0.54	14.5	N	10.1	10.5	9.9	---	1023.7	0.00	0.0	30	0.22	32	0.027	0.000	21.1	41	7.3	19.7	7.95	1.2007	0.00	102	1	89.5	5
01/04/26	19:35	10.7	10.7	10.6	76	6.6	8.0	NNE	0.67	16.1	NNE	9.8	10.4	9.6	---	1023.7	0.00	0.0	23	0.16	26	0.027	0.000	21.0	41	7.2	19.7	7.95	1.2010	0.00	108	1	94.7	5
01/04/26	19:40	10.6	10.7	10.6	77	6.7	4.8	NNE	0.40	8.0	NE	10.5	10.4	10.3	---	1023.6	0.00	0.0	18	0.13	19	0.027	0.000	21.0	42	7.6	19.7	8.05	1.2006	0.00	107	1	93.9	5
01/04/26	19:45	10.6	10.6	10.6	76	6.6	6.4	NNE	0.54	19.3	NE	10.1	10.4	9.8	---	1023.6	0.00	0.0	15	0.11	16	0.027	0.000	21.0	42	7.6	19.7	8.05	1.2006	0.00	105	1	92.1	5
01/04/26	19:50	10.6	10.6	10.6	76	6.6	4.8	NNE	0.40	12.9	NNW	10.5	10.4	10.3	---	1023.6	0.00	0.0	12	0.09	14	0.027	0.000	20.9	42	7.5	19.7	8.06	1.2008	0.00	109	1	95.6	5
01/04/26	19:55	10.6	10.6	10.6	76	6.6	6.4	NNE	0.54	17.7	ENE	10.1	10.4	9.8	---	1023.7	0.00	0.0	11	0.08	11	0.027	0.000	20.9	42	7.5	19.6	8.06	1.2012	0.00	101	1	88.6	5
01/04/26	20:00	10.6	10.6	10.6	76	6.6	6.4	N	0.54	14.5	NNE	10.1	10.4	9.8	---	1023.6	0.00	0.0	10	0.07	11	0.027	0.000	20.9	42	7.5	19.6	8.06	1.2011	0.03	109	1	95.6	5
01/04/26	20:05	10.6	10.6	10.6	75	6.3	6.4	N	0.54	12.9	NNW	10.0	10.3	9.8	---	1023.6	0.00	0.0	6	0.04	7	0.027	0.000	20.8	42	7.4	19.6	8.06	1.2014	0.00	111	1	97.4	5
01/04/26	20:10	10.5	10.6	10.5	75	6.3	6.4	N	0.54	14.5	NNE	9.9	10.3	9.7	---	1023.6	0.00	0.0	0	0.00	0	0.027	0.000	20.8	42	7.4	19.6	8.06	1.2014	0.00	85	1	74.6	5
01/04/26	20:15	10.5	10.5	10.4	75	6.3	6.4	NNE	0.54	12.9	N	9.9	10.3	9.7	---	1023.6	0.00	0.0	0	0.00	0	0.027	0.000	20.8	42	7.4	19.6	8.06	1.2014	0.00	105	1	92.1	5
01/04/26	20:20	10.4	10.5	10.4	75	6.2	4.8	NNE	0.40	14.5	N	10.3	10.2	10.1	---	1023.5	0.00	0.0	0	0.00	0	0.027	0.000	20.8	42	7.4	19.5	8.06	1.2015	0.00	106	1	93.0	5
01/04/26	20:25	10.4	10.4	10.4	76	6.3	4.8	NNE	0.40	9.7	NE	10.3	10.2	10.1	---	1023.4	0.00	0.0	0	0.00	0	0.028	0.000	20.8	42	7.4	19.5	8.06	1.2014	0.00	96	1	84.2	5
01/04/26	20:30	10.3	10.4	10.3	76	6.3	4.8	N	0.40	9.7	N	10.2	10.2	10.1	---	1023.5	0.00	0.0	0	0.00	0	0.028	0.000	20.7	42	7.3	19.4	8.06	1.2018	0.00	101	1	88.6	5
01/04/26	20:35	10.3	10.4	10.3	77	6.5	6.4	N	0.54	12.9	NNW	9.8	10.2	9.7	---	1023.6	0.00	0.0	0	0.00	0	0.028	0.000	20.7	42	7.3	19.4	8.06	1.2019	0.00	99	1	86.8	5
01/04/26	20:40	10.3	10.3	10.3	77	6.4	4.8	NNW	0.40	9.7	N	10.2	10.2	10.1	---	1023.5	0.00	0.0	0	0.00	0	0.028	0.000	20.7	42	7.3	19.4	8.06	1.2018	0.00	85	1	74.6	5
01/04/26	20:45	10.2	10.3	10.2	77	6.4	8.0	NNW	0.67	19.3	NNW	9.3	10.1	9.2	---	1023.6	0.00	0.0	0	0.00	0	0.028	0.000	20.7	42	7.3	19.4	8.07	1.2022	0.00	100	1	87.7	5
01/04/26	20:50	10.2	10.2	10.2	77	6.3	8.0	NNE	0.67	14.5	NW	9.2	10.1	9.1	---	1023.5	0.00	0.0	0	0.00	0	0.028	0.000	20.7	42	7.3	19.4	8.07	1.2020	0.00	104	1	91.2	5
01/04/26	20:55	10.1	10.2	10.1	77	6.3	6.4	NNW	0.54	16.1	NNW	9.5	10.0	9.4	---	1023.5	0.00	0.0	0	0.00	0	0.029	0.000	20.7	42	7.3	19.4	8.07	1.2020	0.00	95	1	83.3	5
01/04/26	21:00	10.1	10.1	10.1	77	6.2	6.4	N	0.54	16.1	NNE	9.4	10.0	9.4	---	1023.5	0.00	0.0	0	0.00	0	0.029	0.000	20.7	42	7.3	19.4	8.07	1.2020	0.03	94	1	82.5	5
01/04/26	21:05	10.0	10.1	10.0	78	6.3	9.7	NE	0.80	19.3	NNW	8.7	9.9	8.7	---	1023.6	0.00	0.0	0	0.00	0	0.029	0.000	20.6	42	7.2	19.3	8.07	1.2024	0.00	95	1	83.3	5
01/04/26	21:10	10.0	10.1	10.0	78	6.3	6.4	NNE	0.54	14.5	NNW	9.4	9.9	9.3	---	1023.6	0.00	0.0	0	0.00	0	0.029	0.000	20.6	42	7.2	19.3	8.07	1.2024	0.00	90	1	78.9	5
01/04/26	21:15	10.0	10.0	9.9	78	6.3	6.4	NNE	0.54	17.7	NE	9.4	9.9	9.3	---	1023.5	0.00	0.0	0	0.00	0	0.029	0.000	20.6	42	7.2	19.3	8.07	1.2026	0.00	104	1	91.2	5
01/04/26	21:20	9.9	10.0	9.9	79	6.5	8.0	NNE	0.67	17.7	NNW	8.9	9.9	8.9	---	1023.6	0.00	0.0	0	0.00	0	0.029	0.000	20.6	42	7.2	19.3	8.07	1.2027	0.00	107	1	93.9	5
01/04/26	21:25	9.9	9.9	9.9	79	6.5	8.0	N	0.67	19.3	NNW	8.9	9.9	8.9	---	1023.6	0.00	0.0	0	0.00	0	0.029	0.000	20.6	42	7.2	19.3	8.07	1.2027	0.00	108	1	94.7	5
01/04/26	21:30	9.9	9.9	9.9	79	6.4	6.4	N	0.54	19.3	NNE	9.3	9.8	9.2	---	1023.7	0.00	0.0	0	0.00	0	0.029	0.000	20.6	42	7.2	19.3	8.07	1.2029	0.00	108	1	94.7	5
01/04/26	21:35	9.9	9.9	9.9	79	6.4	9.7	NNW	0.80	17.7	NNE	8.6	9.8	8.6	---	1023.7	0.00	0.0	0	0.00	0	0.029	0.000	20.6	42	7.2	19.3	8.07	1.2028	0.00	100	1	87.7	5
01/04/26	21:40	9.9	9.9	9.9	80	6.6	8.0	N	0.67	20.9	NNW	8.9	9.9	8.9	---	1023.7	0.00	0.0	0	0.00	0	0.029	0.000	20.5	42	7.1	19.2	8.07	1.2031	0.00	106	1	93.0	5
01/04/26	21:45	9.9	9.9	9.8	80	6.6	6.4	N	0.54	14.5	NNE	9.3	9.9	9.3	---	1023.7	0.00	0.0	0	0.00	0	0.029	0.000	20.5	42	7.1	19.2	8.07	1.2031	0.00	96	1	84.2	5
01/04/26	21:50	9.8	9.9	9.8	80	6.5	9.7	NNE	0.80	19.3	N	8.5	9.8	8.5	---	1023.7	0.00	0.0	0	0.00	0	0.030	0.000	20.5	42	7.1	19.2	8.07	1.2031	0.00	110	1	96.5	5
01/04/26	21:55	9.8	9.9	9.8	80	6.5	6.4	NNE	0.54	19.3	NNW	9.2	9.8	9.2	---	1023.6	0.00	0.0	0	0.00	0	0.030	0.000	20.4	42	7.1	19.2	8.07	1.2032	0.00	110	1	96.5	5
01/04/26	22:00	9.8	9.8	9.8	80	6.5	6.4	N	0.54	14.5	NNE	9.1	9.8	9.1	---	1023.7	0.00	0.0	0	0.00	0	0.030	0.000	20.5	42	7.1	19.2	8.07	1.2031	0.03	110	1	96.5	5
01/04/26	22:05	9.8	9.8	9.8	80	6.5	9.7	N	0.80	16.1	NW	8.4	9.8	8.4	---	1023.7	0.00	0.0	0	0.00	0	0.030	0.000	20.4	42	7.1	19.2	8.07	1.2034	0.00	103	1	90.4	5
01/04/26	22:10	9.8	9.8	9.8	81	6.7	4.8	NNE	0.40	9.7	NNW	9.6	9.8	9.6	---	1023.7	0.00	0.0	0	0.00	0	0.030	0.000	20.4	42	7.1	19.2	8.07	1.2034	0.00	87	1	76.3	5
01/04/26	22:15	9.7	9.8	9.7	81	6.6	6.4	N	0.54	12.9	NNW	9.1	9.7	9.1	---	1023.7	0.00	0.0	0	0.00	0	0.030	0.000	20.4	43	7.4	19.2	8.25	1.2031	0.00	106	1	93.0	5
01/04/26	22:20	9.7	9.7	9.7	81	6.6	3.2	N	0.27	6.4	NNW	9.7	9.7	9.7	---	1023.6	0.00	0.0	0	0.00	0	0.030	0.000	20.4	43	7.4	19.2	8.25	1.2030	0.00	106	1	93.0	5
01/04/26	22:25	9.6	9.7	9.6	81	6.5	4.8	NNW	0.40	9.7	NNW	9.4	9.6	9.4	---	1023.6	0.00	0.0	0	0.00	0	0.030	0.000	20.4	43	7.4	19.2	8.25	1.2032	0.00	93	1	81.6	5
01/04/26	22:30	9.6	9.7	9.6	81	6.5	4.8	N	0.40	9.7	NNW	9.3	9.6	9.3	---	1023.7	0.00	0.0	0	0.00	0	0.030	0.000	20.4	43	7.4	19.2	8.25	1.2030	0.00	94	1	82.5	5
01/04/26	22:35	9.6	9.6	9.5	82	6.6	6.4	NNW	0.54	12.9	NNW	8.8	9.6	8.8	---	1023.7	0.00	0.0	0	0.00	0	0.030	0.000	20.4	42	7.0	19.2	8.08	1.2036	0.00	82	1	71.9	5
01/04/26	22:40	9.6	9.6	9.5	82	6.6	8.0	NNW	0.67	16.1	NNW	8.4	9.6	8.4	---	1023.6	0.00	0.0	0	0.00	0	0.030	0.000	20.4	43	7.4	19.2	8.25	1.2033	0.00	91	1	79.8	5
01/04/26	22:45	9.5	9.6	9.5	82	6.6	6.4	N	0.54	14.5	NNW	8.8	9.5	8.8	---	1023.5	0.00	0.0	0	0.00	0	0.031	0.000	20.4	43	7.4	19.2	8.25	1.2031	0.00	88	1	77.2	5
01/04/26	22:50	9.4	9.5	9.4	82	6.5	4.8	N	0.40	14.5	N	9.2	9.4	9.2	---	1023.5	0.00	0.0	0	0.00	0	0.031	0.000	20.3	43	7.3	19.2	8.25	1.2034	0.00	91	1	79.8	5
01/04/26	22:55	9.4	9.4	9.4	82	6.5	8.0	N	0.67	16.1	NNW	8.3	9.4	8.3	---	1023.4	0.00	0.0	0	0.00	0	0.031	0.000	20.4	43	7.4	19.2	8.25	1.2030	0.00	97	1	85.1	5
01/04/26	23:00	9.4	9.4	9.4	82	6.5	4.8	N	0.40	16.1	NNW	9.2	9.4	9.2	---	1023.5	0.00	0.0	0	0.00	0	0.031	0.000	20.3	43	7.3	19.2	8.25	1.2033	0.00	92	1	80.7	5
01/04/26	23:05	9.4	9.4	9.4	82	6.5	4.8	NNW	0.40	11.3	NNE	9.2	9.4	9.2	---	1023.5	0.00	0.0	0	0.00	0	0.031	0.000	20.3	43	7.3	19.2	8.25	1.2033	0.00	98	1	86.0	5
01/04/26	23:10	9.4	9.4	9.4	83	6.6	3.2	NNW	0.27	6.4	NNW	9.4	9.4	9.4	---	1023.4	0.00	0.0	0	0.00	0	0.031	0.000	20.3	43	7.3	19.2	8.25	1.2033	0.00	90	1	78.9	5
01/04/26	23:15	9.3	9.4	9.3	83	6.6	3.2	NNE	0.27	8.0	ENE	9.3	9.3	9.3	---	1023.3	0.00	0.0	0	0.00	0	0.031	0.000	20.3	43	7.3	19.2	8.25	1.2032	0.00	96	1	84.2	5
01/04/26	23:20	9.4	9.4	9.3	83	6.6	3.2	N	0.27	8.0	WNW	9.4	9.4	9.4	---	1023.4	0.00	0.0	0	0.00	0	0.031	0.000	20.3	43	7.3	19.2	8.25	1.2032	0.00	100	1	87.7	5
01/04/26	23:25	9.3	9.4	9.3	83	6.6	1.6	NNE	0.13	4.8	NNE	9.3	9.3	9.3	---	1023.4	0.00	0.0	0	0.00	0	0.031	0.000	20.3	43	7.3	19.1	8.25	1.2035	0.00	104	1	91.2	5
01/04/26	23:30	9.4	9.4	9.3	83	6.6	4.8	N	0.40	12.9	NNW	9.1	9.4	9.1	---	1023.3	0.00	0.0	0	0.00	0	0.031	0.000	20.3	43	7.3	19.1	8.25	1.2034	0.00	107	1	93.9	5
01/04/26	23:35	9.3	9.3	9.3	84	6.8	3.2	NNE	0.27	6.4	NNW	9.3	9.3	9.3	---	1023.3	0.00	0.0	0	0.00	0	0.031	0.000	20.3	43	7.3	19.1	8.25	1.2034	0.00	103	1	90.4	5
01/04/26	23:40	9.3	9.3	9.3	84	6.8	3.2	NNW	0.27	9.7	NNW	9.3	9.3	9.3	---	1023.3	0.00	0.0	0	0.00	0	0.031	0.000	20.3	43	7.3	19.1	8.25	1.2034	0.00	106	1	93.0	5
01/04/26	23:45	9.3	9.3	9.3	84	6.8	3.2	NE	0.27	8.0	E	9.3	9.3	9.3	---	1023.2	0.00	0.0	0	0.00	0	0.031	0.000	20.3	43	7.3	19.1	8.25	1.2033	0.00	106	1	93.0	5
01/04/26	23:50	9.3	9.3	9.3	84	6.8	1.6	N	0.13	6.4	NNW	9.3	9.3	9.3	---	1023.2	0.00	0.0	0	0.00	0	0.031	0.000	20.3	43	7.3	19.1	8.25	1.2033	0.00	105	1	92.1	5
01/04/26	23:55	9.3	9.3	9.3	84	6.8	3.2	NE	0.27	6.4	N	9.3	9.3	9.3	---	1023.2	0.00	0.0	0	0.00	0	0.031	0.000	20.3	43	7.3	19.1	8.25	1.2033	0.00	96	1	84.2	5
02/04/26	00:00	9.3	9.3	9.3	84	6.8	1.6	NE	0.13	6.4	NE	9.3	9.3	9.3	---	1023.2	0.00	0.0	0	0.00	0	0.031	0.000	20.2	43	7.2	19.1	8.25	1.2035	0.00	107	1	93.9	5
02/04/26	0:05	9.3	9.3	9.3	85	6.9	1.6	NNE	0.13	4.8	N	9.3	9.4	9.4	---	1023.1	0.00	0.0	0	0.00	0	0.031	0.000	20.2	43	7.2	19.1	8.25	1.2035	0.00	103	1	90.4	5
02/04/26	0:10	9.3	9.3	9.3	85	6.9	3.2	NNE	0.27	9.7	NNE	9.3	9.4	9.4	---	1023.0	0.00	0.0	0	0.00	0	0.031	0.000	20.2	43	7.2	19.1	8.25	1.2033	0.00	108	1	94.7	5
02/04/26	0:15	9.3	9.3	9.3	85	6.9	3.2	N	0.27	8.0	N	9.3	9.3	9.3	---	1023.0	0.00	0.0	0	0.00	0	0.031	0.000	20.2	43	7.2	19.1	8.25	1.2033	0.00	95	1	83.3	5
02/04/26	0:20	9.3	9.3	9.3	85	6.9	4.8	NNW	0.40	9.7	N	9.1	9.4	9.1	---	1023.1	0.00	0.0	0	0.00	0	0.031	0.000	20.2	43	7.2	19.1	8.25	1.2034	0.00	99	1	86.8	5
02/04/26	0:25	9.3	9.3	9.3	85	6.9	3.2	N	0.27	6.4	NNW	9.3	9.3	9.3	---	1023.1	0.00	0.0	0	0.00	0	0.031	0.000	20.2	43	7.2	19.1	8.25	1.2034	0.00	97	1	85.1	5
02/04/26	0:30	9.2	9.3	9.2	86	7.0	3.2	N	0.27	9.7	NNW	9.2	9.3	9.3	---	1023.0	0.00	0.0	0	0.00	0	0.032	0.000	20.2	43	7.2	19.1	8.25	1.2033	0.00	96	1	84.2	5
02/04/26	0:35	9.2	9.3	9.2	86	7.0	4.8	NNW	0.40	9.7	NNW	8.9	9.3	9.0	---	1023.1	0.00	0.0	0	0.00	0	0.032	0.000	20.2	43	7.2	19.1	8.25	1.2034	0.00	89	1	78.1	5
02/04/26	0:40	9.2	9.3	9.2	86	6.9	3.2	NNW	0.27	8.0	NNW	9.2	9.2	9.2	---	1023.0	0.00	0.0	0	0.00	0	0.032	0.000	20.2	43	7.2	19.1	8.25	1.2033	0.00	102	1	89.5	5
02/04/26	0:45	9.2	9.2	9.2	87	7.1	6.4	NNW	0.54	14.5	NNW	8.4	9.2	8.5	---	1022.9	0.00	0.0	0	0.00	0	0.032	0.000	20.2	43	7.2	19.0	8.25	1.2035	0.00	99	1	86.8	5
02/04/26	0:50	9.2	9.2	9.2	87	7.1	6.4	N	0.54	14.5	N	8.4	9.2	8.5	---	1022.9	0.00	0.0	0	0.00	0	0.032	0.000	20.2	43	7.2	19.1	8.25	1.2031	0.00	101	1	88.6	5
02/04/26	0:55	9.2	9.2	9.1	87	7.1	4.8	NNW	0.40	9.7	N	8.9	9.2	8.9	---	1022.9	0.00	0.0	0	0.00	0	0.032	0.000	20.2	43	7.2	19.0	8.25	1.2035	0.00	101	1	88.6	5
02/04/26	1:00	9.1	9.2	9.1	87	7.1	4.8	NNW	0.40	12.9	NNW	8.8	9.2	8.8	---	1022.8	0.00	0.0	0	0.00	0	0.032	0.000	20.2	43	7.2	19.0	8.25	1.2033	0.00	99	1	86.8	5
02/04/26	1:05	9.1	9.2	9.1	87	7.1	4.8	NNW	0.40	16.1	NNW	8.8	9.2	8.8	---	1022.8	0.00	0.0	0	0.00	0	0.032	0.000	20.2	43	7.2	19.0	8.25	1.2033	0.00	106	1	93.0	5
02/04/26	1:10	9.1	9.1	9.1	87	7.0	6.4	NNW	0.54	17.7	NNW	8.3	9.1	8.3	---	1022.8	0.00	0.0	0	0.00	0	0.032	0.000	20.2	43	7.2	19.0	8.25	1.2034	0.00	108	1	94.7	5
02/04/26	1:15	9.1	9.1	9.1	87	7.0	3.2	NNW	0.27	12.9	NNE	9.1	9.1	9.1	---	1022.8	0.00	0.0	0	0.00	0	0.032	0.000	20.2	43	7.2	19.0	8.25	1.2033	0.00	112	1	98.2	5
02/04/26	1:20	9.1	9.1	9.1	88	7.2	4.8	N	0.40	19.3	NNW	8.7	9.1	8.8	---	1022.8	0.00	0.0	0	0.00	0	0.032	0.000	20.2	43	7.2	19.0	8.25	1.2033	0.00	115	1	100.0	5
02/04/26	1:25	9.1	9.1	9.1	88	7.2	3.2	NNE	0.27	8.0	NNE	9.1	9.1	9.1	---	1022.7	0.00	0.0	0	0.00	0	0.032	0.000	20.2	43	7.2	19.0	8.25	1.2032	0.00	99	1	86.8	5
02/04/26	1:30	9.1	9.1	9.1	88	7.2	3.2	NNE	0.27	9.7	NNE	9.1	9.1	9.1	---	1022.7	0.00	0.0	0	0.00	0	0.032	0.000	20.2	43	7.2	19.0	8.25	1.2032	0.00	103	1	90.4	5
02/04/26	1:35	9.0	9.1	9.0	88	7.1	1.6	NE	0.13	6.4	NE	9.0	9.1	9.1	---	1022.8	0.00	0.0	0	0.00	0	0.032	0.000	20.2	43	7.2	19.0	8.25	1.2033	0.00	101	1	88.6	5
02/04/26	1:40	9.0	9.1	9.0	88	7.1	4.8	NNW	0.40	12.9	N	8.7	9.1	8.7	---	1022.8	0.00	0.0	0	0.00	0	0.032	0.000	20.2	43	7.2	19.0	8.25	1.2034	0.00	118	1	100.0	5
02/04/26	1:45	9.0	9.0	8.9	88	7.1	4.8	NNW	0.40	9.7	NNW	8.7	9.1	8.7	---	1022.7	0.00	0.0	0	0.00	0	0.032	0.000	20.2	43	7.2	19.0	8.25	1.2033	0.00	111	1	97.4	5
02/04/26	1:50	8.9	9.0	8.9	89	7.2	4.8	NNW	0.40	8.0	N	8.6	9.1	8.7	---	1022.7	0.00	0.0	0	0.00	0	0.033	0.000	20.2	43	7.2	19.0	8.25	1.2033	0.00	104	1	91.2	5
02/04/26	1:55	8.9	8.9	8.9	89	7.2	4.8	NNW	0.40	12.9	NW	8.6	9.1	8.7	---	1022.6	0.00	0.0	0	0.00	0	0.033	0.000	20.2	43	7.2	19.0	8.25	1.2031	0.00	105	1	92.1	5
02/04/26	2:00	8.9	8.9	8.9	89	7.2	3.2	N	0.27	16.1	NNW	8.9	9.0	9.0	---	1022.6	0.00	0.0	0	0.00	0	0.033	0.000	20.2	43	7.2	19.0	8.25	1.2031	0.00	97	1	85.1	5
02/04/26	2:05	8.9	8.9	8.8	89	7.2	1.6	NNW	0.13	6.4	NNW	8.9	9.0	9.0	---	1022.6	0.00	0.0	0	0.00	0	0.033	0.000	20.1	43	7.1	19.0	8.25	1.2033	0.00	106	1	93.0	5
02/04/26	2:10	8.9	8.9	8.8	89	7.2	3.2	N	0.27	8.0	NNW	8.9	9.0	9.0	---	1022.6	0.00	0.0	0	0.00	0	0.033	0.000	20.1	43	7.1	19.0	8.25	1.2033	0.00	107	1	93.9	5
02/04/26	2:15	8.8	8.9	8.8	89	7.1	3.2	N	0.27	8.0	NNW	8.8	8.9	8.9	---	1022.6	0.00	0.0	0	0.00	0	0.033	0.000	20.2	43	7.2	19.0	8.25	1.2031	0.00	101	1	88.6	5
02/04/26	2:20	8.8	8.8	8.8	89	7.1	3.2	NNW	0.27	8.0	N	8.8	8.9	8.9	---	1022.5	0.00	0.0	0	0.00	0	0.033	0.000	20.1	43	7.1	19.0	8.25	1.2032	0.00	104	1	91.2	5
02/04/26	2:25	8.8	8.8	8.8	89	7.1	4.8	NNW	0.40	9.7	NNE	8.5	8.9	8.6	---	1022.6	0.00	0.0	0	0.00	0	0.033	0.000	20.1	43	7.1	19.0	8.25	1.2033	0.00	103	1	90.4	5
02/04/26	2:30	8.8	8.8	8.8	89	7.1	1.6	NNE	0.13	6.4	NNE	8.8	8.9	8.9	---	1022.5	0.00	0.0	0	0.00	0	0.033	0.000	20.1	43	7.1	19.0	8.25	1.2032	0.00	104	1	91.2	5
02/04/26	2:35	8.8	8.8	8.8	89	7.1	1.6	N	0.13	4.8	NNW	8.8	8.9	8.9	---	1022.4	0.00	0.0	0	0.00	0	0.033	0.000	20.1	43	7.1	19.0	8.25	1.2032	0.00	100	1	87.7	5
02/04/26	2:40	8.7	8.8	8.7	90	7.2	3.2	NNW	0.27	8.0	NNW	8.7	8.8	8.8	---	1022.5	0.00	0.0	0	0.00	0	0.033	0.000	20.1	43	7.1	19.0	8.25	1.2032	0.00	94	1	82.5	5
02/04/26	2:45	8.8	8.8	8.7	90	7.2	4.8	NNW	0.40	9.7	NNW	8.4	8.9	8.6	---	1022.5	0.00	0.0	0	0.00	0	0.033	0.000	20.1	43	7.1	19.0	8.25	1.2032	0.00	93	1	81.6	5
02/04/26	2:50	8.8	8.8	8.7	90	7.2	4.8	NNW	0.40	9.7	NNW	8.4	8.9	8.6	---	1022.4	0.00	0.0	0	0.00	0	0.033	0.000	20.1	43	7.1	19.0	8.25	1.2031	0.00	100	1	87.7	5
02/04/26	2:55	8.8	8.8	8.7	90	7.2	3.2	NNW	0.27	8.0	NNW	8.8	8.9	8.9	---	1022.3	0.00	0.0	0	0.00	0	0.033	0.000	20.1	43	7.1	19.0	8.25	1.2030	0.00	97	1	85.1	5
02/04/26	3:00	8.8	8.8	8.7	90	7.2	3.2	NNW	0.27	8.0	NW	8.8	8.9	8.9	---	1022.2	0.00	0.0	0	0.00	0	0.033	0.000	20.1	43	7.1	19.0	8.25	1.2029	0.00	92	1	80.7	5
02/04/26	3:05	8.7	8.8	8.7	90	7.2	3.2	NNW	0.27	8.0	NNW	8.7	8.8	8.8	---	1022.2	0.00	0.0	0	0.00	0	0.033	0.000	20.1	43	7.1	18.9	8.25	1.2031	0.00	92	1	80.7	5
02/04/26	3:10	8.7	8.7	8.7	90	7.2	1.6	NNW	0.13	6.4	N	8.7	8.8	8.8	---	1021.9	0.00	0.0	0	0.00	0	0.033	0.000	20.1	43	7.1	18.9	8.25	1.2028	0.00	84	1	73.7	5
02/04/26	3:15	8.7	8.7	8.7	90	7.1	1.6	NNW	0.13	6.4	NNW	8.7	8.8	8.8	---	1022.0	0.00	0.0	0	0.00	0	0.034	0.000	20.1	43	7.1	19.0	8.25	1.2026	0.00	97	1	85.1	5
02/04/26	3:20	8.7	8.7	8.7	90	7.1	3.2	NNW	0.27	6.4	NNW	8.7	8.8	8.8	---	1021.8	0.00	0.0	0	0.00	0	0.034	0.000	20.1	43	7.1	18.9	8.25	1.2027	0.00	92	1	80.7	5
02/04/26	3:25	8.7	8.7	8.6	90	7.1	3.2	NNW	0.27	6.4	NNW	8.7	8.8	8.8	---	1021.7	0.00	0.0	0	0.00	0	0.034	0.000	20.1	43	7.1	18.9	8.25	1.2026	0.00	96	1	84.2	5
02/04/26	3:30	8.6	8.7	8.6	90	7.1	1.6	NNW	0.13	4.8	NNW	8.6	8.7	8.7	---	1021.7	0.00	0.0	0	0.00	0	0.034	0.000	20.1	43	7.1	18.9	8.25	1.2025	0.00	107	1	93.9	5
02/04/26	3:35	8.6	8.6	8.6	90	7.1	3.2	NNW	0.27	8.0	NNW	8.6	8.7	8.7	---	1021.5	0.00	0.0	0	0.00	0	0.034	0.000	20.1	43	7.1	18.9	8.25	1.2024	0.00	107	1	93.9	5
02/04/26	3:40	8.6	8.6	8.6	90	7.0	3.2	NNW	0.27	6.4	N	8.6	8.7	8.7	---	1021.5	0.00	0.0	0	0.00	0	0.034	0.000	20.1	43	7.1	18.9	8.25	1.2024	0.00	104	1	91.2	5
02/04/26	3:45	8.6	8.6	8.6	90	7.0	1.6	NNW	0.13	6.4	N	8.6	8.7	8.7	---	1021.5	0.00	0.0	0	0.00	0	0.034	0.000	20.1	43	7.1	18.9	8.25	1.2024	0.00	99	1	86.8	5
02/04/26	3:50	8.6	8.6	8.6	90	7.0	1.6	NNW	0.13	6.4	N	8.6	8.7	8.7	---	1021.4	0.00	0.0	0	0.00	0	0.034	0.000	20.1	43	7.1	18.9	8.25	1.2023	0.00	106	1	93.0	5
02/04/26	3:55	8.6	8.6	8.6	90	7.0	3.2	N	0.27	8.0	NNW	8.6	8.7	8.7	---	1021.4	0.00	0.0	0	0.00	0	0.034	0.000	20.1	43	7.1	18.9	8.25	1.2022	0.00	107	1	93.9	5
02/04/26	4:00	8.6	8.6	8.6	90	7.0	3.2	NNW	0.27	8.0	N	8.6	8.7	8.7	---	1021.4	0.00	0.0	0	0.00	0	0.034	0.000	20.1	43	7.1	18.9	8.25	1.2022	0.00	102	1	89.5	5
02/04/26	4:05	8.6	8.6	8.6	90	7.0	3.2	NNW	0.27	6.4	NNW	8.6	8.7	8.7	---	1021.4	0.00	0.0	0	0.00	0	0.034	0.000	20.1	43	7.1	18.9	8.25	1.2022	0.00	109	1	95.6	5
02/04/26	4:10	8.6	8.6	8.6	91	7.2	3.2	NNW	0.27	8.0	N	8.6	8.7	8.7	---	1021.3	0.00	0.0	0	0.00	0	0.034	0.000	20.1	43	7.1	18.9	8.25	1.2021	0.00	109	1	95.6	5
02/04/26	4:15	8.6	8.6	8.6	91	7.2	3.2	NNW	0.27	6.4	N	8.6	8.7	8.7	---	1021.4	0.00	0.0	0	0.00	0	0.034	0.000	20.1	43	7.1	18.9	8.25	1.2022	0.00	105	1	92.1	5
02/04/26	4:20	8.6	8.6	8.5	91	7.2	1.6	NNW	0.13	6.4	N	8.6	8.7	8.7	---	1021.4	0.00	0.0	0	0.00	0	0.034	0.000	20.1	43	7.1	18.9	8.25	1.2023	0.00	95	1	83.3	5
02/04/26	4:25	8.6	8.6	8.6	91	7.2	1.6	NNW	0.13	4.8	W	8.6	8.7	8.7	---	1021.3	0.00	0.0	0	0.00	0	0.034	0.000	20.1	43	7.1	18.9	8.25	1.2021	0.00	86	1	75.4	5
02/04/26	4:30	8.6	8.6	8.5	91	7.2	3.2	NNW	0.27	8.0	NNW	8.6	8.7	8.7	---	1021.2	0.00	0.0	0	0.00	0	0.034	0.000	20.1	43	7.1	18.9	8.25	1.2020	0.00	94	1	82.5	5
02/04/26	4:35	8.6	8.6	8.6	91	7.2	3.2	NNW	0.27	9.7	NNW	8.6	8.7	8.7	---	1021.3	0.00	0.0	0	0.00	0	0.034	0.000	20.1	43	7.1	18.9	8.25	1.2021	0.00	104	1	91.2	5
02/04/26	4:40	8.6	8.6	8.6	91	7.2	3.2	N	0.27	8.0	N	8.6	8.7	8.7	---	1021.3	0.00	0.0	0	0.00	0	0.034	0.000	20.1	43	7.1	18.9	8.25	1.2021	0.00	99	1	86.8	5
02/04/26	4:45	8.6	8.6	8.6	92	7.4	3.2	NNW	0.27	12.9	NNW	8.6	8.8	8.8	---	1021.3	0.00	0.0	0	0.00	0	0.034	0.000	20.1	43	7.1	18.9	8.25	1.2021	0.00	96	1	84.2	5
02/04/26	4:50	8.7	8.7	8.6	92	7.4	4.8	N	0.40	14.5	N	8.3	8.8	8.5	---	1021.3	0.00	0.0	0	0.00	0	0.034	0.000	20.0	43	7.0	18.9	8.25	1.2024	0.00	97	1	85.1	5
02/04/26	4:55	8.7	8.7	8.6	92	7.4	4.8	N	0.40	12.9	N	8.3	8.8	8.5	---	1021.2	0.00	0.0	0	0.00	0	0.034	0.000	20.1	43	7.1	18.9	8.25	1.2019	0.00	101	1	88.6	5
02/04/26	5:00	8.7	8.7	8.7	92	7.5	3.2	NNW	0.27	12.9	N	8.7	8.9	8.9	---	1021.2	0.00	0.0	0	0.00	0	0.033	0.000	20.0	43	7.0	18.9	8.25	1.2023	0.00	107	1	93.9	5
02/04/26	5:05	8.7	8.7	8.7	92	7.4	3.2	N	0.27	12.9	N	8.7	8.8	8.8	---	1021.3	0.00	0.0	0	0.00	0	0.034	0.000	20.0	43	7.0	18.9	8.25	1.2023	0.00	105	1	92.1	5
02/04/26	5:10	8.7	8.7	8.7	92	7.4	1.6	N	0.13	4.8	NNW	8.7	8.8	8.8	---	1021.1	0.00	0.0	0	0.00	0	0.034	0.000	20.1	43	7.1	18.9	8.25	1.2019	0.00	107	1	93.9	5
02/04/26	5:15	8.7	8.7	8.7	92	7.4	1.6	NNW	0.13	6.4	NNW	8.7	8.8	8.8	---	1021.2	0.00	0.0	0	0.00	0	0.034	0.000	20.0	43	7.0	18.9	8.25	1.2022	0.00	102	1	89.5	5
02/04/26	5:20	8.7	8.7	8.7	92	7.4	3.2	NNW	0.27	8.0	NW	8.7	8.8	8.8	---	1021.1	0.00	0.0	0	0.00	0	0.034	0.000	20.1	43	7.1	18.9	8.25	1.2019	0.00	85	1	74.6	5
02/04/26	5:25	8.7	8.7	8.7	92	7.5	1.6	NW	0.13	6.4	NNW	8.7	8.9	8.9	---	1021.1	0.00	0.0	0	0.00	0	0.033	0.000	20.0	43	7.0	18.9	8.25	1.2022	0.00	94	1	82.5	5
02/04/26	5:30	8.7	8.7	8.7	92	7.5	1.6	WNW	0.13	4.8	NNW	8.7	8.9	8.9	---	1021.1	0.00	0.0	0	0.00	0	0.033	0.000	20.0	43	7.0	18.9	8.25	1.2022	0.00	105	1	92.1	5
02/04/26	5:35	8.7	8.7	8.7	92	7.5	1.6	WNW	0.13	4.8	W	8.7	8.9	8.9	---	1021.2	0.00	0.0	0	0.00	0	0.033	0.000	20.0	43	7.0	18.9	8.25	1.2022	0.00	96	1	84.2	5
02/04/26	5:40	8.7	8.7	8.7	92	7.5	1.6	NW	0.13	4.8	W	8.7	8.9	8.9	---	1021.2	0.00	0.0	0	0.00	0	0.033	0.000	20.0	43	7.0	18.9	8.25	1.2022	0.00	103	1	90.4	5
02/04/26	5:45	8.7	8.7	8.7	92	7.5	3.2	NW	0.27	9.7	W	8.7	8.9	8.9	---	1021.1	0.00	0.0	0	0.00	0	0.033	0.000	19.9	43	7.0	18.8	8.25	1.2024	0.00	86	1	75.4	5
02/04/26	5:50	8.7	8.7	8.7	92	7.4	3.2	N	0.27	9.7	WNW	8.7	8.8	8.8	---	1021.2	0.00	0.0	0	0.00	0	0.034	0.000	20.0	43	7.0	18.9	8.25	1.2023	0.00	99	1	86.8	5
02/04/26	5:55	8.7	8.7	8.7	92	7.4	3.2	NNW	0.27	9.7	NW	8.7	8.8	8.8	---	1021.2	0.00	0.0	0	0.00	0	0.034	0.000	19.9	43	7.0	18.8	8.25	1.2025	0.00	90	1	78.9	5
02/04/26	6:00	8.7	8.7	8.7	92	7.4	3.2	NNW	0.27	6.4	NW	8.7	8.8	8.8	---	1021.2	0.00	0.0	0	0.00	0	0.034	0.000	19.9	43	7.0	18.8	8.25	1.2025	0.00	84	1	73.7	5
02/04/26	6:05	8.6	8.7	8.6	92	7.4	1.6	NNE	0.13	4.8	NNW	8.6	8.8	8.8	---	1021.1	0.00	0.0	0	0.00	0	0.034	0.000	20.0	44	7.4	18.9	8.35	1.2019	0.00	97	1	85.1	5
02/04/26	6:10	8.7	8.7	8.6	92	7.4	1.6	NNW	0.13	6.4	NW	8.7	8.8	8.8	---	1021.1	0.00	0.0	0	0.00	0	0.034	0.000	20.0	44	7.4	18.9	8.35	1.2018	0.00	99	1	86.8	5
02/04/26	6:15	8.7	8.7	8.6	92	7.4	1.6	N	0.13	6.4	N	8.7	8.8	8.8	---	1021.0	0.00	0.0	0	0.00	0	0.034	0.000	19.9	44	7.3	18.9	8.35	1.2020	0.00	80	1	70.2	5
02/04/26	6:20	8.7	8.7	8.6	92	7.4	1.6	WNW	0.13	4.8	NNW	8.7	8.8	8.8	---	1021.1	0.00	0.0	0	0.00	0	0.034	0.000	19.9	44	7.3	18.9	8.35	1.2021	0.00	99	1	86.8	5
02/04/26	6:25	8.6	8.7	8.6	92	7.4	1.6	N	0.13	6.4	NW	8.6	8.8	8.8	---	1021.1	0.00	0.0	0	0.00	0	0.034	0.000	20.0	44	7.4	18.9	8.35	1.2019	0.00	101	1	88.6	5
02/04/26	6:30	8.6	8.6	8.6	92	7.4	0.0	N	0.00	1.6	N	8.6	8.8	8.8	---	1021.1	0.00	0.0	0	0.00	0	0.034	0.000	19.9	44	7.3	18.9	8.35	1.2021	0.00	80	1	70.2	5
02/04/26	6:35	8.6	8.7	8.6	92	7.4	1.6	NW	0.13	6.4	NNW	8.6	8.8	8.8	---	1021.2	0.00	0.0	0	0.00	0	0.034	0.000	20.0	44	7.4	18.9	8.35	1.2020	0.00	89	1	78.1	5
02/04/26	6:40	8.6	8.7	8.6	92	7.4	1.6	NNE	0.13	6.4	N	8.6	8.8	8.8	---	1021.1	0.00	0.0	0	0.00	0	0.034	0.000	19.9	44	7.3	18.9	8.35	1.2021	0.00	91	1	79.8	5
02/04/26	6:45	8.6	8.6	8.6	92	7.4	0.0	NNE	0.00	4.8	NNE	8.6	8.8	8.8	---	1021.2	0.00	0.0	0	0.00	0	0.034	0.000	20.0	44	7.4	18.9	8.35	1.2020	0.00	86	1	75.4	5
02/04/26	6:50	8.6	8.7	8.6	93	7.5	1.6	ENE	0.13	4.8	ENE	8.6	8.8	8.8	---	1021.4	0.00	0.0	0	0.00	0	0.034	0.000	19.9	44	7.3	18.9	8.35	1.2024	0.00	105	1	92.1	5
02/04/26	6:55	8.7	8.7	8.6	93	7.6	0.0	ENE	0.00	1.6	ENE	8.7	8.8	8.8	---	1021.3	0.00	0.0	0	0.00	0	0.034	0.000	20.0	44	7.4	18.9	8.35	1.2021	0.00	114	1	100.0	5
02/04/26	7:00	8.7	8.7	8.7	93	7.6	0.0	ENE	0.00	1.6	ENE	8.7	8.8	8.8	---	1021.1	0.00	0.0	0	0.00	0	0.034	0.000	20.0	44	7.4	18.9	8.35	1.2019	0.00	111	1	97.4	5
02/04/26	7:05	8.7	8.7	8.7	93	7.7	1.6	NNE	0.13	8.0	N	8.7	8.9	8.9	---	1021.1	0.00	0.0	0	0.00	0	0.033	0.000	20.0	45	7.7	19.0	8.49	1.2016	0.00	117	1	100.0	5
02/04/26	7:10	8.7	8.8	8.7	93	7.7	3.2	NNW	0.27	11.3	N	8.7	8.9	8.9	---	1021.1	0.00	0.0	0	0.00	0	0.033	0.000	20.0	44	7.4	18.9	8.35	1.2019	0.00	115	1	100.0	5
02/04/26	7:15	8.8	8.8	8.7	92	7.5	3.2	N	0.27	8.0	NNW	8.8	8.9	8.9	---	1021.2	0.00	0.0	0	0.00	0	0.033	0.000	19.9	44	7.3	18.9	8.35	1.2022	0.00	114	1	100.0	5
02/04/26	7:20	8.8	8.8	8.7	93	7.7	3.2	NNE	0.27	8.0	NNW	8.8	8.9	8.9	---	1021.2	0.00	0.0	0	0.00	0	0.033	0.000	19.9	44	7.3	18.9	8.35	1.2022	0.00	117	1	100.0	5
02/04/26	7:25	8.8	8.8	8.8	93	7.7	0.0	NNE	0.00	1.6	NNE	8.8	8.9	8.9	---	1021.0	0.00	0.0	0	0.00	0	0.033	0.000	19.9	45	7.6	18.9	8.49	1.2018	0.00	117	1	100.0	5
02/04/26	7:30	8.8	8.8	8.8	93	7.7	0.0	NNW	0.00	4.8	NNW	8.8	8.9	8.9	---	1021.1	0.00	0.0	0	0.00	0	0.033	0.000	19.9	45	7.6	18.9	8.49	1.2018	0.00	117	1	100.0	5
02/04/26	7:35	8.8	8.8	8.8	93	7.7	0.0	---	0.00	0.0	---	8.8	8.9	8.9	---	1021.0	0.00	0.0	0	0.00	0	0.033	0.000	19.9	45	7.6	18.9	8.49	1.2017	0.00	115	1	100.0	5
02/04/26	7:40	8.8	8.8	8.8	93	7.8	1.6	NNW	0.13	4.8	NW	8.8	9.0	9.0	---	1021.1	0.00	0.0	0	0.00	0	0.033	0.000	19.9	45	7.6	18.9	8.49	1.2021	0.00	114	1	100.0	5
02/04/26	7:45	8.8	8.8	8.8	92	7.5	1.6	NNW	0.13	4.8	NNW	8.8	8.9	8.9	---	1021.1	0.00	0.0	0	0.00	0	0.033	0.000	19.9	45	7.6	18.9	8.49	1.2019	0.00	114	1	100.0	5
02/04/26	7:50	8.8	8.8	8.8	92	7.5	1.6	NNW	0.13	6.4	NNW	8.8	8.9	8.9	---	1021.0	0.00	0.0	0	0.00	0	0.033	0.000	19.9	45	7.6	18.9	8.49	1.2020	0.00	115	1	100.0	5
02/04/26	7:55	8.8	8.8	8.8	92	7.5	1.6	NNW	0.13	6.4	NNW	8.8	8.9	8.9	---	1021.0	0.00	0.0	0	0.00	0	0.033	0.000	19.9	45	7.6	18.9	8.49	1.2020	0.00	117	1	100.0	5
02/04/26	8:00	8.8	8.8	8.8	92	7.5	1.6	NNW	0.13	4.8	NNW	8.8	8.9	8.9	---	1021.2	0.00	0.0	0	0.00	0	0.033	0.000	19.9	45	7.6	18.9	8.49	1.2023	0.00	116	1	100.0	5
02/04/26	8:05	8.8	8.8	8.8	92	7.6	1.6	NNE	0.13	4.8	NE	8.8	9.0	9.0	---	1021.2	0.00	0.0	0	0.00	0	0.033	0.000	19.9	45	7.6	18.9	8.49	1.2023	0.00	117	1	100.0	5
02/04/26	8:10	8.8	8.8	8.8	92	7.6	1.6	NNW	0.13	4.8	NW	8.8	9.0	9.0	---	1021.2	0.00	0.0	0	0.00	0	0.033	0.000	19.9	45	7.6	18.9	8.49	1.2023	0.00	116	1	100.0	5
02/04/26	8:15	8.8	8.9	8.8	92	7.6	1.6	N	0.13	6.4	NNE	8.8	9.0	9.0	---	1021.3	0.00	0.0	0	0.00	0	0.033	0.000	19.9	45	7.6	18.9	8.49	1.2023	0.00	115	1	100.0	5
02/04/26	8:20	8.8	8.9	8.8	92	7.6	3.2	N	0.27	9.7	NNE	8.8	9.0	9.0	---	1021.3	0.00	0.0	0	0.00	0	0.033	0.000	19.9	45	7.6	18.9	8.49	1.2024	0.00	114	1	100.0	5
02/04/26	8:25	8.9	8.9	8.8	92	7.7	3.2	N	0.27	8.0	N	8.9	9.1	9.1	---	1021.3	0.00	0.0	0	0.00	0	0.033	0.000	19.8	45	7.5	18.8	8.50	1.2026	0.00	116	1	100.0	5
02/04/26	8:30	8.9	8.9	8.9	92	7.7	1.6	NNW	0.13	6.4	N	8.9	9.1	9.1	---	1021.3	0.00	0.0	1	0.01	5	0.033	0.000	19.8	45	7.5	18.8	8.50	1.2026	0.00	117	1	100.0	5
02/04/26	8:35	8.9	8.9	8.9	92	7.7	1.6	N	0.13	6.4	NNW	8.9	9.1	9.1	---	1021.4	0.00	0.0	7	0.05	11	0.033	0.000	19.9	45	7.6	18.9	8.49	1.2024	0.00	117	1	100.0	5
02/04/26	8:40	8.9	8.9	8.9	92	7.7	3.2	NNW	0.27	6.4	NNW	8.9	9.1	9.1	---	1021.5	0.00	0.0	11	0.08	11	0.033	0.000	19.8	46	7.9	18.8	8.65	1.2026	0.00	117	1	100.0	5
02/04/26	8:45	8.9	8.9	8.9	92	7.7	3.2	NNW	0.27	8.0	NNW	8.9	9.1	9.1	---	1021.5	0.00	0.0	13	0.09	16	0.033	0.000	19.8	46	7.9	18.8	8.65	1.2026	0.00	116	1	100.0	5
02/04/26	8:50	8.9	8.9	8.9	92	7.7	1.6	NNW	0.13	4.8	NNW	8.9	9.1	9.1	---	1021.4	0.00	0.0	18	0.13	21	0.033	0.000	19.8	46	7.9	18.8	8.65	1.2025	0.00	115	1	100.0	5
02/04/26	8:55	8.9	8.9	8.9	92	7.7	3.2	NNW	0.27	8.0	NNW	8.9	9.1	9.1	---	1021.5	0.00	0.0	25	0.18	25	0.033	0.000	19.8	46	7.9	18.8	8.65	1.2026	0.00	114	1	100.0	5
02/04/26	9:00	8.9	8.9	8.9	92	7.7	1.6	NNW	0.13	6.4	NNW	8.9	9.1	9.1	---	1021.5	0.00	0.0	39	0.28	49	0.033	0.000	19.8	46	7.9	18.8	8.65	1.2026	0.00	114	1	100.0	5
02/04/26	9:05	8.9	9.0	8.9	92	7.7	1.6	NNW	0.13	8.0	N	8.9	9.1	9.1	---	1021.5	0.00	0.0	50	0.36	53	0.033	0.000	19.8	46	7.9	18.8	8.65	1.2026	0.00	117	1	100.0	5
02/04/26	9:10	9.1	9.1	8.9	92	7.8	0.0	N	0.00	4.8	N	9.1	9.2	9.2	---	1021.7	0.00	0.0	42	0.30	44	0.032	0.000	19.8	46	7.9	18.8	8.65	1.2028	0.00	117	1	100.0	5
02/04/26	9:15	9.1	9.1	9.0	92	7.8	3.2	NW	0.27	8.0	NNE	9.1	9.2	9.2	---	1021.7	0.00	0.0	56	0.40	69	0.032	0.000	19.8	46	7.9	18.8	8.65	1.2029	0.00	118	1	100.0	5
02/04/26	9:20	9.1	9.1	9.1	92	7.8	3.2	WNW	0.27	8.0	NNE	9.1	9.2	9.2	---	1021.8	0.00	0.0	77	0.55	83	0.032	0.000	19.8	46	7.9	18.8	8.65	1.2030	0.00	117	1	100.0	5
02/04/26	9:25	9.1	9.1	9.1	92	7.9	3.2	NNW	0.27	6.4	NW	9.1	9.3	9.3	---	1021.7	0.00	0.0	69	0.49	76	0.032	0.000	19.8	46	7.9	18.8	8.65	1.2028	0.00	114	1	100.0	5
02/04/26	9:30	9.1	9.1	9.1	92	7.8	3.2	W	0.27	12.9	WNW	9.1	9.2	9.2	---	1021.8	0.00	0.0	73	0.52	76	0.032	0.000	19.8	46	7.9	18.8	8.65	1.2030	0.00	115	1	100.0	5
02/04/26	9:35	9.1	9.1	9.1	92	7.8	3.2	WNW	0.27	11.3	W	9.1	9.2	9.2	---	1021.8	0.00	0.0	75	0.54	86	0.032	0.000	19.8	46	7.9	18.8	8.65	1.2030	0.00	117	1	100.0	5
02/04/26	9:40	9.1	9.1	9.1	92	7.8	3.2	NNW	0.27	9.7	W	9.1	9.2	9.2	---	1022.0	0.00	0.0	108	0.77	120	0.032	0.000	19.9	46	7.9	18.9	8.65	1.2029	0.00	117	1	100.0	5
02/04/26	9:45	9.2	9.2	9.1	93	8.1	1.6	WNW	0.13	9.7	W	9.2	9.4	9.4	---	1022.0	0.00	0.0	88	0.63	104	0.032	0.000	19.8	46	7.9	18.8	8.65	1.2032	0.00	117	1	100.0	5
02/04/26	9:50	9.2	9.3	9.2	93	8.1	1.6	WNW	0.13	6.4	NNW	9.2	9.4	9.4	---	1021.9	0.00	0.0	73	0.52	77	0.032	0.000	19.8	46	7.9	18.8	8.65	1.2031	0.00	116	1	100.0	5
02/04/26	9:55	9.2	9.2	9.1	92	7.9	4.8	N	0.40	12.9	NNW	8.9	9.3	9.1	---	1022.0	0.00	0.0	84	0.60	86	0.032	0.000	19.9	46	7.9	18.9	8.65	1.2029	0.00	113	1	99.1	5
02/04/26	10:00	9.2	9.2	9.1	93	8.1	1.6	NNE	0.13	6.4	NNE	9.2	9.4	9.4	---	1022.1	0.00	0.0	97	0.70	100	0.032	0.000	19.9	47	8.2	18.9	8.79	1.2027	0.05	115	1	100.0	5
02/04/26	10:05	9.3	9.3	9.2	93	8.2	1.6	NNW	0.13	4.8	NNW	9.3	9.5	9.5	---	1022.1	0.00	0.0	117	0.84	137	0.031	0.000	19.9	47	8.2	18.9	8.79	1.2027	0.00	113	1	99.1	5
02/04/26	10:10	9.3	9.3	9.2	93	8.3	3.2	WNW	0.27	6.4	W	9.3	9.6	9.6	---	1022.1	0.00	0.0	127	0.91	142	0.031	0.000	19.9	47	8.2	18.9	8.79	1.2027	0.00	117	1	100.0	5
02/04/26	10:15	9.3	9.3	9.3	93	8.2	4.8	W	0.40	11.3	NW	9.0	9.5	9.2	---	1022.0	0.00	0.0	127	0.91	144	0.031	0.000	19.9	47	8.2	18.9	8.79	1.2027	0.00	115	1	100.0	5
02/04/26	10:20	9.4	9.4	9.3	93	8.3	3.2	WNW	0.27	8.0	N	9.4	9.6	9.6	---	1022.1	0.00	0.0	182	1.30	202	0.031	0.000	19.9	47	8.2	18.9	8.79	1.2027	0.00	118	1	100.0	5
02/04/26	10:25	9.4	9.4	9.3	93	8.4	3.2	NNE	0.27	11.3	NNE	9.4	9.7	9.7	---	1022.2	0.00	0.0	158	1.13	165	0.031	0.000	19.9	47	8.2	18.9	8.79	1.2029	0.00	116	1	100.0	5
02/04/26	10:30	9.4	9.4	9.4	93	8.3	4.8	NNW	0.40	8.0	NNW	9.1	9.6	9.3	---	1022.3	0.00	0.0	141	1.01	146	0.031	0.000	19.9	47	8.3	19.1	8.79	1.2027	0.00	114	1	100.0	5
02/04/26	10:35	9.4	9.4	9.4	93	8.3	4.8	NNW	0.40	9.7	NNW	9.1	9.6	9.3	---	1022.4	0.00	0.0	164	1.18	190	0.031	0.000	19.9	47	8.3	19.1	8.79	1.2028	0.00	113	1	99.1	5
02/04/26	10:40	9.4	9.4	9.4	93	8.3	3.2	N	0.27	8.0	NW	9.4	9.6	9.6	---	1022.5	0.00	0.0	163	1.17	181	0.031	0.000	19.9	47	8.3	19.1	8.79	1.2029	0.00	116	1	100.0	5
02/04/26	10:45	9.5	9.5	9.4	93	8.4	3.2	NNE	0.27	8.0	NNW	9.5	9.7	9.7	---	1022.5	0.00	0.0	191	1.37	214	0.031	0.000	19.9	47	8.3	19.1	8.79	1.2029	0.00	115	1	100.0	5
02/04/26	10:50	9.4	9.5	9.4	92	8.2	4.8	NNW	0.40	12.9	NNW	9.2	9.7	9.4	---	1022.5	0.00	0.0	197	1.41	237	0.031	0.000	19.9	47	8.3	19.1	8.79	1.2029	0.00	116	1	100.0	5
02/04/26	10:55	9.5	9.6	9.4	92	8.3	3.2	WNW	0.27	9.7	WNW	9.5	9.7	9.7	---	1022.6	0.00	0.0	200	1.43	237	0.031	0.000	20.0	47	8.3	19.1	8.79	1.2028	0.00	116	1	100.0	5
02/04/26	11:00	9.5	9.6	9.5	92	8.3	3.2	NNW	0.27	12.9	NW	9.5	9.7	9.7	---	1022.7	0.00	0.0	152	1.09	162	0.031	0.000	20.0	47	8.3	19.1	8.79	1.2029	0.08	116	1	100.0	5
02/04/26	11:05	9.6	9.6	9.4	92	8.3	4.8	NNW	0.40	14.5	NNW	9.3	9.8	9.5	---	1022.6	0.00	0.0	142	1.02	151	0.030	0.000	19.9	47	8.3	19.1	8.79	1.2031	0.00	114	1	100.0	5
02/04/26	11:10	9.5	9.5	9.4	92	8.3	4.8	NNW	0.40	12.9	NNW	9.2	9.7	9.4	---	1022.7	0.00	0.0	175	1.25	192	0.031	0.000	20.0	47	8.3	19.1	8.79	1.2030	0.00	115	1	100.0	5
02/04/26	11:15	9.6	9.6	9.5	92	8.3	4.8	NNW	0.40	9.7	NNW	9.3	9.8	9.5	---	1022.7	0.00	0.0	216	1.55	258	0.030	0.000	20.0	47	8.3	19.1	8.79	1.2029	0.00	117	1	100.0	5
02/04/26	11:20	9.5	9.6	9.5	92	8.3	4.8	NNW	0.40	12.9	NNW	9.2	9.7	9.4	---	1022.8	0.00	0.0	235	1.68	264	0.031	0.000	20.0	48	8.7	19.1	8.89	1.2028	0.00	117	1	100.0	5
02/04/26	11:25	9.6	9.6	9.4	93	8.5	4.8	NNW	0.40	9.7	N	9.3	9.8	9.5	---	1022.9	0.00	0.0	215	1.54	230	0.030	0.000	20.0	48	8.7	19.1	8.89	1.2028	0.00	118	1	100.0	5
02/04/26	11:30	9.7	9.7	9.6	93	8.6	1.6	NNW	0.13	4.8	N	9.7	9.9	9.9	---	1023.0	0.00	0.0	168	1.20	185	0.030	0.000	20.0	48	8.7	19.1	8.89	1.2030	0.00	115	1	100.0	5
02/04/26	11:35	9.7	9.7	9.7	93	8.6	1.6	NNW	0.13	4.8	N	9.7	9.9	9.9	---	1022.9	0.00	0.0	129	0.92	155	0.030	0.000	20.0	48	8.7	19.1	8.89	1.2029	0.00	114	1	100.0	5
02/04/26	11:40	9.6	9.7	9.6	93	8.5	1.6	NNW	0.13	6.4	NNW	9.6	9.8	9.8	---	1023.0	0.00	0.0	146	1.05	155	0.030	0.000	20.0	48	8.7	19.1	8.89	1.2030	0.00	115	1	100.0	5
02/04/26	11:45	9.6	9.7	9.6	93	8.5	1.6	NNE	0.13	4.8	ENE	9.6	9.8	9.8	---	1023.0	0.00	0.0	180	1.29	216	0.030	0.000	20.0	48	8.7	19.1	8.89	1.2030	0.00	117	1	100.0	5
02/04/26	11:50	9.4	9.6	9.4	93	8.4	0.0	NE	0.00	3.2	NNE	9.4	9.7	9.7	---	1023.0	0.00	0.0	219	1.57	234	0.031	0.000	20.1	48	8.7	19.2	8.89	1.2028	0.00	117	1	100.0	5
02/04/26	11:55	9.4	9.5	9.4	93	8.4	0.0	---	0.00	0.0	---	9.4	9.7	9.7	---	1023.2	0.00	0.0	249	1.78	262	0.031	0.000	20.1	48	8.7	19.2	8.89	1.2030	0.00	116	1	100.0	5
02/04/26	12:00	9.5	9.5	9.4	93	8.4	0.0	---	0.00	0.0	---	9.5	9.7	9.7	---	1023.1	0.00	0.0	223	1.60	236	0.031	0.000	20.1	48	8.7	19.2	8.89	1.2029	0.10	117	1	100.0	5
02/04/26	12:05	9.4	9.5	9.4	93	8.4	0.0	---	0.00	0.0	---	9.4	9.7	9.7	---	1023.3	0.00	0.0	202	1.45	207	0.031	0.000	20.1	48	8.7	19.2	8.89	1.2030	0.00	115	1	100.0	5
02/04/26	12:10	9.4	9.5	9.4	94	8.5	0.0	---	0.00	0.0	---	9.4	9.7	9.7	---	1023.2	0.00	0.0	176	1.26	195	0.031	0.000	20.1	48	8.7	19.2	8.89	1.2029	0.00	114	1	100.0	5
02/04/26	12:15	9.6	9.6	9.4	94	8.7	0.0	---	0.00	0.0	---	9.6	9.9	9.9	---	1023.3	0.00	0.0	171	1.23	172	0.030	0.000	20.1	48	8.7	19.2	8.89	1.2030	0.00	117	1	100.0	5
02/04/26	12:20	9.7	9.7	9.6	94	8.7	0.0	---	0.00	0.0	---	9.7	9.9	9.9	---	1023.2	0.00	0.0	158	1.13	165	0.030	0.000	20.1	48	8.7	19.2	8.89	1.2030	0.00	117	1	100.0	5
02/04/26	12:25	9.7	9.7	9.6	94	8.8	0.0	---	0.00	0.0	---	9.7	10.0	10.0	---	1023.3	0.00	0.0	196	1.40	221	0.030	0.000	20.1	48	8.7	19.2	8.89	1.2030	0.00	117	1	100.0	5
02/04/26	12:30	9.7	9.7	9.7	94	8.8	0.0	---	0.00	0.0	---	9.7	10.0	10.0	---	1023.1	0.00	0.0	183	1.31	183	0.030	0.000	20.2	48	8.9	19.3	8.88	1.2020	0.00	20	1	17.5	5
02/04/26	12:35	---	---	---	94	---	0.0	---	0.00	0.0	---	---	---	---	---	1022.9	0.00	0.0	183	1.31	183	---	---	20.6	48	9.2	19.7	8.87	1.1999	0.00	0	1	0.0	5
02/04/26	12:40	---	---	---	---	---	0.0	---	0.00	0.0	---	---	---	---	---	1023.0	0.00	0.0	---	---	---	---	---	20.6	48	9.2	19.7	8.87	1.2000	0.00	0	1	0.0	5
02/04/26	12:45	---	---	---	---	---	0.0	---	0.00	0.0	---	---	---	---	---	1023.0	0.00	0.0	---	---	---	---	---	20.6	49	9.5	19.7	9.07	1.1999	0.00	0	1	0.0	5
02/04/26	12:50	---	---	---	---	---	0.0	---	0.00	0.0	---	---	---	---	---	1022.9	0.00	0.0	---	---	---	---	---	20.6	49	9.5	19.7	9.07	1.1998	0.00	0	1	0.0	5
02/04/26	12:55	---	---	---	---	---	0.0	---	0.00	0.0	---	---	---	---	---	1022.9	0.00	0.0	---	---	---	---	---	20.8	49	9.7	19.9	9.06	1.1985	0.00	0	1	0.0	5
02/04/26	13:00	---	---	---	---	---	0.0	---	0.00	0.0	---	---	---	---	---	1023.0	0.00	0.0	---	---	---	---	---	20.8	49	9.7	19.8	9.06	1.1988	0.00	0	1	0.0	5
02/04/26	13:05	---	---	---	---	---	0.0	---	0.00	0.0	---	---	---	---	---	1022.9	0.00	0.0	---	---	---	---	---	20.8	49	9.7	19.9	9.06	1.1985	0.00	0	1	0.0	5
02/04/26	13:10	---	---	---	---	---	0.0	---	0.00	0.0	---	---	---	---	---	1022.8	0.00	0.0	---	---	---	---	---	20.9	50	10.1	20.0	9.26	1.1977	0.00	0	1	0.0	5
02/04/26	13:15	---	---	---	---	---	0.0	---	0.00	0.0	---	---	---	---	---	1022.7	0.00	0.0	---	---	---	---	---	21.0	49	9.9	20.1	9.05	1.1975	0.00	0	1	0.0	5
02/04/26	13:20	---	---	---	---	---	0.0	---	0.00	0.0	---	---	---	---	---	1022.8	0.00	0.0	---	---	---	---	---	21.1	50	10.2	20.1	9.25	1.1970	0.00	0	1	0.0	5
02/04/26	13:25	---	---	---	---	---	0.0	---	0.00	0.0	---	---	---	---	---	1022.7	0.00	0.0	---	---	---	---	---	21.1	50	10.3	20.2	9.25	1.1966	0.00	0	1	0.0	5
02/04/26	13:30	---	---	---	---	---	0.0	---	0.00	0.0	---	---	---	---	---	1022.7	0.00	0.0	---	---	---	---	---	21.4	50	10.5	20.6	9.25	1.1951	0.00	0	1	0.0	5
02/04/26	13:35	---	---	---	---	---	0.0	---	0.00	0.0	---	---	---	---	---	1022.6	0.00	0.0	---	---	---	---	---	21.4	50	10.5	20.6	9.25	1.1950	0.00	0	1	0.0	5
02/04/26	13:40	---	---	---	---	---	0.0	---	0.00	0.0	---	---	---	---	---	1022.6	0.00	0.0	---	---	---	---	---	21.4	50	10.6	20.6	9.25	1.1947	0.00	0	1	0.0	5
02/04/26	13:45	---	---	---	---	---	0.0	---	0.00	0.0	---	---	---	---	---	1022.5	0.00	0.0	---	---	---	---	---	21.7	49	10.5	20.9	9.05	1.1939	0.00	0	1	0.0	5
02/04/26	13:50	---	---	---	---	---	0.0	---	0.00	0.0	---	---	---	---	---	1022.5	0.00	0.0	---	---	---	---	---	21.7	50	10.8	20.9	9.25	1.1935	0.00	0	1	0.0	5
02/04/26	13:55	---	---	---	---	---	0.0	---	0.00	0.0	---	---	---	---	---	1022.5	0.00	0.0	---	---	---	---	---	21.7	50	10.8	20.9	9.25	1.1936	0.00	0	1	0.0	5
02/04/26	14:00	12.5	12.5	12.5	88	10.6	6.4	N	0.54	6.4	NNE	12.3	12.5	12.3	---	1022.5	0.00	0.0	---	---	---	0.020	0.000	21.8	50	10.9	21.1	9.25	1.1930	0.00	11	1	9.6	5
02/04/26	14:05	12.3	12.5	12.3	86	10.0	4.8	NE	0.40	12.9	NNW	12.3	12.2	12.2	---	1022.5	0.00	0.0	400	2.87	413	0.021	0.000	21.8	50	10.9	21.2	9.25	1.1927	0.00	117	1	100.0	5
02/04/26	14:10	12.2	12.3	12.2	87	10.1	9.7	NNW	0.80	19.3	NNW	11.3	12.2	11.3	---	1022.6	0.00	0.0	357	2.56	404	0.021	0.000	21.8	50	10.9	21.2	9.25	1.1928	0.00	113	1	99.1	5
02/04/26	14:15	12.1	12.2	12.1	87	10.0	4.8	N	0.40	14.5	NNW	12.1	12.1	12.1	---	1022.5	0.00	0.0	411	2.95	427	0.022	0.000	21.8	49	10.6	21.1	9.05	1.1931	0.00	115	1	100.0	5
02/04/26	14:20	12.2	12.2	12.2	87	10.1	4.8	NW	0.40	11.3	WNW	12.2	12.2	12.2	---	1022.5	0.00	0.0	380	2.72	408	0.021	0.000	21.8	49	10.6	21.1	9.05	1.1934	0.00	117	1	100.0	5
02/04/26	14:25	12.3	12.3	12.2	87	10.2	3.2	NNW	0.27	12.9	NNW	12.3	12.3	12.3	---	1022.5	0.00	0.0	496	3.56	508	0.021	0.000	21.7	49	10.5	20.9	9.05	1.1935	0.00	117	1	100.0	5
02/04/26	14:30	12.6	12.6	12.4	87	10.5	6.4	NW	0.54	12.9	W	12.4	12.6	12.3	---	1022.5	0.00	0.0	561	4.02	578	0.020	0.000	21.8	49	10.6	21.1	9.05	1.1933	0.00	117	1	100.0	5
02/04/26	14:35	12.7	12.8	12.6	85	10.2	6.4	W	0.54	12.9	W	12.4	12.6	12.3	---	1022.3	0.00	0.0	426	3.05	438	0.020	0.000	21.7	49	10.5	20.9	9.05	1.1934	0.00	112	1	98.2	5
02/04/26	14:40	12.6	12.7	12.6	84	10.0	4.8	WNW	0.40	11.3	NW	12.6	12.5	12.5	---	1022.3	0.00	0.0	417	2.99	459	0.020	0.000	21.7	49	10.5	20.9	9.05	1.1933	0.00	115	1	100.0	5
02/04/26	14:45	12.8	12.8	12.6	85	10.4	3.2	NNW	0.27	6.4	SW	12.8	12.7	12.7	---	1022.4	0.00	0.0	444	3.18	559	0.019	0.000	21.7	49	10.5	20.9	9.05	1.1937	0.00	117	1	100.0	5
02/04/26	14:50	13.0	13.0	12.8	84	10.4	4.8	NE	0.40	12.9	N	13.0	12.9	12.9	---	1022.3	0.00	0.0	769	5.51	918	0.019	0.000	21.7	49	10.5	20.9	9.05	1.1933	0.00	117	1	100.0	5
02/04/26	14:55	12.8	13.1	12.8	81	9.7	8.0	NNW	0.67	14.5	NNW	12.3	12.7	12.2	---	1022.3	0.00	0.0	530	3.80	631	0.019	0.000	21.7	49	10.5	20.9	9.05	1.1933	0.00	117	1	100.0	5
02/04/26	15:00	13.0	13.0	12.8	82	10.0	8.0	NNW	0.67	16.1	NNW	12.6	12.8	12.4	---	1022.3	0.00	0.0	498	3.57	545	0.019	0.000	21.7	48	10.2	20.9	8.87	1.1937	0.23	117	1	100.0	5
02/04/26	15:05	13.1	13.1	12.9	81	9.9	6.4	NNW	0.54	14.5	NNW	12.9	12.9	12.7	---	1022.2	0.00	0.0	426	3.05	441	0.018	0.000	21.7	48	10.2	20.9	8.87	1.1935	0.00	113	1	99.1	5
02/04/26	15:10	13.2	13.3	13.1	81	10.0	4.8	NNE	0.40	9.7	NNW	13.2	13.1	13.1	---	1022.2	0.00	0.0	411	2.95	436	0.018	0.000	21.7	48	10.2	20.9	8.87	1.1935	0.00	115	1	100.0	5
02/04/26	15:15	13.8	13.8	13.3	80	10.4	4.8	NNW	0.40	12.9	N	13.8	13.6	13.6	---	1022.2	0.00	0.0	438	3.14	459	0.016	0.000	21.7	48	10.2	20.9	8.87	1.1936	0.00	110	1	96.5	5
02/04/26	15:20	13.6	13.8	13.6	80	10.2	6.4	NNW	0.54	14.5	NNW	13.6	13.4	13.4	---	1022.1	0.00	0.0	399	2.86	399	0.016	0.000	21.7	48	10.2	20.9	8.87	1.1934	0.00	110	1	96.5	5
02/04/26	15:25	13.6	13.6	13.6	80	10.2	6.4	NNW	0.54	14.5	NNW	13.6	13.4	13.4	---	1022.2	0.00	0.0	504	3.61	504	0.016	0.000	21.8	48	10.3	21.1	8.88	1.1930	0.00	38	1	33.3	5
02/04/26	15:30	---	---	---	80	---	0.0	---	0.00	0.0	---	---	---	---	---	1022.0	0.00	0.0	504	3.61	504	---	---	22.1	48	10.6	21.4	8.89	1.1914	0.00	0	1	0.0	5
02/04/26	15:35	---	---	---	---	---	0.0	---	0.00	0.0	---	---	---	---	---	1022.1	0.00	0.0	---	---	---	---	---	22.3	47	10.4	21.6	8.75	1.1910	0.00	0	1	0.0	5
02/04/26	15:40	---	---	---	---	---	0.0	---	0.00	0.0	---	---	---	---	---	1022.0	0.00	0.0	---	---	---	---	---	22.2	48	10.6	21.6	8.89	1.1911	0.00	0	1	0.0	5
02/04/26	15:45	---	---	---	---	---	0.0	---	0.00	0.0	---	---	---	---	---	1022.1	0.00	0.0	---	---	---	---	---	22.2	48	10.7	21.6	8.89	1.1910	0.00	0	1	0.0	5
02/04/26	15:50	---	---	---	---	---	0.0	---	0.00	0.0	---	---	---	---	---	1021.9	0.00	0.0	---	---	---	---	---	22.4	48	10.8	21.8	8.90	1.1899	0.00	0	1	0.0	5
02/04/26	15:55	---	---	---	---	---	0.0	---	0.00	0.0	---	---	---	---	---	1021.8	0.00	0.0	---	---	---	---	---	22.3	48	10.8	21.8	8.89	1.1901	0.00	0	1	0.0	5
02/04/26	16:00	---	---	---	---	---	0.0	---	0.00	0.0	---	---	---	---	---	1021.8	0.00	0.0	---	---	---	---	---	22.3	47	10.5	21.7	8.75	1.1903	0.00	0	1	0.0	5
02/04/26	16:05	14.6	14.6	14.6	75	10.2	4.8	NE	0.40	8.0	NNE	14.6	14.2	14.2	---	1021.8	0.00	0.0	466	3.34	466	0.013	0.000	22.3	47	10.5	21.7	8.75	1.1904	0.00	18	1	15.8	5
02/04/26	16:10	14.6	14.7	14.6	73	9.8	6.4	NE	0.54	14.5	NNE	14.6	14.2	14.2	---	1021.7	0.00	0.0	310	2.22	339	0.013	0.000	22.3	47	10.4	21.6	8.75	1.1905	0.00	117	1	100.0	5
02/04/26	16:15	14.6	14.6	14.5	74	10.0	3.2	NNW	0.27	11.3	N	14.6	14.2	14.2	---	1021.7	0.00	0.0	513	3.68	788	0.013	0.000	22.3	47	10.4	21.6	8.75	1.1905	0.00	116	1	100.0	5
02/04/26	16:20	14.7	14.8	14.6	74	10.1	9.7	NNW	0.80	22.5	NNW	14.3	14.3	13.9	---	1021.6	0.00	0.0	697	5.00	726	0.013	0.000	22.3	47	10.5	21.7	8.75	1.1902	0.00	117	1	100.0	5
02/04/26	16:25	14.6	14.8	14.6	74	10.0	9.7	NNW	0.80	20.9	NNW	14.2	14.2	13.8	---	1021.6	0.00	0.0	645	4.62	657	0.013	0.000	22.3	47	10.5	21.7	8.75	1.1901	0.00	115	1	100.0	5
02/04/26	16:30	14.9	14.9	14.6	75	10.5	6.4	NW	0.54	17.7	NE	14.9	14.6	14.6	---	1021.5	0.00	0.0	639	4.58	645	0.012	0.000	22.3	47	10.5	21.7	8.75	1.1901	0.00	114	1	100.0	5
02/04/26	16:35	15.2	15.2	14.9	73	10.4	6.4	N	0.54	17.7	W	15.2	14.8	14.8	---	1021.6	0.00	0.0	673	4.82	722	0.011	0.000	22.3	47	10.5	21.7	8.75	1.1901	0.00	114	1	100.0	5
02/04/26	16:40	15.2	15.2	15.1	73	10.4	9.7	N	0.80	17.7	NNW	14.9	14.8	14.5	---	1021.6	0.00	0.0	556	3.99	708	0.011	0.000	22.3	47	10.5	21.7	8.75	1.1901	0.00	115	1	100.0	5
02/04/26	16:45	14.9	15.2	14.9	71	9.7	11.3	NNW	0.94	24.1	NNW	14.4	14.5	13.9	---	1021.6	0.00	0.0	244	1.75	253	0.012	0.000	22.4	47	10.5	21.8	8.75	1.1898	0.00	116	1	100.0	5
02/04/26	16:50	14.9	14.9	14.9	73	10.1	6.4	NE	0.54	17.7	N	14.9	14.6	14.6	---	1021.6	0.00	0.0	209	1.50	229	0.012	0.000	22.4	47	10.5	21.8	8.75	1.1899	0.00	118	1	100.0	5
02/04/26	16:55	14.6	14.9	14.6	74	10.0	12.9	NNW	1.07	25.7	NNW	13.5	14.2	13.1	---	1021.6	0.00	0.0	160	1.15	185	0.013	0.000	22.4	47	10.5	21.8	8.75	1.1899	0.00	110	1	96.5	5
02/04/26	17:00	14.2	14.5	14.2	75	9.9	9.7	NNW	0.80	24.1	NNW	13.7	13.9	13.4	---	1021.6	0.00	0.0	148	1.06	153	0.014	0.000	22.4	47	10.5	21.8	8.75	1.1899	0.30	112	1	98.2	5
02/04/26	17:05	14.0	14.2	14.0	74	9.4	8.0	NNW	0.67	17.7	NW	13.7	13.6	13.3	---	1021.6	0.00	0.0	147	1.05	162	0.015	0.000	22.4	47	10.5	21.8	8.75	1.1899	0.00	112	1	98.2	5
02/04/26	17:10	14.1	14.1	13.9	75	9.7	8.0	N	0.67	17.7	N	13.8	13.7	13.4	---	1021.7	0.00	0.0	351	2.52	606	0.015	0.000	22.4	47	10.5	21.8	8.75	1.1900	0.00	116	1	100.0	5
02/04/26	17:15	14.7	14.7	14.1	74	10.1	6.4	NNW	0.54	16.1	WNW	14.7	14.3	14.3	---	1021.5	0.00	0.0	562	4.03	589	0.013	0.000	22.4	47	10.5	21.8	8.75	1.1898	0.00	116	1	100.0	5
02/04/26	17:20	15.2	15.2	14.7	69	9.5	6.4	NE	0.54	14.5	NW	15.2	14.7	14.7	---	1021.5	0.00	0.0	535	3.83	540	0.011	0.000	22.4	46	10.2	21.7	8.60	1.1900	0.00	112	1	98.2	5
02/04/26	17:25	15.3	15.3	15.1	69	9.7	3.2	NNW	0.27	8.0	N	15.3	14.8	14.8	---	1021.3	0.00	0.0	527	3.78	527	0.010	0.000	22.6	46	10.3	22.0	8.60	1.1890	0.00	29	1	25.4	5
02/04/26	17:30	---	---	---	69	---	0.0	---	0.00	0.0	---	---	---	---	---	1021.1	0.00	0.0	527	3.78	527	---	---	22.8	46	10.6	22.4	8.59	1.1874	0.00	0	1	0.0	5
02/04/26	17:35	---	---	---	---	---	0.0	---	0.00	0.0	---	---	---	---	---	1021.2	0.00	0.0	---	---	---	---	---	22.9	45	10.4	22.5	8.45	1.1873	0.00	0	1	0.0	5
02/04/26	17:40	---	---	---	---	---	0.0	---	0.00	0.0	---	---	---	---	---	1021.2	0.00	0.0	---	---	---	---	---	22.8	45	10.2	22.3	8.45	1.1881	0.00	0	1	0.0	5
02/04/26	17:45	---	---	---	---	---	0.0	---	0.00	0.0	---	---	---	---	---	1021.1	0.00	0.0	---	---	---	---	---	22.8	45	10.2	22.3	8.45	1.1880	0.00	0	1	0.0	5
02/04/26	17:50	---	---	---	---	---	0.0	---	0.00	0.0	---	---	---	---	---	1021.0	0.00	0.0	---	---	---	---	---	22.8	44	9.9	22.3	8.29	1.1880	0.00	0	1	0.0	5
02/04/26	17:55	---	---	---	---	---	0.0	---	0.00	0.0	---	---	---	---	---	1021.1	0.00	0.0	---	---	---	---	---	22.8	44	9.9	22.3	8.29	1.1881	0.00	0	1	0.0	5
02/04/26	18:00	---	---	---	---	---	0.0	---	0.00	0.0	---	---	---	---	---	1021.0	0.00	0.0	---	---	---	---	---	22.8	44	9.9	22.3	8.29	1.1880	0.00	0	1	0.0	5
02/04/26	18:05	14.6	14.6	14.6	69	9.0	3.2	N	0.27	4.8	N	14.6	14.1	14.1	---	1021.1	0.00	0.0	102	0.73	102	0.013	0.000	22.8	44	9.9	22.2	8.29	1.1884	0.00	19	1	16.7	5
02/04/26	18:10	14.6	14.6	14.5	67	8.5	8.0	NNW	0.67	17.7	NNW	14.3	14.0	13.8	---	1021.3	0.00	0.0	222	1.59	343	0.013	0.000	22.7	43	9.4	22.0	8.14	1.1894	0.00	117	1	100.0	5
02/04/26	18:15	14.8	14.8	14.6	67	8.7	8.0	NNW	0.67	29.0	NNW	14.6	14.2	14.1	---	1021.0	0.00	0.0	326	2.34	332	0.012	0.000	22.6	43	9.3	21.8	8.15	1.1896	0.00	116	1	100.0	5
02/04/26	18:20	14.9	14.9	14.8	66	8.6	6.4	N	0.54	14.5	NNW	14.9	14.3	14.3	---	1021.2	0.00	0.0	314	2.25	325	0.012	0.000	22.4	43	9.2	21.7	8.15	1.1904	0.00	113	1	99.1	5
02/04/26	18:25	14.9	14.9	14.9	64	8.2	9.7	N	0.80	24.1	NNW	14.6	14.3	13.9	---	1021.1	0.00	0.0	252	1.81	302	0.012	0.000	22.4	43	9.2	21.6	8.16	1.1906	0.00	115	1	100.0	5
02/04/26	18:30	14.7	14.9	14.7	65	8.2	9.7	NE	0.80	16.1	NE	14.3	14.1	13.7	---	1021.2	0.00	0.0	60	0.43	69	0.013	0.000	22.3	43	9.1	21.4	8.17	1.1912	0.00	116	1	100.0	5
02/04/26	18:35	14.4	14.7	14.4	66	8.2	6.4	NNE	0.54	17.7	NNE	14.4	13.8	13.8	---	1021.2	0.00	0.0	49	0.35	53	0.014	0.000	22.2	43	9.0	21.3	8.17	1.1918	0.00	110	1	96.5	5
02/04/26	18:40	14.4	14.4	14.3	66	8.2	9.7	NE	0.80	19.3	NNE	14.0	13.8	13.4	---	1021.3	0.00	0.0	229	1.64	251	0.014	0.000	22.1	43	8.9	21.2	8.18	1.1921	0.00	108	1	94.7	5
02/04/26	18:45	14.6	14.6	14.4	67	8.5	6.4	NE	0.54	14.5	NE	14.6	14.1	14.1	---	1021.2	0.00	0.0	236	1.69	244	0.013	0.000	22.1	43	8.9	21.1	8.18	1.1923	0.00	114	1	100.0	5
02/04/26	18:50	14.7	14.7	14.6	66	8.4	8.0	NNE	0.67	17.7	NE	14.5	14.1	13.9	---	1021.3	0.00	0.0	240	1.72	241	0.013	0.000	21.9	43	8.8	20.9	8.19	1.1929	0.00	109	1	95.6	5
02/04/26	18:55	14.7	14.7	14.7	65	8.2	9.7	NNE	0.80	22.5	NNE	14.3	14.1	13.7	---	1021.3	0.00	0.0	210	1.51	237	0.013	0.000	21.9	43	8.7	20.9	8.19	1.1933	0.00	113	1	99.1	5
02/04/26	19:00	14.7	14.8	14.7	64	8.0	9.7	N	0.80	19.3	NNW	14.3	14.1	13.7	---	1021.4	0.00	0.0	198	1.42	206	0.013	0.000	21.8	43	8.7	20.8	8.20	1.1936	0.18	114	1	100.0	5
02/04/26	19:05	14.7	14.8	14.7	66	8.4	8.0	NNW	0.67	16.1	NW	14.6	14.1	13.9	---	1021.4	0.00	0.0	187	1.34	193	0.013	0.000	21.8	43	8.6	20.7	8.20	1.1939	0.00	116	1	100.0	5
02/04/26	19:10	14.7	14.7	14.7	66	8.4	6.4	NNE	0.54	16.1	N	14.7	14.1	14.1	---	1021.5	0.00	0.0	165	1.18	176	0.013	0.000	21.7	43	8.6	20.7	8.21	1.1942	0.00	116	1	100.0	5
02/04/26	19:15	14.5	14.7	14.5	67	8.4	6.4	NNE	0.54	17.7	NE	14.5	13.9	13.9	---	1021.5	0.00	0.0	120	0.86	135	0.013	0.000	21.7	43	8.5	20.6	8.21	1.1946	0.00	114	1	100.0	5
02/04/26	19:20	14.3	14.5	14.3	67	8.3	8.0	NNW	0.67	16.1	NE	14.1	13.8	13.6	---	1021.6	0.00	0.0	115	0.82	123	0.014	0.000	21.6	43	8.5	20.5	8.21	1.1950	0.00	114	1	100.0	5
02/04/26	19:25	14.2	14.3	14.2	67	8.1	6.4	NNE	0.54	14.5	NNE	14.2	13.6	13.6	---	1021.6	0.00	0.0	99	0.71	114	0.014	0.000	21.6	43	8.4	20.4	8.22	1.1952	0.00	115	1	100.0	5
02/04/26	19:30	13.9	14.2	13.9	66	7.7	11.3	N	0.94	22.5	N	13.2	13.3	12.6	---	1021.7	0.00	0.0	65	0.47	88	0.015	0.000	21.6	43	8.4	20.4	8.22	1.1953	0.00	113	1	99.1	5
02/04/26	19:35	13.7	13.9	13.7	66	7.5	8.0	N	0.67	17.7	NE	13.4	13.1	12.8	---	1021.6	0.00	0.0	57	0.41	62	0.016	0.000	21.5	43	8.4	20.3	8.22	1.1955	0.00	115	1	100.0	5
02/04/26	19:40	13.6	13.7	13.6	67	7.6	9.7	N	0.80	19.3	NNW	13.0	13.1	12.4	---	1021.8	0.00	0.0	65	0.47	69	0.016	0.000	21.4	43	8.3	20.3	8.23	1.1959	0.00	112	1	98.2	5
02/04/26	19:45	13.5	13.6	13.5	67	7.5	9.7	NNE	0.80	19.3	N	12.9	12.9	12.3	---	1021.9	0.00	0.0	67	0.48	69	0.017	0.000	21.4	44	8.7	20.3	8.34	1.1958	0.00	107	1	93.9	5
02/04/26	19:50	13.4	13.5	13.4	68	7.7	9.7	NNE	0.80	19.3	N	12.8	12.9	12.2	---	1021.9	0.00	0.0	53	0.38	60	0.017	0.000	21.4	44	8.6	20.3	8.34	1.1961	0.00	110	1	96.5	5
02/04/26	19:55	13.2	13.4	13.2	68	7.4	9.7	N	0.80	22.5	NNE	12.6	12.7	12.0	---	1021.9	0.00	0.0	36	0.26	42	0.018	0.000	21.4	44	8.6	20.3	8.34	1.1961	0.00	115	1	100.0	5
02/04/26	20:00	13.1	13.3	13.1	69	7.5	9.7	NNE	0.80	19.3	NNE	12.3	12.6	11.8	---	1021.9	0.00	0.0	25	0.18	25	0.018	0.000	21.4	44	8.6	20.3	8.34	1.1961	0.05	114	1	100.0	5
02/04/26	20:05	12.9	13.1	12.9	69	7.4	9.7	N	0.80	17.7	NW	12.2	12.4	11.7	---	1022.0	0.00	0.0	21	0.15	23	0.019	0.000	21.3	44	8.6	20.2	8.34	1.1965	0.00	114	1	100.0	5
02/04/26	20:10	12.8	12.9	12.8	70	7.4	8.0	N	0.67	19.3	N	12.3	12.3	11.8	---	1022.0	0.00	0.0	17	0.12	18	0.019	0.000	21.3	44	8.5	20.1	8.34	1.1968	0.00	113	1	99.1	5
02/04/26	20:15	12.6	12.7	12.6	70	7.3	9.7	NNE	0.80	20.9	N	11.8	12.2	11.3	---	1022.0	0.00	0.0	13	0.09	14	0.020	0.000	21.3	44	8.5	20.1	8.34	1.1967	0.00	109	1	95.6	5
02/04/26	20:20	12.5	12.6	12.5	70	7.2	8.0	NNE	0.67	22.5	NNW	11.9	12.1	11.5	---	1022.2	0.00	0.0	8	0.06	11	0.020	0.000	21.2	44	8.5	20.1	8.35	1.1972	0.00	111	1	97.4	5
02/04/26	20:25	12.3	12.5	12.3	70	7.0	8.0	N	0.67	16.1	NNW	11.7	11.9	11.3	---	1022.3	0.00	0.0	4	0.03	5	0.021	0.000	21.2	44	8.5	20.1	8.35	1.1973	0.00	115	1	100.0	5
02/04/26	20:30	12.2	12.3	12.2	71	7.1	8.0	N	0.67	16.1	NE	11.6	11.8	11.2	---	1022.2	0.00	0.0	0	0.00	0	0.021	0.000	21.2	44	8.4	19.9	8.35	1.1975	0.00	112	1	98.2	5
02/04/26	20:35	11.9	12.2	11.9	71	6.8	4.8	N	0.40	16.1	N	11.9	11.6	11.6	---	1022.2	0.00	0.0	0	0.00	0	0.022	0.000	21.2	44	8.4	19.9	8.35	1.1975	0.00	116	1	100.0	5
02/04/26	20:40	11.8	11.9	11.8	72	6.9	6.4	N	0.54	12.9	NNW	11.4	11.4	11.1	---	1022.3	0.00	0.0	0	0.00	0	0.023	0.000	21.2	44	8.4	19.9	8.35	1.1976	0.00	113	1	99.1	5
02/04/26	20:45	11.6	11.8	11.6	72	6.7	6.4	N	0.54	16.1	NNW	11.2	11.3	10.9	---	1022.4	0.00	0.0	0	0.00	0	0.023	0.000	21.1	44	8.4	19.9	8.35	1.1980	0.00	114	1	100.0	5
02/04/26	20:50	11.4	11.6	11.4	73	6.7	8.0	NNE	0.67	14.5	NNW	10.7	11.1	10.3	---	1022.4	0.00	0.0	0	0.00	0	0.024	0.000	21.1	44	8.3	19.8	8.35	1.1983	0.00	110	1	96.5	5
02/04/26	20:55	11.3	11.4	11.3	72	6.4	8.0	N	0.67	17.7	NNW	10.5	10.9	10.2	---	1022.4	0.00	0.0	0	0.00	0	0.024	0.000	21.1	44	8.3	19.8	8.35	1.1983	0.00	115	1	100.0	5
02/04/26	21:00	11.1	11.3	11.1	72	6.3	6.4	N	0.54	17.7	NNW	10.7	10.8	10.3	---	1022.5	0.00	0.0	0	0.00	0	0.025	0.000	21.1	44	8.3	19.8	8.35	1.1983	0.00	117	1	100.0	5
02/04/26	21:05	11.0	11.1	11.0	72	6.1	4.8	NNE	0.40	16.1	NNW	10.9	10.7	10.6	---	1022.6	0.00	0.0	0	0.00	0	0.025	0.000	21.0	44	8.3	19.8	8.35	1.1988	0.00	116	1	100.0	5
02/04/26	21:10	10.8	11.0	10.8	73	6.2	6.4	N	0.54	14.5	NNW	10.3	10.6	10.1	---	1022.6	0.00	0.0	0	0.00	0	0.026	0.000	21.0	44	8.3	19.8	8.35	1.1988	0.00	118	1	100.0	5
02/04/26	21:15	10.7	10.9	10.7	73	6.1	4.8	N	0.40	12.9	N	10.6	10.4	10.3	---	1022.5	0.00	0.0	0	0.00	0	0.026	0.000	20.9	44	8.2	19.7	8.35	1.1989	0.00	115	1	100.0	5
02/04/26	21:20	10.6	10.7	10.6	74	6.1	4.8	N	0.40	14.5	NNW	10.4	10.3	10.2	---	1022.5	0.00	0.0	0	0.00	0	0.027	0.000	20.9	44	8.2	19.7	8.35	1.1989	0.00	115	1	100.0	5
02/04/26	21:25	10.4	10.6	10.4	74	6.0	4.8	N	0.40	12.9	NNW	10.3	10.2	10.1	---	1022.7	0.00	0.0	0	0.00	0	0.028	0.000	20.9	44	8.2	19.7	8.35	1.1994	0.00	114	1	100.0	5
02/04/26	21:30	10.3	10.4	10.3	74	5.8	4.8	N	0.40	9.7	N	10.2	10.1	10.0	---	1022.7	0.00	0.0	0	0.00	0	0.028	0.000	20.9	44	8.2	19.7	8.35	1.1994	0.00	116	1	100.0	5
02/04/26	21:35	10.2	10.3	10.2	74	5.7	6.4	NNW	0.54	12.9	NNW	9.6	10.0	9.4	---	1022.8	0.00	0.0	0	0.00	0	0.028	0.000	20.9	44	8.2	19.7	8.35	1.1995	0.00	117	1	100.0	5
02/04/26	21:40	10.1	10.2	10.1	74	5.6	4.8	NNW	0.40	9.7	NNW	9.9	9.9	9.7	---	1022.7	0.00	0.0	0	0.00	0	0.029	0.000	20.9	44	8.2	19.7	8.35	1.1994	0.00	117	1	100.0	5
02/04/26	21:45	9.9	10.1	9.9	74	5.5	4.8	N	0.40	9.7	N	9.7	9.7	9.6	---	1022.7	0.00	0.0	0	0.00	0	0.029	0.000	20.8	44	8.1	19.7	8.35	1.1997	0.00	115	1	100.0	5
02/04/26	21:50	9.8	9.9	9.8	74	5.4	4.8	N	0.40	11.3	N	9.6	9.6	9.4	---	1022.7	0.00	0.0	0	0.00	0	0.030	0.000	20.8	44	8.1	19.7	8.35	1.1997	0.00	114	1	100.0	5
02/04/26	21:55	9.7	9.8	9.7	74	5.3	4.8	N	0.40	9.7	NNW	9.4	9.5	9.3	---	1022.8	0.00	0.0	0	0.00	0	0.030	0.000	20.8	44	8.1	19.7	8.35	1.1998	0.00	112	1	98.2	5
02/04/26	22:00	9.6	9.7	9.6	74	5.1	3.2	N	0.27	6.4	NNE	9.6	9.4	9.4	---	1022.7	0.00	0.0	0	0.00	0	0.030	0.000	20.8	44	8.1	19.7	8.35	1.1997	0.00	113	1	99.1	5
02/04/26	22:05	9.4	9.6	9.4	74	5.0	3.2	N	0.27	6.4	NNW	9.4	9.3	9.3	---	1022.7	0.00	0.0	0	0.00	0	0.031	0.000	20.8	44	8.1	19.7	8.35	1.1997	0.00	117	1	100.0	5
02/04/26	22:10	9.4	9.4	9.4	74	5.0	4.8	N	0.40	9.7	NNW	9.1	9.2	8.9	---	1022.8	0.00	0.0	0	0.00	0	0.031	0.000	20.8	44	8.1	19.6	8.35	1.2000	0.00	117	1	100.0	5
02/04/26	22:15	9.3	9.4	9.3	74	4.9	3.2	N	0.27	8.0	NNW	9.3	9.2	9.2	---	1022.7	0.00	0.0	0	0.00	0	0.031	0.000	20.7	44	8.0	19.6	8.35	1.2003	0.00	118	1	100.0	5
02/04/26	22:20	9.2	9.3	9.2	74	4.8	4.8	NNW	0.40	8.0	NNW	8.9	9.1	8.8	---	1022.9	0.00	0.0	0	0.00	0	0.032	0.000	20.7	44	8.0	19.6	8.35	1.2005	0.00	116	1	100.0	5
02/04/26	22:25	9.2	9.3	9.2	74	4.8	3.2	N	0.27	8.0	N	9.2	9.0	9.0	---	1022.9	0.00	0.0	0	0.00	0	0.032	0.000	20.7	44	8.0	19.6	8.35	1.2005	0.00	114	1	100.0	5
02/04/26	22:30	9.0	9.1	9.0	75	4.8	4.8	NNW	0.40	8.0	NNW	8.7	8.8	8.5	---	1022.9	0.00	0.0	0	0.00	0	0.032	0.000	20.7	44	8.0	19.6	8.35	1.2005	0.00	113	1	99.1	5
02/04/26	22:35	8.9	9.0	8.9	75	4.7	3.2	N	0.27	8.0	NNW	8.9	8.7	8.7	---	1022.9	0.00	0.0	0	0.00	0	0.033	0.000	20.7	44	8.0	19.6	8.35	1.2005	0.00	115	1	100.0	5
02/04/26	22:40	8.8	8.9	8.8	75	4.6	3.2	N	0.27	9.7	N	8.8	8.6	8.6	---	1023.0	0.00	0.0	0	0.00	0	0.033	0.000	20.7	44	8.0	19.6	8.35	1.2006	0.00	115	1	100.0	5
02/04/26	22:45	8.7	8.8	8.7	76	4.7	3.2	NNW	0.27	9.7	NW	8.7	8.6	8.6	---	1023.0	0.00	0.0	0	0.00	0	0.033	0.000	20.7	44	8.0	19.5	8.35	1.2009	0.00	117	1	100.0	5
02/04/26	22:50	8.6	8.7	8.6	76	4.6	4.8	N	0.40	12.9	NNW	8.2	8.4	8.1	---	1023.1	0.00	0.0	0	0.00	0	0.034	0.000	20.7	44	8.0	19.5	8.35	1.2010	0.00	116	1	100.0	5
02/04/26	22:55	8.5	8.6	8.5	76	4.5	4.8	NNW	0.40	9.7	NW	8.1	8.3	7.9	---	1022.9	0.00	0.0	0	0.00	0	0.034	0.000	20.7	44	8.0	19.5	8.35	1.2007	0.00	116	1	100.0	5
02/04/26	23:00	8.3	8.5	8.3	76	4.3	4.8	N	0.40	12.9	N	7.9	8.2	7.8	---	1022.9	0.00	0.0	0	0.00	0	0.035	0.000	20.7	44	8.0	19.5	8.35	1.2008	0.00	115	1	100.0	5
02/04/26	23:05	8.3	8.4	8.3	77	4.5	4.8	NNW	0.40	9.7	NW	7.9	8.1	7.7	---	1023.0	0.00	0.0	0	0.00	0	0.035	0.000	20.6	44	7.9	19.4	8.35	1.2012	0.00	113	1	99.1	5
02/04/26	23:10	8.2	8.3	8.2	77	4.4	3.2	NNW	0.27	6.4	NNW	8.2	8.0	8.0	---	1023.0	0.00	0.0	0	0.00	0	0.035	0.000	20.6	44	7.9	19.4	8.35	1.2012	0.00	117	1	100.0	5
02/04/26	23:15	8.1	8.2	8.1	77	4.3	3.2	NNW	0.27	8.0	NNW	8.1	7.9	7.9	---	1023.0	0.00	0.0	0	0.00	0	0.036	0.000	20.6	44	7.9	19.4	8.35	1.2011	0.00	117	1	100.0	5
02/04/26	23:20	8.0	8.1	7.9	78	4.4	4.8	NNW	0.40	8.0	NNW	7.6	7.8	7.4	---	1022.9	0.00	0.0	0	0.00	0	0.036	0.000	20.6	44	7.9	19.4	8.35	1.2010	0.00	117	1	100.0	5
02/04/26	23:25	7.9	8.0	7.9	78	4.3	4.8	NNW	0.40	8.0	N	7.5	7.8	7.3	---	1023.0	0.00	0.0	0	0.00	0	0.036	0.000	20.6	44	7.9	19.4	8.35	1.2011	0.00	117	1	100.0	5
02/04/26	23:30	7.8	7.9	7.8	78	4.2	3.2	NNW	0.27	6.4	NNW	7.8	7.7	7.7	---	1022.9	0.00	0.0	0	0.00	0	0.036	0.000	20.6	44	7.9	19.4	8.35	1.2013	0.00	117	1	100.0	5
02/04/26	23:35	7.7	7.8	7.7	78	4.1	3.2	NNW	0.27	8.0	NNW	7.7	7.5	7.5	---	1022.8	0.00	0.0	0	0.00	0	0.037	0.000	20.6	44	7.9	19.4	8.35	1.2012	0.00	115	1	100.0	5
02/04/26	23:40	7.6	7.7	7.6	79	4.2	3.2	NNW	0.27	8.0	NNW	7.6	7.5	7.5	---	1022.9	0.00	0.0	0	0.00	0	0.037	0.000	20.6	44	7.9	19.4	8.35	1.2013	0.00	113	1	99.1	5
02/04/26	23:45	7.6	7.6	7.5	79	4.1	3.2	NNW	0.27	6.4	N	7.6	7.4	7.4	---	1022.9	0.00	0.0	0	0.00	0	0.037	0.000	20.6	44	7.9	19.4	8.35	1.2013	0.00	115	1	100.0	5
02/04/26	23:50	7.5	7.6	7.5	79	4.1	3.2	N	0.27	6.4	NNW	7.5	7.4	7.4	---	1022.9	0.00	0.0	0	0.00	0	0.038	0.000	20.6	44	7.9	19.4	8.35	1.2013	0.00	116	1	100.0	5
02/04/26	23:55	7.3	7.5	7.3	80	4.1	1.6	NNW	0.13	4.8	NNW	7.3	7.2	7.2	---	1023.0	0.00	0.0	0	0.00	0	0.038	0.000	20.6	44	7.9	19.4	8.35	1.2014	0.00	117	1	100.0	5
03/04/26	00:00	7.3	7.3	7.3	80	4.1	1.6	NNW	0.13	4.8	NNW	7.3	7.2	7.2	---	1023.0	0.00	0.0	0	0.00	0	0.038	0.000	20.6	44	7.9	19.4	8.35	1.2014	0.00	116	1	100.0	5
03/04/26	0:05	7.3	7.3	7.3	80	4.1	1.6	NNW	0.13	6.4	NNW	7.3	7.2	7.2	---	1023.0	0.00	0.0	0	0.00	0	0.038	0.000	20.6	44	7.9	19.4	8.35	1.2014	0.00	116	1	100.0	5
03/04/26	0:10	7.2	7.3	7.2	80	4.0	3.2	NW	0.27	4.8	NW	7.2	7.1	7.1	---	1023.0	0.00	0.0	0	0.00	0	0.039	0.000	20.5	44	7.8	19.3	8.35	1.2016	0.00	117	1	100.0	5
03/04/26	0:15	7.2	7.3	7.2	80	4.0	1.6	NNW	0.13	4.8	NW	7.2	7.1	7.1	---	1022.9	0.00	0.0	0	0.00	0	0.039	0.000	20.5	44	7.8	19.3	8.35	1.2016	0.00	113	1	99.1	5
03/04/26	0:20	7.2	7.2	7.1	81	4.1	0.0	---	0.00	0.0	---	7.2	7.1	7.1	---	1022.9	0.00	0.0	0	0.00	0	0.039	0.000	20.5	44	7.8	19.3	8.35	1.2016	0.00	114	1	100.0	5
03/04/26	0:25	7.1	7.2	7.1	81	4.0	0.0	---	0.00	0.0	---	7.1	6.9	6.9	---	1022.9	0.00	0.0	0	0.00	0	0.039	0.000	20.5	44	7.8	19.3	8.35	1.2016	0.00	118	1	100.0	5
03/04/26	0:30	7.1	7.1	7.1	81	4.0	0.0	WNW	0.00	3.2	WNW	7.1	6.9	6.9	---	1023.1	0.00	0.0	0	0.00	0	0.039	0.000	20.5	44	7.8	19.3	8.35	1.2018	0.00	116	1	100.0	5
03/04/26	0:35	7.1	7.1	7.1	81	4.0	0.0	NW	0.00	3.2	NW	7.1	6.9	6.9	---	1023.0	0.00	0.0	0	0.00	0	0.039	0.000	20.5	44	7.8	19.3	8.35	1.2016	0.00	116	1	100.0	5
03/04/26	0:40	6.9	7.1	6.9	81	3.9	0.0	NW	0.00	1.6	NW	6.9	6.8	6.8	---	1022.9	0.00	0.0	0	0.00	0	0.040	0.000	20.5	44	7.8	19.3	8.35	1.2016	0.00	117	1	100.0	5
03/04/26	0:45	6.9	6.9	6.9	82	4.1	0.0	NW	0.00	1.6	NW	6.9	6.8	6.8	---	1022.9	0.00	0.0	0	0.00	0	0.040	0.000	20.4	44	7.8	19.3	8.35	1.2018	0.00	117	1	100.0	5
03/04/26	0:50	6.9	6.9	6.9	82	4.0	0.0	NW	0.00	1.6	NW	6.9	6.8	6.8	---	1022.8	0.00	0.0	0	0.00	0	0.040	0.000	20.4	44	7.8	19.3	8.35	1.2017	0.00	114	1	100.0	5
03/04/26	0:55	6.8	6.9	6.8	82	4.0	0.0	---	0.00	0.0	---	6.8	6.7	6.7	---	1022.7	0.00	0.0	0	0.00	0	0.040	0.000	20.4	44	7.8	19.3	8.35	1.2016	0.00	114	1	100.0	5
03/04/26	1:00	6.7	6.8	6.7	82	3.9	0.0	---	0.00	0.0	---	6.7	6.6	6.6	---	1022.8	0.00	0.0	0	0.00	0	0.040	0.000	20.4	44	7.8	19.3	8.35	1.2017	0.00	114	1	100.0	5
03/04/26	1:05	6.6	6.7	6.6	82	3.8	0.0	---	0.00	0.0	---	6.6	6.5	6.5	---	1022.9	0.00	0.0	0	0.00	0	0.041	0.000	20.4	44	7.8	19.3	8.35	1.2018	0.00	117	1	100.0	5
03/04/26	1:10	6.5	6.6	6.5	82	3.6	0.0	---	0.00	0.0	---	6.5	6.4	6.4	---	1022.9	0.00	0.0	0	0.00	0	0.041	0.000	20.4	44	7.8	19.3	8.35	1.2018	0.00	116	1	100.0	5
03/04/26	1:15	6.3	6.5	6.3	83	3.7	0.0	---	0.00	0.0	---	6.3	6.2	6.2	---	1022.9	0.00	0.0	0	0.00	0	0.042	0.000	20.4	44	7.8	19.3	8.35	1.2018	0.00	116	1	100.0	5
03/04/26	1:20	6.3	6.3	6.3	84	3.8	0.0	---	0.00	0.0	---	6.3	6.3	6.3	---	1023.0	0.00	0.0	0	0.00	0	0.042	0.000	20.4	44	7.8	19.3	8.35	1.2019	0.00	116	1	100.0	5
03/04/26	1:25	6.2	6.3	6.2	84	3.7	0.0	---	0.00	0.0	---	6.2	6.2	6.2	---	1022.8	0.00	0.0	0	0.00	0	0.042	0.000	20.4	44	7.8	19.3	8.35	1.2017	0.00	117	1	100.0	5
03/04/26	1:30	6.2	6.2	6.2	84	3.7	0.0	---	0.00	0.0	---	6.2	6.2	6.2	---	1022.9	0.00	0.0	0	0.00	0	0.042	0.000	20.4	44	7.7	19.3	8.35	1.2021	0.00	116	1	100.0	5
03/04/26	1:35	6.2	6.2	6.1	85	3.8	0.0	---	0.00	0.0	---	6.2	6.1	6.1	---	1022.8	0.00	0.0	0	0.00	0	0.042	0.000	20.4	44	7.8	19.3	8.35	1.2017	0.00	113	1	99.1	5
03/04/26	1:40	6.4	6.4	6.2	85	4.1	0.0	---	0.00	0.0	---	6.4	6.4	6.4	---	1023.0	0.00	0.0	0	0.00	0	0.041	0.000	20.4	44	7.8	19.3	8.35	1.2019	0.00	115	1	100.0	5
03/04/26	1:45	6.5	6.5	6.4	84	4.0	0.0	NNW	0.00	4.8	NNW	6.5	6.4	6.4	---	1023.1	0.00	0.0	0	0.00	0	0.041	0.000	20.4	44	7.8	19.3	8.35	1.2020	0.00	117	1	100.0	5
03/04/26	1:50	6.4	6.5	6.4	84	3.9	1.6	WNW	0.13	4.8	NW	6.4	6.4	6.4	---	1023.1	0.00	0.0	0	0.00	0	0.041	0.000	20.4	44	7.7	19.3	8.35	1.2023	0.00	116	1	100.0	5
03/04/26	1:55	6.4	6.5	6.4	84	3.9	0.0	---	0.00	0.0	---	6.4	6.3	6.3	---	1023.0	0.00	0.0	0	0.00	0	0.041	0.000	20.4	44	7.7	19.3	8.35	1.2023	0.00	115	1	100.0	5
03/04/26	2:00	6.2	6.4	6.2	85	3.9	0.0	---	0.00	0.0	---	6.2	6.2	6.2	---	1023.1	0.00	0.0	0	0.00	0	0.042	0.000	20.4	44	7.7	19.3	8.35	1.2023	0.00	117	1	100.0	5
03/04/26	2:05	6.2	6.2	6.2	85	3.8	0.0	---	0.00	0.0	---	6.2	6.1	6.1	---	1023.1	0.00	0.0	0	0.00	0	0.042	0.000	20.4	44	7.7	19.3	8.35	1.2023	0.00	117	1	100.0	5
03/04/26	2:10	6.1	6.2	6.1	86	3.9	1.6	WSW	0.13	3.2	W	6.1	6.1	6.1	---	1023.0	0.00	0.0	0	0.00	0	0.042	0.000	20.4	44	7.7	19.3	8.35	1.2023	0.00	116	1	100.0	5
03/04/26	2:15	6.1	6.2	6.1	86	3.9	1.6	W	0.13	4.8	WNW	6.1	6.1	6.1	---	1023.0	0.00	0.0	0	0.00	0	0.042	0.000	20.4	44	7.7	19.3	8.35	1.2022	0.00	113	1	99.1	5
03/04/26	2:20	6.1	6.2	6.1	86	3.9	0.0	---	0.00	0.0	---	6.1	6.1	6.1	---	1022.9	0.00	0.0	0	0.00	0	0.042	0.000	20.4	44	7.7	19.3	8.35	1.2021	0.00	115	1	100.0	5
03/04/26	2:25	6.0	6.1	6.0	85	3.7	0.0	---	0.00	0.0	---	6.0	5.9	5.9	---	1022.9	0.00	0.0	0	0.00	0	0.043	0.000	20.4	44	7.7	19.3	8.35	1.2021	0.00	117	1	100.0	5
03/04/26	2:30	5.9	6.0	5.9	86	3.8	0.0	---	0.00	0.0	---	5.9	5.9	5.9	---	1023.1	0.00	0.0	0	0.00	0	0.043	0.000	20.4	44	7.7	19.3	8.35	1.2023	0.00	117	1	100.0	5
03/04/26	2:35	5.9	5.9	5.9	86	3.7	0.0	---	0.00	0.0	---	5.9	5.8	5.8	---	1023.1	0.00	0.0	0	0.00	0	0.043	0.000	20.4	44	7.7	19.3	8.35	1.2023	0.00	118	1	100.0	5
03/04/26	2:40	5.9	5.9	5.8	86	3.7	0.0	---	0.00	0.0	---	5.9	5.8	5.8	---	1023.0	0.00	0.0	0	0.00	0	0.043	0.000	20.4	44	7.7	19.3	8.35	1.2022	0.00	117	1	100.0	5
03/04/26	2:45	5.8	5.9	5.8	86	3.7	0.0	---	0.00	0.0	---	5.8	5.8	5.8	---	1022.9	0.00	0.0	0	0.00	0	0.043	0.000	20.4	44	7.7	19.3	8.35	1.2021	0.00	117	1	100.0	5
03/04/26	2:50	5.8	5.8	5.8	86	3.7	0.0	---	0.00	0.0	---	5.8	5.8	5.8	---	1022.9	0.00	0.0	0	0.00	0	0.043	0.000	20.3	44	7.7	19.2	8.35	1.2024	0.00	115	1	100.0	5
03/04/26	2:55	5.8	5.8	5.8	87	3.8	0.0	---	0.00	0.0	---	5.8	5.8	5.8	---	1022.9	0.00	0.0	0	0.00	0	0.043	0.000	20.3	44	7.7	19.2	8.35	1.2023	0.00	115	1	100.0	5
03/04/26	3:00	5.8	5.8	5.8	87	3.8	0.0	---	0.00	0.0	---	5.8	5.7	5.7	---	1022.8	0.00	0.0	0	0.00	0	0.044	0.000	20.3	44	7.7	19.2	8.35	1.2022	0.00	115	1	100.0	5
03/04/26	3:05	5.7	5.8	5.7	86	3.6	0.0	---	0.00	0.0	---	5.7	5.7	5.7	---	1022.8	0.00	0.0	0	0.00	0	0.044	0.000	20.3	44	7.7	19.2	8.35	1.2022	0.00	117	1	100.0	5
03/04/26	3:10	5.7	5.7	5.7	87	3.7	0.0	---	0.00	0.0	---	5.7	5.6	5.6	---	1022.7	0.00	0.0	0	0.00	0	0.044	0.000	20.3	44	7.7	19.2	8.35	1.2022	0.00	117	1	100.0	5
03/04/26	3:15	5.6	5.7	5.6	87	3.6	0.0	---	0.00	0.0	---	5.6	5.6	5.6	---	1022.7	0.00	0.0	0	0.00	0	0.044	0.000	20.3	44	7.7	19.2	8.35	1.2021	0.00	117	1	100.0	5
03/04/26	3:20	5.6	5.7	5.6	87	3.6	0.0	---	0.00	0.0	---	5.6	5.6	5.6	---	1022.8	0.00	0.0	0	0.00	0	0.044	0.000	20.3	44	7.7	19.2	8.35	1.2022	0.00	116	1	100.0	5
03/04/26	3:25	5.6	5.6	5.6	87	3.6	0.0	---	0.00	0.0	---	5.6	5.5	5.5	---	1022.7	0.00	0.0	0	0.00	0	0.044	0.000	20.3	43	7.3	19.2	8.25	1.2024	0.00	117	1	100.0	5
03/04/26	3:30	5.6	5.6	5.6	88	3.7	0.0	---	0.00	0.0	---	5.6	5.5	5.5	---	1022.8	0.00	0.0	0	0.00	0	0.044	0.000	20.3	43	7.3	19.2	8.25	1.2025	0.00	116	1	100.0	5
03/04/26	3:35	5.6	5.6	5.6	88	3.7	0.0	---	0.00	0.0	---	5.6	5.5	5.5	---	1022.6	0.00	0.0	0	0.00	0	0.044	0.000	20.3	43	7.3	19.2	8.25	1.2023	0.00	114	1	100.0	5
03/04/26	3:40	5.6	5.6	5.6	88	3.8	0.0	---	0.00	0.0	---	5.6	5.6	5.6	---	1022.6	0.00	0.0	0	0.00	0	0.044	0.000	20.3	43	7.3	19.2	8.25	1.2023	0.00	116	1	100.0	5
03/04/26	3:45	5.6	5.6	5.6	88	3.8	0.0	---	0.00	0.0	---	5.6	5.6	5.6	---	1022.6	0.00	0.0	0	0.00	0	0.044	0.000	20.3	43	7.3	19.2	8.25	1.2023	0.00	117	1	100.0	5
03/04/26	3:50	5.6	5.7	5.6	88	3.8	0.0	---	0.00	0.0	---	5.6	5.6	5.6	---	1022.5	0.00	0.0	0	0.00	0	0.044	0.000	20.3	43	7.3	19.2	8.25	1.2022	0.00	115	1	100.0	5
03/04/26	3:55	5.6	5.7	5.6	88	3.8	0.0	---	0.00	0.0	---	5.6	5.6	5.6	---	1022.6	0.00	0.0	0	0.00	0	0.044	0.000	20.3	43	7.3	19.2	8.25	1.2023	0.00	116	1	100.0	5
03/04/26	4:00	5.6	5.7	5.6	88	3.8	0.0	---	0.00	0.0	---	5.6	5.6	5.6	---	1022.6	0.00	0.0	0	0.00	0	0.044	0.000	20.3	43	7.3	19.2	8.25	1.2023	0.00	117	1	100.0	5
03/04/26	4:05	5.7	5.7	5.7	88	3.8	0.0	---	0.00	0.0	---	5.7	5.6	5.6	---	1022.4	0.00	0.0	0	0.00	0	0.044	0.000	20.3	43	7.3	19.1	8.25	1.2023	0.00	116	1	100.0	5
03/04/26	4:10	5.8	5.8	5.7	88	3.9	0.0	---	0.00	0.0	---	5.8	5.7	5.7	---	1022.4	0.00	0.0	0	0.00	0	0.044	0.000	20.3	43	7.3	19.2	8.25	1.2020	0.00	115	1	100.0	5
03/04/26	4:15	5.8	5.8	5.7	88	3.9	0.0	---	0.00	0.0	---	5.8	5.7	5.7	---	1022.4	0.00	0.0	0	0.00	0	0.044	0.000	20.3	43	7.3	19.1	8.25	1.2023	0.00	113	1	99.1	5
03/04/26	4:20	5.8	5.8	5.8	88	4.0	0.0	---	0.00	0.0	---	5.8	5.8	5.8	---	1022.3	0.00	0.0	0	0.00	0	0.043	0.000	20.3	43	7.3	19.2	8.25	1.2020	0.00	112	1	98.2	5
03/04/26	4:25	5.9	5.9	5.8	88	4.1	0.0	---	0.00	0.0	---	5.9	5.8	5.8	---	1022.4	0.00	0.0	0	0.00	0	0.043	0.000	20.3	43	7.3	19.1	8.25	1.2023	0.00	116	1	100.0	5
03/04/26	4:30	5.9	5.9	5.9	88	4.1	0.0	---	0.00	0.0	---	5.9	5.9	5.9	---	1022.3	0.00	0.0	0	0.00	0	0.043	0.000	20.3	43	7.3	19.2	8.25	1.2020	0.00	116	1	100.0	5
03/04/26	4:35	6.0	6.0	5.9	88	4.2	0.0	---	0.00	0.0	---	6.0	6.0	6.0	---	1022.4	0.00	0.0	0	0.00	0	0.043	0.000	20.3	43	7.3	19.1	8.25	1.2024	0.00	117	1	100.0	5
03/04/26	4:40	6.0	6.1	6.0	88	4.2	0.0	---	0.00	0.0	---	6.0	6.0	6.0	---	1022.5	0.00	0.0	0	0.00	0	0.043	0.000	20.3	43	7.3	19.1	8.25	1.2024	0.00	116	1	100.0	5
03/04/26	4:45	6.1	6.1	6.0	88	4.2	0.0	---	0.00	0.0	---	6.1	6.1	6.1	---	1022.5	0.00	0.0	0	0.00	0	0.043	0.000	20.3	43	7.3	19.1	8.25	1.2024	0.00	117	1	100.0	5
03/04/26	4:50	6.1	6.1	6.0	88	4.2	0.0	---	0.00	0.0	---	6.1	6.1	6.1	---	1022.6	0.00	0.0	0	0.00	0	0.043	0.000	20.3	43	7.3	19.2	8.25	1.2022	0.00	113	1	99.1	5
03/04/26	4:55	6.1	6.1	6.1	88	4.2	0.0	---	0.00	0.0	---	6.1	6.1	6.1	---	1022.5	0.00	0.0	0	0.00	0	0.043	0.000	20.3	43	7.3	19.1	8.25	1.2024	0.00	115	1	100.0	5
03/04/26	5:00	6.1	6.1	6.1	88	4.3	0.0	---	0.00	0.0	---	6.1	6.1	6.1	---	1022.4	0.00	0.0	0	0.00	0	0.042	0.000	20.3	43	7.3	19.1	8.25	1.2023	0.00	115	1	100.0	5
03/04/26	5:05	6.1	6.2	6.1	88	4.3	0.0	---	0.00	0.0	---	6.1	6.1	6.1	---	1022.4	0.00	0.0	0	0.00	0	0.042	0.000	20.3	43	7.3	19.1	8.25	1.2024	0.00	115	1	100.0	5
03/04/26	5:10	6.2	6.2	6.1	88	4.3	0.0	---	0.00	0.0	---	6.2	6.2	6.2	---	1022.4	0.00	0.0	0	0.00	0	0.042	0.000	20.3	43	7.3	19.1	8.25	1.2023	0.00	117	1	100.0	5
03/04/26	5:15	6.2	6.2	6.2	88	4.4	0.0	---	0.00	0.0	---	6.2	6.2	6.2	---	1022.3	0.00	0.0	0	0.00	0	0.042	0.000	20.3	43	7.3	19.1	8.25	1.2022	0.00	116	1	100.0	5
03/04/26	5:20	6.3	6.3	6.2	88	4.4	0.0	---	0.00	0.0	---	6.3	6.3	6.3	---	1022.2	0.00	0.0	0	0.00	0	0.042	0.000	20.2	43	7.2	19.1	8.25	1.2024	0.00	116	1	100.0	5
03/04/26	5:25	6.3	6.3	6.3	87	4.3	0.0	WNW	0.00	3.2	W	6.3	6.3	6.3	---	1022.2	0.00	0.0	0	0.00	0	0.042	0.000	20.3	43	7.3	19.1	8.25	1.2021	0.00	116	1	100.0	5
03/04/26	5:30	6.4	6.4	6.3	87	4.4	0.0	---	0.00	0.0	---	6.4	6.4	6.4	---	1022.3	0.00	0.0	0	0.00	0	0.041	0.000	20.3	43	7.3	19.1	8.25	1.2022	0.00	115	1	100.0	5
03/04/26	5:35	6.5	6.5	6.4	87	4.5	0.0	---	0.00	0.0	---	6.5	6.5	6.5	---	1022.2	0.00	0.0	0	0.00	0	0.041	0.000	20.2	43	7.2	19.1	8.25	1.2023	0.00	113	1	99.1	5
03/04/26	5:40	6.5	6.6	6.5	87	4.5	0.0	---	0.00	0.0	---	6.5	6.5	6.5	---	1022.2	0.00	0.0	0	0.00	0	0.041	0.000	20.3	43	7.3	19.1	8.25	1.2021	0.00	116	1	100.0	5
03/04/26	5:45	6.6	6.6	6.5	86	4.4	0.0	---	0.00	0.0	---	6.6	6.6	6.6	---	1022.1	0.00	0.0	0	0.00	0	0.041	0.000	20.2	43	7.2	19.1	8.25	1.2022	0.00	115	1	100.0	5
03/04/26	5:50	6.6	6.7	6.6	86	4.4	0.0	---	0.00	0.0	---	6.6	6.6	6.6	---	1022.1	0.00	0.0	0	0.00	0	0.041	0.000	20.3	43	7.3	19.1	8.25	1.2020	0.00	115	1	100.0	5
03/04/26	5:55	6.6	6.7	6.6	86	4.4	0.0	---	0.00	0.0	---	6.6	6.6	6.6	---	1022.1	0.00	0.0	0	0.00	0	0.041	0.000	20.2	43	7.2	19.1	8.25	1.2022	0.00	115	1	100.0	5
03/04/26	6:00	6.7	6.7	6.6	86	4.5	0.0	---	0.00	0.0	---	6.7	6.6	6.6	---	1022.2	0.00	0.0	0	0.00	0	0.041	0.000	20.2	43	7.2	19.1	8.25	1.2023	0.00	117	1	100.0	5
03/04/26	6:05	6.7	6.8	6.6	86	4.5	0.0	---	0.00	0.0	---	6.7	6.7	6.7	---	1022.0	0.00	0.0	0	0.00	0	0.040	0.000	20.3	43	7.3	19.1	8.25	1.2019	0.00	117	1	100.0	5
03/04/26	6:10	6.8	6.8	6.7	86	4.6	0.0	---	0.00	0.0	---	6.8	6.7	6.7	---	1022.1	0.00	0.0	0	0.00	0	0.040	0.000	20.2	43	7.2	19.1	8.25	1.2022	0.00	114	1	100.0	5
03/04/26	6:15	6.8	6.8	6.8	86	4.7	0.0	---	0.00	0.0	---	6.8	6.8	6.8	---	1022.1	0.00	0.0	0	0.00	0	0.040	0.000	20.2	43	7.2	19.1	8.25	1.2022	0.00	115	1	100.0	5
03/04/26	6:20	6.8	6.9	6.8	85	4.5	0.0	SW	0.00	4.8	SW	6.8	6.8	6.8	---	1021.9	0.00	0.0	0	0.00	0	0.040	0.000	20.2	43	7.2	19.1	8.25	1.2021	0.00	116	1	100.0	5
03/04/26	6:25	7.0	7.0	6.8	85	4.6	1.6	SW	0.13	6.4	SW	7.0	6.9	6.9	---	1021.9	0.00	0.0	0	0.00	0	0.039	0.000	20.2	43	7.2	19.1	8.25	1.2021	0.00	117	1	100.0	5
03/04/26	6:30	7.1	7.1	7.0	84	4.5	1.6	SW	0.13	4.8	SW	7.1	7.0	7.0	---	1021.9	0.00	0.0	0	0.00	0	0.039	0.000	20.2	43	7.2	19.1	8.25	1.2020	0.00	116	1	100.0	5
03/04/26	6:35	7.1	7.1	7.1	84	4.6	0.0	SW	0.00	4.8	SW	7.1	7.1	7.1	---	1021.9	0.00	0.0	0	0.00	0	0.039	0.000	20.2	43	7.2	19.1	8.25	1.2021	0.00	117	1	100.0	5
03/04/26	6:40	7.1	7.1	7.1	83	4.4	1.6	SW	0.13	6.4	SW	7.1	7.1	7.1	---	1021.8	0.00	0.0	0	0.00	0	0.039	0.000	20.2	43	7.2	19.1	8.25	1.2019	0.00	117	1	100.0	5
03/04/26	6:45	7.1	7.1	7.1	83	4.4	0.0	---	0.00	0.0	---	7.1	7.1	7.1	---	1021.8	0.00	0.0	0	0.00	0	0.039	0.000	20.2	43	7.2	19.1	8.25	1.2019	0.00	114	1	100.0	5
03/04/26	6:50	7.1	7.2	7.1	84	4.6	0.0	---	0.00	0.0	---	7.1	7.1	7.1	---	1021.7	0.00	0.0	0	0.00	0	0.039	0.000	20.2	43	7.2	19.1	8.25	1.2018	0.00	111	1	97.4	5
03/04/26	6:55	7.1	7.2	7.1	84	4.5	0.0	---	0.00	0.0	---	7.1	7.0	7.0	---	1021.7	0.00	0.0	0	0.00	0	0.039	0.000	20.2	43	7.2	19.1	8.25	1.2018	0.00	117	1	100.0	5
03/04/26	7:00	7.1	7.1	7.1	84	4.5	0.0	SSW	0.00	4.8	SW	7.1	7.0	7.0	---	1021.7	0.00	0.0	0	0.00	0	0.039	0.000	20.2	43	7.2	19.1	8.25	1.2018	0.00	117	1	100.0	5
03/04/26	7:05	7.0	7.1	7.0	84	4.5	0.0	SW	0.00	4.8	SSW	7.0	6.9	6.9	---	1021.8	0.00	0.0	0	0.00	0	0.039	0.000	20.2	43	7.2	19.1	8.25	1.2019	0.00	116	1	100.0	5
03/04/26	7:10	7.0	7.1	6.9	84	4.5	0.0	SW	0.00	6.4	SSW	7.0	6.9	6.9	---	1021.6	0.00	0.0	0	0.00	0	0.039	0.000	20.2	43	7.2	19.1	8.25	1.2017	0.00	116	1	100.0	5
03/04/26	7:15	7.0	7.1	7.0	85	4.6	0.0	SSW	0.00	4.8	SSW	7.0	6.9	6.9	---	1021.7	0.00	0.0	0	0.00	0	0.039	0.000	20.2	43	7.2	19.1	8.25	1.2018	0.00	117	1	100.0	5
03/04/26	7:20	7.1	7.1	7.0	85	4.7	0.0	SSW	0.00	4.8	SSW	7.1	7.0	7.0	---	1021.7	0.00	0.0	0	0.00	0	0.039	0.000	20.2	43	7.2	19.1	8.25	1.2018	0.00	115	1	100.0	5
03/04/26	7:25	7.1	7.1	7.0	85	4.7	0.0	---	0.00	0.0	---	7.1	7.0	7.0	---	1021.8	0.00	0.0	0	0.00	0	0.039	0.000	20.2	43	7.2	19.0	8.25	1.2021	0.00	114	1	100.0	5
03/04/26	7:30	7.1	7.1	7.1	85	4.8	3.2	SW	0.27	6.4	SW	7.1	7.1	7.1	---	1021.9	0.00	0.0	0	0.00	0	0.039	0.000	20.2	42	6.8	18.9	8.08	1.2025	0.00	116	1	100.0	5
03/04/26	7:35	7.1	7.1	7.1	84	4.6	4.8	SW	0.40	9.7	SSW	6.6	7.1	6.5	---	1021.9	0.00	0.0	0	0.00	0	0.039	0.000	20.2	42	6.8	18.9	8.08	1.2026	0.00	115	1	100.0	5
03/04/26	7:40	7.1	7.1	7.1	84	4.6	3.2	SW	0.27	6.4	SW	7.1	7.1	7.1	---	1021.9	0.00	0.0	0	0.00	0	0.039	0.000	20.1	42	6.8	18.9	8.09	1.2029	0.00	117	1	100.0	5
03/04/26	7:45	7.2	7.2	7.1	84	4.6	4.8	SW	0.40	8.0	SW	6.6	7.1	6.6	---	1021.9	0.00	0.0	0	0.00	0	0.039	0.000	20.1	42	6.8	18.9	8.09	1.2028	0.00	117	1	100.0	5
03/04/26	7:50	7.3	7.3	7.2	84	4.8	3.2	SW	0.27	6.4	SW	7.3	7.2	7.2	---	1022.0	0.00	0.0	0	0.00	0	0.038	0.000	20.1	42	6.8	18.9	8.09	1.2030	0.00	116	1	100.0	5
03/04/26	7:55	7.3	7.3	7.3	84	4.8	3.2	SW	0.27	6.4	SW	7.3	7.3	7.3	---	1022.0	0.00	0.0	2	0.01	5	0.038	0.000	20.1	42	6.8	18.9	8.09	1.2029	0.00	92	1	80.7	5
03/04/26	8:00	7.4	7.4	7.3	83	4.7	3.2	SW	0.27	4.8	SSW	7.4	7.3	7.3	---	1022.1	0.00	0.0	5	0.04	5	0.038	0.000	20.2	42	6.9	19.0	8.08	1.2025	0.00	8	1	7.0	5
03/04/26	8:05	---	---	---	83	---	0.0	---	0.00	0.0	---	---	---	---	---	1022.2	0.00	0.0	5	0.04	5	---	---	20.6	41	6.8	19.2	7.95	1.2013	0.00	0	1	0.0	5
03/04/26	8:10	---	---	---	---	---	0.0	---	0.00	0.0	---	---	---	---	---	1022.3	0.00	0.0	---	---	---	---	---	20.8	41	7.0	19.4	7.95	1.2004	0.00	0	1	0.0	5
03/04/26	8:15	---	---	---	---	---	0.0	---	0.00	0.0	---	---	---	---	---	1022.3	0.00	0.0	---	---	---	---	---	20.7	41	6.9	19.3	7.95	1.2008	0.00	0	1	0.0	5
03/04/26	8:20	---	---	---	---	---	0.0	---	0.00	0.0	---	---	---	---	---	1022.1	0.00	0.0	---	---	---	---	---	20.7	41	6.9	19.3	7.95	1.2007	0.00	0	1	0.0	5
03/04/26	8:25	---	---	---	---	---	0.0	---	0.00	0.0	---	---	---	---	---	1022.1	0.00	0.0	---	---	---	---	---	20.7	41	7.0	19.4	7.95	1.2004	0.00	0	1	0.0	5
03/04/26	8:30	---	---	---	---	---	0.0	---	0.00	0.0	---	---	---	---	---	1022.0	0.00	0.0	---	---	---	---	---	20.8	41	7.1	19.5	7.95	1.1998	0.00	0	1	0.0	5
03/04/26	8:35	---	---	---	---	---	0.0	---	0.00	0.0	---	---	---	---	---	1022.2	0.00	0.0	---	---	---	---	---	20.8	41	7.1	19.5	7.95	1.1999	0.00	0	1	0.0	5
03/04/26	8:40	---	---	---	---	---	0.0	---	0.00	0.0	---	---	---	---	---	1022.1	0.00	0.0	---	---	---	---	---	20.9	41	7.1	19.6	7.95	1.1996	0.00	0	1	0.0	5
03/04/26	8:45	---	---	---	---	---	0.0	---	0.00	0.0	---	---	---	---	---	1022.1	0.00	0.0	---	---	---	---	---	20.9	41	7.2	19.6	7.95	1.1993	0.00	0	1	0.0	5
03/04/26	8:50	---	---	---	---	---	0.0	---	0.00	0.0	---	---	---	---	---	1022.2	0.00	0.0	---	---	---	---	---	20.9	41	7.2	19.6	7.95	1.1995	0.00	0	1	0.0	5
03/04/26	8:55	---	---	---	---	---	0.0	---	0.00	0.0	---	---	---	---	---	1022.3	0.00	0.0	---	---	---	---	---	21.0	41	7.2	19.7	7.95	1.1993	0.00	0	1	0.0	5
03/04/26	9:00	---	---	---	---	---	0.0	---	0.00	0.0	---	---	---	---	---	1022.2	0.00	0.0	---	---	---	---	---	21.2	41	7.4	19.8	7.95	1.1984	0.00	0	1	0.0	5
03/04/26	9:05	---	---	---	---	---	0.0	---	0.00	0.0	---	---	---	---	---	1022.5	0.00	0.0	---	---	---	---	---	21.1	41	7.3	19.8	7.95	1.1990	0.00	0	1	0.0	5
03/04/26	9:10	---	---	---	---	---	0.0	---	0.00	0.0	---	---	---	---	---	1022.5	0.00	0.0	---	---	---	---	---	21.1	41	7.3	19.8	7.95	1.1989	0.00	0	1	0.0	5
03/04/26	9:15	---	---	---	---	---	0.0	---	0.00	0.0	---	---	---	---	---	1022.7	0.00	0.0	---	---	---	---	---	21.1	41	7.3	19.8	7.95	1.1992	0.00	0	1	0.0	5
03/04/26	9:20	---	---	---	---	---	0.0	---	0.00	0.0	---	---	---	---	---	1022.6	0.00	0.0	---	---	---	---	---	21.2	41	7.4	19.8	7.95	1.1989	0.00	0	1	0.0	5
03/04/26	9:25	---	---	---	---	---	0.0	---	0.00	0.0	---	---	---	---	---	1022.6	0.00	0.0	---	---	---	---	---	21.2	41	7.4	19.8	7.95	1.1988	0.00	0	1	0.0	5
03/04/26	9:30	---	---	---	---	---	0.0	---	0.00	0.0	---	---	---	---	---	1022.5	0.00	0.0	---	---	---	---	---	21.2	41	7.4	19.8	7.95	1.1988	0.00	0	1	0.0	5
03/04/26	9:35	7.9	7.9	7.9	89	6.2	1.6	SW	0.13	14.5	WSW	7.9	7.9	7.9	---	1022.5	0.00	0.0	67	0.48	67	0.036	0.000	21.2	41	7.4	19.9	7.94	1.1985	0.00	38	1	33.3	5
03/04/26	9:40	7.9	7.9	7.9	89	6.2	4.8	WSW	0.40	11.3	WSW	7.5	8.0	7.6	---	1022.5	0.00	0.0	58	0.42	63	0.036	0.000	21.2	41	7.4	19.9	7.94	1.1985	0.00	77	1	67.5	5
03/04/26	9:45	8.0	8.0	7.9	89	6.3	3.2	WSW	0.27	6.4	SSW	8.0	8.1	8.1	---	1022.5	0.00	0.0	56	0.40	56	0.036	0.000	21.2	41	7.4	19.9	7.94	1.1985	0.00	61	1	53.5	5
03/04/26	9:50	8.1	8.1	8.0	88	6.2	3.2	SW	0.27	8.0	SW	8.1	8.1	8.1	---	1022.5	0.00	0.0	56	0.40	56	0.036	0.000	21.2	41	7.4	19.9	7.94	1.1984	0.00	43	1	37.7	5
03/04/26	9:55	8.2	8.2	8.1	88	6.4	3.2	SW	0.27	6.4	SSW	8.2	8.3	8.3	---	1022.3	0.00	0.0	56	0.40	56	0.035	0.000	21.3	42	7.8	20.1	8.04	1.1977	0.00	41	1	36.0	5
03/04/26	10:00	8.3	8.3	8.2	88	6.4	1.6	WSW	0.13	4.8	W	8.3	8.3	8.3	---	1022.5	0.00	0.0	92	0.66	100	0.035	0.000	21.3	42	7.8	20.1	8.04	1.1978	0.05	56	1	49.1	5
03/04/26	10:05	8.4	8.4	8.3	87	6.3	4.8	W	0.40	12.9	WSW	8.0	8.4	8.1	---	1022.5	0.00	0.0	86	0.62	86	0.035	0.000	21.3	42	7.8	20.1	8.04	1.1979	0.00	48	1	42.1	5
03/04/26	10:10	8.4	8.4	8.4	86	6.2	4.8	SW	0.40	11.3	SW	8.1	8.4	8.1	---	1022.5	0.00	0.0	100	0.72	100	0.034	0.000	21.3	42	7.9	20.1	8.04	1.1977	0.00	35	1	30.7	5
03/04/26	10:15	8.5	8.6	8.4	85	6.1	4.8	SW	0.40	11.3	SW	8.1	8.5	8.1	---	1022.6	0.00	0.0	100	0.72	100	0.034	0.000	21.3	42	7.8	20.1	8.04	1.1980	0.00	46	1	40.4	5
03/04/26	10:20	8.7	8.7	8.6	85	6.3	6.4	SW	0.54	11.3	SW	7.8	8.7	7.8	---	1022.5	0.00	0.0	128	0.92	128	0.034	0.000	21.3	42	7.8	20.1	8.04	1.1979	0.00	48	1	42.1	5
03/04/26	10:25	8.8	8.8	8.6	85	6.4	8.0	SW	0.67	12.9	SSW	7.6	8.8	7.6	---	1022.5	0.00	0.0	137	0.98	137	0.033	0.000	21.3	42	7.9	20.1	8.04	1.1977	0.00	64	1	56.1	5
03/04/26	10:30	8.8	8.8	8.8	86	6.6	4.8	SW	0.40	11.3	WSW	8.5	8.8	8.5	---	1022.5	0.00	0.0	132	0.95	132	0.033	0.000	21.3	42	7.9	20.1	8.04	1.1976	0.00	78	1	68.4	5
03/04/26	10:35	8.9	8.9	8.8	86	6.7	6.4	SW	0.54	14.5	WSW	8.1	8.9	8.1	---	1022.5	0.00	0.0	154	1.10	160	0.033	0.000	21.3	42	7.9	20.1	8.04	1.1976	0.00	60	1	52.6	5
03/04/26	10:40	8.9	8.9	8.8	86	6.7	6.4	SW	0.54	11.3	SSW	8.2	8.9	8.2	---	1022.5	0.00	0.0	171	1.23	171	0.033	0.000	21.3	42	7.9	20.1	8.04	1.1976	0.00	30	1	26.3	5
03/04/26	10:45	9.1	9.1	8.9	87	7.0	8.0	SW	0.67	14.5	SW	7.9	9.1	7.9	---	1022.5	0.00	0.0	146	1.05	146	0.032	0.000	21.3	43	8.2	20.2	8.23	1.1974	0.00	48	1	42.1	5
03/04/26	10:50	9.1	9.1	9.1	87	7.1	6.4	SW	0.54	14.5	WSW	8.3	9.2	8.4	---	1022.6	0.00	0.0	146	1.05	146	0.032	0.000	21.4	43	8.3	20.2	8.23	1.1972	0.00	31	1	27.2	5
03/04/26	10:55	9.1	9.1	9.1	88	7.2	8.0	SW	0.67	16.1	SSW	7.9	9.1	7.9	---	1022.7	0.00	0.0	146	1.05	146	0.032	0.000	21.5	43	8.4	20.3	8.22	1.1967	0.00	37	1	32.5	5
03/04/26	11:00	9.1	9.1	9.1	89	7.4	6.4	SW	0.54	14.5	W	8.3	9.2	8.4	---	1022.7	0.00	0.0	151	1.08	151	0.032	0.000	21.6	44	8.8	20.5	8.33	1.1962	0.08	66	1	57.9	5
03/04/26	11:05	9.3	9.3	9.1	89	7.6	6.4	SW	0.54	19.3	SSW	8.6	9.4	8.7	---	1022.8	0.00	0.0	158	1.13	160	0.031	0.000	21.7	44	8.9	20.7	8.33	1.1955	0.00	58	1	50.9	5
03/04/26	11:10	9.3	9.3	9.2	89	7.6	9.7	SW	0.80	22.5	SW	7.9	9.4	8.1	---	1022.8	0.00	0.0	169	1.21	169	0.031	0.000	21.8	44	9.0	20.8	8.32	1.1949	0.00	55	1	48.2	5
03/04/26	11:15	9.4	9.4	9.3	90	7.9	8.0	SW	0.67	16.1	WSW	8.3	9.6	8.5	---	1022.8	0.00	0.0	195	1.40	195	0.031	0.000	21.9	44	9.1	20.9	8.32	1.1947	0.00	50	1	43.9	5
03/04/26	11:20	9.5	9.5	9.4	90	7.9	9.7	SW	0.80	17.7	WSW	8.1	9.7	8.3	---	1022.8	0.00	0.0	166	1.19	185	0.031	0.000	21.9	44	9.1	21.0	8.32	1.1944	0.00	81	1	71.1	5
03/04/26	11:25	9.6	9.6	9.5	90	8.0	9.7	SW	0.80	22.5	SW	8.2	9.7	8.3	---	1022.8	0.00	0.0	144	1.03	148	0.030	0.000	21.9	44	9.1	21.0	8.32	1.1944	0.00	115	1	100.0	5
03/04/26	11:30	9.6	9.7	9.6	91	8.2	9.7	SW	0.80	17.7	WSW	8.3	9.8	8.4	---	1022.9	0.00	0.0	141	1.01	144	0.030	0.000	21.8	44	9.0	20.8	8.32	1.1950	0.00	112	1	98.2	5
03/04/26	11:35	9.7	9.7	9.6	91	8.3	11.3	SW	0.94	20.9	SW	8.1	9.8	8.2	---	1022.8	0.00	0.0	125	0.90	139	0.030	0.000	21.8	44	9.0	20.8	8.32	1.1950	0.00	111	1	97.4	5
03/04/26	11:40	9.7	9.7	9.7	92	8.5	8.0	SW	0.67	19.3	SW	8.7	9.9	8.9	---	1022.9	0.00	0.0	92	0.66	102	0.030	0.000	21.7	44	8.9	20.7	8.33	1.1956	0.00	116	1	100.0	5
03/04/26	11:45	9.7	9.7	9.7	92	8.5	8.0	SW	0.67	16.1	SW	8.7	9.9	8.9	---	1023.0	0.00	0.0	85	0.61	91	0.030	0.000	21.7	44	8.9	20.7	8.33	1.1957	0.00	115	1	100.0	5
03/04/26	11:50	9.7	9.7	9.7	92	8.4	9.7	SW	0.80	19.3	SW	8.3	9.9	8.6	---	1022.9	0.00	0.0	71	0.51	77	0.030	0.000	21.7	44	8.9	20.6	8.33	1.1959	0.00	116	1	100.0	5
03/04/26	11:55	9.7	9.7	9.7	92	8.5	11.3	SW	0.94	25.7	SW	8.1	9.9	8.3	---	1022.9	0.00	0.0	71	0.51	72	0.030	0.000	21.6	44	8.8	20.6	8.33	1.1961	0.00	117	1	100.0	5
03/04/26	12:00	9.7	9.7	9.7	92	8.5	8.0	SW	0.67	25.7	SW	8.7	9.9	8.9	---	1022.9	0.00	0.0	79	0.57	88	0.030	0.000	21.6	44	8.8	20.6	8.33	1.1961	0.08	113	1	99.1	5
03/04/26	12:05	9.8	9.8	9.7	92	8.6	4.8	SW	0.40	12.9	WSW	9.6	10.1	9.8	---	1022.8	0.00	0.0	82	0.59	84	0.030	0.000	21.6	44	8.8	20.5	8.33	1.1963	0.00	114	1	100.0	5
03/04/26	12:10	9.8	9.8	9.8	92	8.5	9.7	SW	0.80	17.7	WSW	8.4	10.0	8.7	---	1022.8	0.00	0.0	88	0.63	95	0.030	0.000	21.6	44	8.8	20.5	8.33	1.1963	0.00	116	1	100.0	5
03/04/26	12:15	9.8	9.8	9.8	93	8.8	4.8	SW	0.40	12.9	WSW	9.6	10.1	9.8	---	1022.9	0.00	0.0	92	0.66	98	0.030	0.000	21.6	45	9.1	20.5	8.45	1.1961	0.00	115	1	100.0	5
03/04/26	12:20	9.9	9.9	9.9	93	8.8	8.0	SW	0.67	20.9	SW	8.9	10.1	9.1	---	1022.8	0.00	0.0	85	0.61	93	0.029	0.000	21.6	45	9.1	20.5	8.45	1.1960	0.00	118	1	100.0	5
03/04/26	12:25	9.9	9.9	9.8	93	8.8	11.3	SW	0.94	22.5	SW	8.3	10.1	8.6	---	1022.7	0.00	0.0	84	0.60	91	0.029	0.000	21.6	45	9.1	20.5	8.45	1.1959	0.00	116	1	100.0	5
03/04/26	12:30	9.9	9.9	9.8	93	8.8	6.4	SW	0.54	14.5	SW	9.3	10.1	9.5	---	1022.7	0.00	0.0	60	0.43	70	0.029	0.000	21.5	45	9.1	20.4	8.45	1.1961	0.00	116	1	100.0	5
03/04/26	12:35	9.8	9.9	9.8	93	8.8	6.4	SW	0.54	14.5	WSW	9.2	10.1	9.4	---	1022.7	0.00	0.0	51	0.37	58	0.030	0.000	21.5	45	9.1	20.4	8.45	1.1962	0.00	115	1	100.0	5
03/04/26	12:40	9.9	9.9	9.8	94	9.0	6.4	SW	0.54	9.7	WSW	9.3	10.2	9.6	---	1022.7	0.00	0.0	55	0.39	60	0.029	0.000	21.5	45	9.1	20.4	8.45	1.1961	0.00	112	1	98.2	5
03/04/26	12:45	9.8	9.9	9.8	94	8.9	4.8	SW	0.40	11.3	WSW	9.6	10.1	9.9	---	1022.6	0.00	0.0	64	0.46	67	0.030	0.000	21.5	45	9.1	20.4	8.45	1.1961	0.00	111	1	97.4	5
03/04/26	12:50	9.9	9.9	9.9	94	9.0	4.8	SW	0.40	11.3	WSW	9.8	10.2	10.1	---	1022.7	0.00	0.0	69	0.49	74	0.029	0.000	21.5	45	9.1	20.4	8.45	1.1961	0.00	116	1	100.0	5
03/04/26	12:55	9.9	9.9	9.9	94	9.0	4.8	SW	0.40	9.7	SW	9.8	10.2	10.1	---	1022.6	0.00	0.0	65	0.47	72	0.029	0.000	21.5	45	9.1	20.4	8.45	1.1960	0.00	115	1	100.0	5
03/04/26	13:00	9.9	10.0	9.9	94	9.0	4.8	SW	0.40	11.3	WSW	9.8	10.2	10.1	---	1022.6	0.00	0.0	68	0.49	77	0.029	0.000	21.5	45	9.1	20.4	8.45	1.1960	0.05	117	1	100.0	5
03/04/26	13:05	9.9	10.0	9.9	94	9.0	8.0	SW	0.67	16.1	WNW	8.9	10.2	9.2	---	1022.6	0.00	0.0	89	0.64	104	0.029	0.000	21.5	45	9.1	20.4	8.45	1.1960	0.00	114	1	100.0	5
03/04/26	13:10	10.0	10.0	9.9	94	9.1	8.0	SW	0.67	17.7	SW	9.0	10.3	9.3	---	1022.6	0.00	0.0	126	0.90	141	0.029	0.000	21.6	45	9.1	20.5	8.45	1.1957	0.00	114	1	100.0	5
03/04/26	13:15	10.1	10.1	10.0	95	9.3	8.0	SW	0.67	16.1	WSW	9.1	10.3	9.3	---	1022.6	0.00	0.0	101	0.72	135	0.029	0.000	21.6	46	9.5	20.7	8.63	1.1951	0.00	116	1	100.0	5
03/04/26	13:20	10.2	10.2	10.1	95	9.4	6.4	SW	0.54	12.9	W	9.6	10.4	9.8	---	1022.6	0.00	0.0	95	0.68	118	0.028	0.000	21.6	46	9.5	20.7	8.63	1.1952	0.00	115	1	100.0	5
03/04/26	13:25	10.2	10.2	10.1	95	9.4	4.8	SW	0.40	14.5	SW	10.0	10.4	10.3	---	1022.5	0.00	0.0	121	0.87	142	0.028	0.000	21.6	46	9.5	20.7	8.63	1.1951	0.00	116	1	100.0	5
03/04/26	13:30	10.3	10.3	10.2	95	9.5	8.0	WSW	0.67	17.7	WSW	9.3	10.6	9.6	---	1022.5	0.00	0.0	167	1.20	178	0.028	0.000	21.7	46	9.5	20.7	8.63	1.1948	0.00	115	1	100.0	5
03/04/26	13:35	10.4	10.4	10.3	95	9.7	6.4	SW	0.54	14.5	WSW	9.9	10.7	10.1	---	1022.5	0.00	0.0	163	1.17	171	0.027	0.000	21.7	46	9.5	20.7	8.63	1.1947	0.00	110	1	96.5	5
03/04/26	13:40	10.5	10.5	10.4	95	9.7	6.4	SW	0.54	16.1	SSW	9.9	10.7	10.2	---	1022.4	0.00	0.0	127	0.91	160	0.027	0.000	21.7	46	9.5	20.7	8.63	1.1946	0.00	110	1	96.5	5
03/04/26	13:45	10.5	10.6	10.5	95	9.7	9.7	SW	0.80	20.9	SW	9.3	10.7	9.6	---	1022.4	0.00	0.0	90	0.65	100	0.027	0.000	21.7	47	9.9	20.8	8.75	1.1944	0.00	113	1	99.1	5
03/04/26	13:50	10.6	10.6	10.5	95	9.8	8.0	SW	0.67	19.3	SW	9.7	10.8	9.9	---	1022.4	0.00	0.0	95	0.68	100	0.027	0.000	21.7	47	9.9	20.8	8.75	1.1944	0.00	116	1	100.0	5
03/04/26	13:55	10.7	10.7	10.6	95	9.9	8.0	SW	0.67	19.3	WSW	9.8	10.9	10.0	---	1022.4	0.00	0.0	72	0.52	77	0.027	0.000	21.7	47	9.9	20.8	8.75	1.1940	0.00	114	1	100.0	5
03/04/26	14:00	10.7	10.7	10.6	95	10.0	8.0	SW	0.67	22.5	WSW	9.9	10.9	10.1	---	1022.5	0.00	0.0	82	0.59	86	0.026	0.000	21.7	47	9.9	20.8	8.75	1.1942	0.08	116	1	100.0	5
03/04/26	14:05	10.8	10.8	10.7	94	9.9	11.3	SW	0.94	22.5	WSW	9.4	11.1	9.7	---	1022.5	0.00	0.0	97	0.70	104	0.026	0.000	21.7	47	9.9	20.8	8.75	1.1942	0.00	115	1	100.0	5
03/04/26	14:10	10.9	10.9	10.8	94	10.0	12.9	SW	1.07	27.4	SSW	9.2	11.2	9.4	---	1022.3	0.00	0.0	73	0.52	74	0.026	0.000	21.8	47	10.0	20.9	8.75	1.1937	0.00	116	1	100.0	5
03/04/26	14:15	11.1	11.1	10.9	93	10.0	11.3	SW	0.94	20.9	WSW	9.7	11.2	9.9	---	1022.3	0.00	0.0	65	0.47	69	0.025	0.000	21.8	47	10.0	20.9	8.75	1.1937	0.00	112	1	98.2	5
03/04/26	14:20	11.2	11.2	11.1	93	10.1	11.3	SW	0.94	20.9	SW	9.8	11.3	10.0	---	1022.3	0.00	0.0	94	0.67	113	0.025	0.000	21.8	47	10.0	20.9	8.75	1.1937	0.00	115	1	100.0	5
03/04/26	14:25	11.2	11.3	11.2	92	10.0	12.9	SW	1.07	22.5	WNW	9.5	11.4	9.7	---	1022.3	0.00	0.0	139	1.00	148	0.025	0.000	21.8	47	10.0	21.0	8.75	1.1935	0.00	117	1	100.0	5
03/04/26	14:30	11.3	11.3	11.2	92	10.1	9.7	SW	0.80	19.3	WSW	10.3	11.4	10.4	---	1022.2	0.00	0.0	141	1.01	146	0.024	0.000	21.8	48	10.3	21.1	8.88	1.1930	0.00	118	1	100.0	5
03/04/26	14:35	11.4	11.4	11.3	92	10.1	11.3	SW	0.94	20.9	SW	10.1	11.5	10.2	---	1022.3	0.00	0.0	161	1.15	165	0.024	0.000	21.9	48	10.4	21.2	8.88	1.1925	0.00	116	1	100.0	5
03/04/26	14:40	11.4	11.4	11.3	91	10.0	11.3	SW	0.94	24.1	WSW	10.2	11.6	10.3	---	1022.3	0.00	0.0	140	1.00	165	0.024	0.000	21.9	48	10.4	21.2	8.88	1.1929	0.00	117	1	100.0	5
03/04/26	14:45	11.5	11.6	11.4	91	10.1	12.9	SW	1.07	27.4	SW	9.8	11.6	9.9	---	1022.2	0.00	0.0	118	0.85	121	0.024	0.000	21.9	48	10.4	21.2	8.88	1.1924	0.00	113	1	99.1	5
03/04/26	14:50	11.6	11.6	11.6	91	10.2	11.3	SW	0.94	17.7	WSW	10.4	11.7	10.4	---	1022.1	0.00	0.0	114	0.82	123	0.023	0.000	21.9	48	10.4	21.2	8.88	1.1924	0.00	114	1	100.0	5
03/04/26	14:55	11.6	11.7	11.6	91	10.2	12.9	SW	1.07	24.1	SSW	10.0	11.7	10.1	---	1022.0	0.00	0.0	118	0.85	134	0.023	0.000	21.9	48	10.4	21.2	8.88	1.1925	0.00	115	1	100.0	5
03/04/26	15:00	11.7	11.7	11.6	90	10.1	12.9	SW	1.07	25.7	SW	10.1	11.8	10.2	---	1022.1	0.00	0.0	137	0.98	144	0.023	0.000	21.9	48	10.4	21.2	8.88	1.1926	0.08	117	1	100.0	5
03/04/26	15:05	11.8	11.8	11.7	90	10.2	12.9	SW	1.07	24.1	SW	10.3	11.9	10.3	---	1022.0	0.00	0.0	136	0.97	139	0.023	0.000	21.8	48	10.3	21.1	8.88	1.1927	0.00	117	1	100.0	5
03/04/26	15:10	11.9	11.9	11.8	89	10.1	16.1	SW	1.34	27.4	WSW	9.6	11.9	9.7	---	1021.9	0.00	0.0	117	0.84	128	0.022	0.000	21.8	48	10.3	21.1	8.88	1.1927	0.00	117	1	100.0	5
03/04/26	15:15	11.9	11.9	11.8	89	10.2	16.1	SW	1.34	40.2	WSW	9.7	12.0	9.7	---	1021.8	0.00	0.0	143	1.02	165	0.022	0.000	21.8	48	10.3	21.1	8.88	1.1926	0.00	114	1	100.0	5
03/04/26	15:20	12.1	12.1	11.9	89	10.3	14.5	SW	1.21	29.0	SW	10.1	12.1	10.2	---	1021.9	0.00	0.0	139	1.00	163	0.022	0.000	21.8	48	10.3	21.1	8.88	1.1927	0.00	85	1	74.6	5
03/04/26	15:25	---	---	---	89	---	0.0	---	0.00	0.0	---	---	---	---	---	1021.8	0.00	0.0	116	0.83	116	---	---	22.1	47	10.3	21.4	8.75	1.1914	0.00	0	1	0.0	5
03/04/26	15:30	12.1	12.1	12.1	89	10.3	12.9	SW	1.07	12.9	SW	10.5	12.1	10.6	---	1021.6	0.00	0.0	116	0.83	116	0.022	0.000	22.2	47	10.4	21.6	8.75	1.1907	0.00	1	1	0.9	5
03/04/26	15:35	---	---	---	89	---	0.0	---	0.00	0.0	---	---	---	---	---	1021.6	0.00	0.0	116	0.83	116	---	---	22.4	47	10.6	21.9	8.75	1.1896	0.00	0	1	0.0	5
03/04/26	15:40	---	---	---	---	---	0.0	---	0.00	0.0	---	---	---	---	---	1021.8	0.00	0.0	---	---	---	---	---	22.4	47	10.5	21.8	8.75	1.1901	0.00	0	1	0.0	5
03/04/26	15:45	---	---	---	---	---	0.0	---	0.00	0.0	---	---	---	---	---	1021.7	0.00	0.0	---	---	---	---	---	22.3	48	10.7	21.7	8.89	1.1903	0.00	0	1	0.0	5
03/04/26	15:50	---	---	---	---	---	0.0	---	0.00	0.0	---	---	---	---	---	1021.6	0.00	0.0	---	---	---	---	---	22.3	48	10.7	21.7	8.89	1.1901	0.00	0	1	0.0	5
03/04/26	15:55	---	---	---	---	---	0.0	---	0.00	0.0	---	---	---	---	---	1021.6	0.00	0.0	---	---	---	---	---	22.4	48	10.8	21.8	8.90	1.1896	0.00	0	1	0.0	5
03/04/26	16:00	---	---	---	---	---	0.0	---	0.00	0.0	---	---	---	---	---	1021.6	0.00	0.0	---	---	---	---	---	22.4	48	10.8	21.8	8.90	1.1896	0.00	0	1	0.0	5
03/04/26	16:05	---	---	---	---	---	0.0	---	0.00	0.0	---	---	---	---	---	1021.5	0.00	0.0	---	---	---	---	---	22.3	48	10.7	21.7	8.89	1.1900	0.00	0	1	0.0	5
03/04/26	16:10	12.2	12.3	12.2	89	10.5	14.5	SW	1.21	27.4	SSW	10.3	12.3	10.4	---	1021.5	0.00	0.0	107	0.77	107	0.021	0.000	22.3	48	10.7	21.7	8.89	1.1900	0.00	45	1	39.5	5
03/04/26	16:15	12.3	12.3	12.2	89	10.6	14.5	SW	1.21	27.4	WSW	10.4	12.4	10.5	---	1021.5	0.00	0.0	107	0.77	114	0.021	0.000	22.2	48	10.7	21.6	8.89	1.1902	0.00	115	1	100.0	5
03/04/26	16:20	12.3	12.3	12.3	89	10.6	12.9	SW	1.07	29.0	SSE	10.8	12.4	10.9	---	1021.4	0.00	0.0	101	0.72	107	0.021	0.000	22.2	48	10.7	21.6	8.89	1.1901	0.00	115	1	100.0	5
03/04/26	16:25	12.4	12.4	12.3	89	10.6	14.5	SW	1.21	27.4	SSW	10.6	12.4	10.6	---	1021.4	0.00	0.0	113	0.81	120	0.021	0.000	22.2	48	10.7	21.6	8.89	1.1901	0.00	115	1	100.0	5
03/04/26	16:30	12.5	12.5	12.4	89	10.7	12.9	SW	1.07	30.6	WSW	11.1	12.5	11.1	---	1021.3	0.00	0.0	118	0.85	137	0.020	0.000	22.1	48	10.6	21.4	8.89	1.1906	0.00	115	1	100.0	5
03/04/26	16:35	12.6	12.6	12.5	89	10.8	11.3	SW	0.94	25.7	SW	11.5	12.6	11.5	---	1021.4	0.00	0.0	129	0.92	135	0.020	0.000	22.1	48	10.5	21.4	8.88	1.1909	0.00	117	1	100.0	5
03/04/26	16:40	12.7	12.7	12.6	89	10.9	12.9	SW	1.07	24.1	WSW	11.3	12.7	11.3	---	1021.5	0.00	0.0	126	0.90	142	0.020	0.000	22.0	48	10.5	21.3	8.88	1.1913	0.00	117	1	100.0	5
03/04/26	16:45	12.7	12.7	12.7	89	11.0	16.1	SW	1.34	30.6	SW	10.6	12.7	10.6	---	1021.3	0.00	0.0	117	0.84	127	0.019	0.000	21.9	48	10.4	21.2	8.88	1.1914	0.00	116	1	100.0	5
03/04/26	16:50	12.7	12.7	12.7	88	10.8	14.5	SW	1.21	27.4	SW	10.9	12.7	10.9	---	1021.3	0.00	0.0	101	0.72	105	0.019	0.000	21.9	48	10.4	21.2	8.88	1.1916	0.00	113	1	99.1	5
03/04/26	16:55	12.8	12.8	12.7	89	11.0	12.9	SW	1.07	30.6	WSW	11.4	12.8	11.4	---	1021.3	0.00	0.0	93	0.67	100	0.019	0.000	21.8	48	10.3	21.1	8.88	1.1919	0.00	112	1	98.2	5
03/04/26	17:00	12.8	12.8	12.7	88	10.8	19.3	SW	1.61	35.4	SW	10.0	12.8	10.0	---	1021.3	0.00	0.0	96	0.69	107	0.019	0.000	21.8	48	10.3	21.0	8.87	1.1922	0.08	116	1	100.0	5
03/04/26	17:05	12.8	12.8	12.8	88	10.9	12.9	SW	1.07	29.0	SW	11.4	12.8	11.4	---	1021.4	0.00	0.0	84	0.60	90	0.019	0.000	21.7	49	10.5	20.9	9.05	1.1923	0.00	117	1	100.0	5
03/04/26	17:10	12.8	12.9	12.8	88	10.9	11.3	SW	0.94	22.5	NW	11.8	12.8	11.8	---	1021.5	0.00	0.0	65	0.47	67	0.019	0.000	21.7	49	10.5	20.9	9.05	1.1927	0.00	113	1	99.1	5
03/04/26	17:15	12.8	12.8	12.8	89	11.1	11.3	SW	0.94	25.7	NW	11.8	12.8	11.8	---	1021.4	0.00	0.0	69	0.49	77	0.019	0.000	21.6	49	10.4	20.8	9.05	1.1929	0.00	117	1	100.0	5
03/04/26	17:20	12.8	12.9	12.8	89	11.1	9.7	SW	0.80	19.3	WSW	12.1	12.8	12.1	---	1021.4	0.00	0.0	76	0.54	81	0.019	0.000	21.6	49	10.4	20.7	9.05	1.1931	0.00	114	1	100.0	5
03/04/26	17:25	12.9	12.9	12.8	89	11.1	6.4	WSW	0.54	12.9	WSW	12.7	12.9	12.7	---	1021.4	0.00	0.0	86	0.62	93	0.019	0.000	21.5	49	10.3	20.7	9.05	1.1934	0.00	114	1	100.0	5
03/04/26	17:30	12.9	12.9	12.9	89	11.2	9.7	SW	0.80	24.1	SW	12.2	12.9	12.2	---	1021.4	0.00	0.0	93	0.67	105	0.019	0.000	21.4	49	10.3	20.6	9.05	1.1936	0.00	117	1	100.0	5
03/04/26	17:35	12.9	12.9	12.9	89	11.2	11.3	WSW	0.94	25.7	WSW	12.0	12.9	12.0	---	1021.3	0.00	0.0	111	0.80	128	0.019	0.000	21.4	49	10.3	20.6	9.05	1.1936	0.00	116	1	100.0	5
03/04/26	17:40	13.0	13.0	12.9	89	11.2	12.9	SW	1.07	30.6	W	11.7	13.0	11.7	---	1021.4	0.00	0.0	93	0.67	105	0.019	0.000	21.4	49	10.2	20.5	9.05	1.1940	0.00	115	1	100.0	5
03/04/26	17:45	13.0	13.0	12.9	89	11.2	8.0	SW	0.67	24.1	SW	12.6	13.0	12.6	---	1021.5	0.00	0.0	70	0.50	79	0.019	0.000	21.4	49	10.2	20.5	9.05	1.1941	0.00	118	1	100.0	5
03/04/26	17:50	12.9	13.0	12.9	89	11.2	12.9	SW	1.07	25.7	SW	11.6	12.9	11.6	---	1021.5	0.00	0.0	78	0.56	107	0.019	0.000	21.3	50	10.5	20.5	9.25	1.1941	0.00	108	1	94.7	5
03/04/26	17:55	13.0	13.0	12.9	89	11.2	11.3	SW	0.94	27.4	WNW	12.1	13.0	12.1	---	1021.5	0.00	0.0	88	0.63	109	0.019	0.000	21.3	50	10.5	20.5	9.25	1.1941	0.00	116	1	100.0	5
03/04/26	18:00	12.9	13.0	12.9	89	11.2	9.7	SW	0.80	22.5	SW	12.2	12.9	12.2	---	1021.6	0.00	0.0	80	0.57	98	0.019	0.000	21.3	50	10.5	20.5	9.25	1.1941	0.05	117	1	100.0	5
03/04/26	18:05	12.9	13.0	12.9	89	11.2	9.7	WSW	0.80	19.3	NW	12.2	12.9	12.2	---	1021.5	0.00	0.0	70	0.50	83	0.019	0.000	21.3	50	10.5	20.5	9.25	1.1941	0.00	116	1	100.0	5
03/04/26	18:10	13.0	13.0	12.9	89	11.2	6.4	WSW	0.54	16.1	SW	12.8	13.0	12.8	---	1021.4	0.00	0.0	81	0.58	91	0.019	0.000	21.3	50	10.5	20.5	9.25	1.1940	0.00	117	1	100.0	5
03/04/26	18:15	13.0	13.0	12.9	89	11.2	9.7	SW	0.80	24.1	WSW	12.3	13.0	12.3	---	1021.5	0.00	0.0	83	0.59	88	0.019	0.000	21.3	50	10.5	20.5	9.25	1.1940	0.00	116	1	100.0	5
03/04/26	18:20	13.0	13.0	12.9	89	11.2	11.3	SW	0.94	25.7	SW	12.1	13.0	12.1	---	1021.5	0.00	0.0	92	0.66	98	0.019	0.000	21.3	50	10.5	20.5	9.25	1.1941	0.00	115	1	100.0	5
03/04/26	18:25	13.0	13.0	12.9	89	11.2	11.3	SW	0.94	32.2	WSW	12.1	13.0	12.1	---	1021.5	0.00	0.0	60	0.43	76	0.019	0.000	21.3	51	10.7	20.4	9.44	1.1941	0.00	115	1	100.0	5
03/04/26	18:30	12.9	13.0	12.9	89	11.2	14.5	SW	1.21	33.8	WSW	11.2	12.9	11.2	---	1021.5	0.00	0.0	46	0.33	49	0.019	0.000	21.3	51	10.7	20.4	9.44	1.1940	0.00	117	1	100.0	5
03/04/26	18:35	13.0	13.0	12.9	89	11.2	9.7	WSW	0.80	22.5	W	12.3	13.0	12.3	---	1021.6	0.00	0.0	44	0.32	47	0.019	0.000	21.3	51	10.7	20.4	9.44	1.1942	0.00	117	1	100.0	5
03/04/26	18:40	12.9	13.0	12.9	89	11.2	9.7	SW	0.80	19.3	SW	12.2	12.9	12.2	---	1021.6	0.00	0.0	47	0.34	54	0.019	0.000	21.2	51	10.7	20.4	9.45	1.1944	0.00	117	1	100.0	5
03/04/26	18:45	13.0	13.1	12.9	89	11.2	11.3	SW	0.94	25.7	SW	12.1	13.0	12.1	---	1021.7	0.00	0.0	62	0.44	76	0.019	0.000	21.2	51	10.7	20.4	9.45	1.1946	0.00	117	1	100.0	5
03/04/26	18:50	13.1	13.1	13.0	89	11.3	11.3	SW	0.94	27.4	SW	12.1	13.1	12.1	---	1021.8	0.00	0.0	43	0.31	47	0.018	0.000	21.2	51	10.6	20.3	9.45	1.1950	0.00	115	1	100.0	5
03/04/26	18:55	13.0	13.1	12.9	89	11.2	9.7	SW	0.80	25.7	SW	12.3	13.0	12.3	---	1021.8	0.00	0.0	42	0.30	47	0.019	0.000	21.2	51	10.6	20.3	9.45	1.1949	0.00	115	1	100.0	5
03/04/26	19:00	12.9	13.1	12.9	89	11.2	12.9	SW	1.07	22.5	WSW	11.6	12.9	11.6	---	1021.7	0.00	0.0	42	0.30	47	0.019	0.000	21.1	51	10.6	20.2	9.45	1.1951	0.05	115	1	100.0	5
03/04/26	19:05	13.0	13.1	13.0	89	11.2	12.9	WSW	1.07	33.8	SW	11.7	13.0	11.7	---	1021.7	0.00	0.0	49	0.35	53	0.019	0.000	21.1	51	10.5	20.2	9.45	1.1954	0.00	116	1	100.0	5
03/04/26	19:10	13.0	13.1	13.0	89	11.2	14.5	WSW	1.21	30.6	WSW	11.3	13.0	11.3	---	1021.7	0.00	0.0	44	0.32	53	0.019	0.000	21.1	51	10.5	20.2	9.45	1.1954	0.00	117	1	100.0	5
03/04/26	19:15	13.0	13.0	12.9	89	11.2	12.9	SW	1.07	25.7	W	11.7	13.0	11.7	---	1021.7	0.00	0.0	49	0.35	58	0.019	0.000	21.1	51	10.5	20.2	9.45	1.1954	0.00	117	1	100.0	5
03/04/26	19:20	13.0	13.1	12.9	89	11.2	12.9	WSW	1.07	27.4	WSW	11.7	13.0	11.7	---	1021.8	0.00	0.0	51	0.37	56	0.019	0.000	21.0	51	10.5	20.2	9.45	1.1958	0.00	113	1	99.1	5
03/04/26	19:25	13.0	13.1	13.0	89	11.2	9.7	SW	0.80	22.5	WSW	12.3	13.0	12.3	---	1021.8	0.00	0.0	48	0.34	54	0.019	0.000	21.0	51	10.5	20.2	9.45	1.1958	0.00	115	1	100.0	5
03/04/26	19:30	13.0	13.1	13.0	89	11.2	9.7	SW	0.80	19.3	SW	12.3	13.0	12.3	---	1021.8	0.00	0.0	41	0.29	46	0.019	0.000	21.0	51	10.5	20.2	9.45	1.1958	0.00	117	1	100.0	5
03/04/26	19:35	13.1	13.1	13.0	89	11.3	9.7	SW	0.80	20.9	SW	12.3	13.1	12.3	---	1021.8	0.00	0.0	33	0.24	35	0.018	0.000	20.9	51	10.4	20.1	9.46	1.1961	0.00	117	1	100.0	5
03/04/26	19:40	13.1	13.1	13.0	89	11.3	11.3	SW	0.94	22.5	SSW	12.1	13.1	12.1	---	1021.8	0.00	0.0	38	0.27	46	0.018	0.000	20.9	51	10.4	20.1	9.46	1.1961	0.00	117	1	100.0	5
03/04/26	19:45	13.1	13.1	13.1	89	11.3	11.3	SW	0.94	22.5	SW	12.1	13.1	12.1	---	1022.0	0.00	0.0	22	0.16	25	0.018	0.000	20.9	51	10.4	20.1	9.46	1.1963	0.00	117	1	100.0	5
03/04/26	19:50	13.0	13.1	13.0	89	11.2	6.4	SW	0.54	19.3	SW	12.8	13.0	12.8	---	1022.1	0.00	0.0	25	0.18	28	0.019	0.000	20.9	51	10.4	20.1	9.46	1.1964	0.00	113	1	99.1	5
03/04/26	19:55	13.0	13.1	13.0	89	11.2	8.0	SW	0.67	20.9	SW	12.6	13.0	12.6	---	1022.1	0.00	0.0	23	0.16	30	0.019	0.000	20.9	51	10.4	20.1	9.46	1.1964	0.00	116	1	100.0	5
03/04/26	20:00	12.9	13.0	12.9	89	11.2	8.0	W	0.67	19.3	WNW	12.5	12.9	12.5	---	1022.1	0.00	0.0	17	0.12	19	0.019	0.000	20.9	51	10.4	20.1	9.46	1.1967	0.03	117	1	100.0	5
03/04/26	20:05	12.9	12.9	12.9	89	11.1	8.0	SW	0.67	14.5	W	12.4	12.9	12.4	---	1022.2	0.00	0.0	10	0.07	12	0.019	0.000	20.9	51	10.4	20.1	9.46	1.1967	0.00	116	1	100.0	5
03/04/26	20:10	12.9	12.9	12.9	89	11.1	11.3	SW	0.94	22.5	SSW	11.9	12.9	11.9	---	1022.2	0.00	0.0	7	0.05	7	0.019	0.000	20.9	50	10.1	20.0	9.26	1.1970	0.00	117	1	100.0	5
03/04/26	20:15	12.9	12.9	12.8	89	11.1	9.7	SW	0.80	25.7	SW	12.1	12.9	12.1	---	1022.2	0.00	0.0	4	0.03	5	0.019	0.000	20.9	50	10.1	20.0	9.26	1.1970	0.00	116	1	100.0	5
03/04/26	20:20	12.9	12.9	12.8	89	11.1	12.9	SW	1.07	29.0	SW	11.5	12.9	11.5	---	1022.2	0.00	0.0	0	0.00	0	0.019	0.000	20.9	50	10.1	20.0	9.26	1.1971	0.00	115	1	100.0	5
03/04/26	20:25	12.8	12.9	12.8	89	11.1	9.7	SW	0.80	19.3	SW	12.1	12.8	12.1	---	1022.2	0.00	0.0	0	0.00	0	0.019	0.000	20.9	50	10.1	20.0	9.26	1.1971	0.00	115	1	100.0	5
03/04/26	20:30	12.8	12.9	12.8	89	11.1	8.0	SW	0.67	19.3	W	12.3	12.8	12.3	---	1022.2	0.00	0.0	0	0.00	0	0.019	0.000	20.9	50	10.1	20.0	9.26	1.1971	0.00	117	1	100.0	5
03/04/26	20:35	12.8	12.8	12.8	89	11.0	9.7	SW	0.80	24.1	WSW	12.0	12.8	12.0	---	1022.2	0.00	0.0	0	0.00	0	0.019	0.000	20.8	50	10.0	19.9	9.26	1.1974	0.00	117	1	100.0	5
03/04/26	20:40	12.8	12.8	12.8	89	11.0	12.9	SW	1.07	20.9	SW	11.4	12.8	11.4	---	1022.2	0.00	0.0	0	0.00	0	0.019	0.000	20.8	50	10.0	19.9	9.26	1.1973	0.00	116	1	100.0	5
03/04/26	20:45	12.8	12.8	12.7	89	11.0	11.3	SW	0.94	20.9	W	11.8	12.8	11.8	---	1022.3	0.00	0.0	0	0.00	0	0.019	0.000	20.8	50	10.0	19.9	9.26	1.1977	0.00	117	1	100.0	5
03/04/26	20:50	12.7	12.8	12.7	89	11.0	9.7	SW	0.80	17.7	SW	11.9	12.7	11.9	---	1022.3	0.00	0.0	0	0.00	0	0.019	0.000	20.8	50	10.0	19.9	9.26	1.1975	0.00	114	1	100.0	5
03/04/26	20:55	12.7	12.7	12.7	89	11.0	9.7	SW	0.80	22.5	SW	11.9	12.7	11.9	---	1022.4	0.00	0.0	0	0.00	0	0.019	0.000	20.8	50	10.0	19.9	9.26	1.1979	0.00	115	1	100.0	5
03/04/26	21:00	12.7	12.7	12.7	89	11.0	9.7	SW	0.80	22.5	WSW	11.9	12.7	11.9	---	1022.4	0.00	0.0	0	0.00	0	0.019	0.000	20.8	50	10.0	19.9	9.26	1.1978	0.00	118	1	100.0	5
03/04/26	21:05	12.7	12.7	12.7	90	11.1	8.0	SW	0.67	20.9	SW	12.2	12.7	12.2	---	1022.5	0.00	0.0	0	0.00	0	0.020	0.000	20.8	50	10.0	19.9	9.26	1.1979	0.00	117	1	100.0	5
03/04/26	21:10	12.7	12.7	12.7	89	10.9	8.0	SW	0.67	16.1	W	12.2	12.7	12.2	---	1022.6	0.00	0.0	0	0.00	0	0.020	0.000	20.8	50	10.0	19.9	9.26	1.1981	0.00	117	1	100.0	5
03/04/26	21:15	12.7	12.7	12.6	90	11.1	8.0	SW	0.67	19.3	WNW	12.2	12.7	12.2	---	1022.7	0.00	0.0	0	0.00	0	0.020	0.000	20.8	50	10.0	19.9	9.26	1.1982	0.00	117	1	100.0	5
03/04/26	21:20	12.6	12.7	12.6	90	11.0	6.4	SW	0.54	17.7	W	12.4	12.7	12.4	---	1022.6	0.00	0.0	0	0.00	0	0.020	0.000	20.8	50	10.0	19.9	9.26	1.1981	0.00	113	1	99.1	5
03/04/26	21:25	12.6	12.6	12.6	90	11.0	6.4	SW	0.54	17.7	SW	12.3	12.6	12.4	---	1022.6	0.00	0.0	0	0.00	0	0.020	0.000	20.8	50	10.0	19.9	9.26	1.1981	0.00	114	1	100.0	5
03/04/26	21:30	12.6	12.6	12.6	90	11.0	9.7	SW	0.80	17.7	SW	11.7	12.6	11.8	---	1022.6	0.00	0.0	0	0.00	0	0.020	0.000	20.7	50	9.9	19.8	9.26	1.1984	0.00	117	1	100.0	5
03/04/26	21:35	12.6	12.6	12.6	90	11.0	9.7	SW	0.80	25.7	SW	11.7	12.6	11.8	---	1022.7	0.00	0.0	0	0.00	0	0.020	0.000	20.7	50	9.9	19.8	9.26	1.1985	0.00	117	1	100.0	5
03/04/26	21:40	12.6	12.6	12.6	90	11.0	8.0	SW	0.67	19.3	SW	12.0	12.6	12.1	---	1022.6	0.00	0.0	0	0.00	0	0.020	0.000	20.7	50	9.9	19.8	9.26	1.1984	0.00	117	1	100.0	5
03/04/26	21:45	12.6	12.6	12.5	90	11.0	11.3	SW	0.94	20.9	SW	11.5	12.6	11.6	---	1022.5	0.00	0.0	0	0.00	0	0.020	0.000	20.7	50	9.9	19.8	9.26	1.1983	0.00	117	1	100.0	5
03/04/26	21:50	12.5	12.6	12.5	90	10.9	9.7	SW	0.80	20.9	SW	11.7	12.6	11.7	---	1022.5	0.00	0.0	0	0.00	0	0.020	0.000	20.7	50	9.9	19.8	9.26	1.1983	0.00	114	1	100.0	5
03/04/26	21:55	12.6	12.6	12.5	90	11.0	11.3	SW	0.94	20.9	WSW	11.5	12.6	11.6	---	1022.7	0.00	0.0	0	0.00	0	0.020	0.000	20.7	50	9.9	19.8	9.26	1.1985	0.00	114	1	100.0	5
03/04/26	22:00	12.6	12.6	12.5	90	11.0	11.3	SW	0.94	20.9	SW	11.5	12.6	11.6	---	1022.7	0.00	0.0	0	0.00	0	0.020	0.000	20.7	50	9.9	19.8	9.26	1.1985	0.00	115	1	100.0	5
03/04/26	22:05	12.5	12.6	12.5	90	10.9	9.7	SW	0.80	24.1	SW	11.7	12.6	11.7	---	1022.7	0.00	0.0	0	0.00	0	0.020	0.000	20.7	50	9.9	19.8	9.27	1.1988	0.00	117	1	100.0	5
03/04/26	22:10	12.5	12.6	12.4	90	10.9	11.3	SW	0.94	25.7	SW	11.4	12.6	11.5	---	1022.9	0.00	0.0	0	0.00	0	0.020	0.000	20.7	50	9.9	19.8	9.26	1.1987	0.00	117	1	100.0	5
03/04/26	22:15	12.4	12.5	12.4	90	10.8	9.7	SW	0.80	22.5	SW	11.6	12.5	11.7	---	1023.0	0.00	0.0	0	0.00	0	0.020	0.000	20.7	50	9.9	19.8	9.27	1.1991	0.00	117	1	100.0	5
03/04/26	22:20	12.4	12.5	12.4	90	10.8	12.9	SW	1.07	25.7	WSW	11.0	12.5	11.1	---	1023.0	0.00	0.0	0	0.00	0	0.020	0.000	20.7	50	9.9	19.8	9.26	1.1988	0.00	115	1	100.0	5
03/04/26	22:25	12.4	12.5	12.4	90	10.8	11.3	SW	0.94	32.2	WSW	11.4	12.5	11.4	---	1023.0	0.00	0.0	0	0.00	0	0.020	0.000	20.7	50	9.9	19.8	9.27	1.1991	0.00	114	1	100.0	5
03/04/26	22:30	12.4	12.4	12.4	90	10.8	8.0	SW	0.67	24.1	WSW	11.9	12.5	11.9	---	1023.0	0.00	0.0	0	0.00	0	0.020	0.000	20.7	50	9.9	19.8	9.27	1.1991	0.00	117	1	100.0	5
03/04/26	22:35	12.4	12.4	12.4	90	10.8	11.3	SW	0.94	24.1	WSW	11.4	12.5	11.4	---	1023.0	0.00	0.0	0	0.00	0	0.020	0.000	20.7	50	9.9	19.8	9.27	1.1991	0.00	117	1	100.0	5
03/04/26	22:40	12.4	12.4	12.4	90	10.8	14.5	SW	1.21	30.6	WSW	10.6	12.4	10.6	---	1023.0	0.00	0.0	0	0.00	0	0.021	0.000	20.7	50	9.9	19.8	9.27	1.1991	0.00	117	1	100.0	5
03/04/26	22:45	12.4	12.4	12.4	90	10.8	9.7	SW	0.80	22.5	WSW	11.6	12.4	11.6	---	1022.9	0.00	0.0	0	0.00	0	0.021	0.000	20.7	50	9.9	19.8	9.27	1.1991	0.00	116	1	100.0	5
03/04/26	22:50	12.4	12.4	12.4	90	10.8	9.7	SW	0.80	24.1	SW	11.6	12.4	11.6	---	1023.1	0.00	0.0	0	0.00	0	0.021	0.000	20.7	50	9.9	19.8	9.27	1.1993	0.00	113	1	99.1	5
03/04/26	22:55	12.4	12.4	12.3	90	10.8	6.4	SW	0.54	12.9	WSW	12.1	12.4	12.2	---	1023.2	0.00	0.0	0	0.00	0	0.021	0.000	20.6	50	9.8	19.8	9.27	1.1996	0.00	114	1	100.0	5
03/04/26	23:00	12.4	12.4	12.3	90	10.8	11.3	SW	0.94	19.3	SW	11.3	12.4	11.4	---	1023.1	0.00	0.0	0	0.00	0	0.021	0.000	20.6	50	9.8	19.8	9.27	1.1996	0.00	117	1	100.0	5
03/04/26	23:05	12.4	12.4	12.3	90	10.8	9.7	SW	0.80	22.5	SW	11.6	12.4	11.6	---	1023.1	0.00	0.0	0	0.00	0	0.021	0.000	20.6	50	9.8	19.8	9.27	1.1996	0.00	117	1	100.0	5
03/04/26	23:10	12.4	12.4	12.3	90	10.8	12.9	SW	1.07	22.5	SW	10.9	12.4	11.0	---	1023.1	0.00	0.0	0	0.00	0	0.021	0.000	20.7	50	9.9	19.8	9.27	1.1993	0.00	118	1	100.0	5
03/04/26	23:15	12.4	12.4	12.3	90	10.8	12.9	SW	1.07	25.7	WSW	10.9	12.4	11.0	---	1023.2	0.00	0.0	0	0.00	0	0.021	0.000	20.6	50	9.8	19.8	9.27	1.1997	0.00	117	1	100.0	5
03/04/26	23:20	12.4	12.4	12.3	90	10.8	14.5	SW	1.21	27.4	SW	10.6	12.4	10.6	---	1023.1	0.00	0.0	0	0.00	0	0.021	0.000	20.6	50	9.8	19.8	9.27	1.1996	0.00	115	1	100.0	5
03/04/26	23:25	12.3	12.4	12.3	90	10.7	12.9	SW	1.07	27.4	WSW	10.8	12.4	10.9	---	1023.2	0.00	0.0	0	0.00	0	0.021	0.000	20.6	50	9.8	19.8	9.27	1.1997	0.00	113	1	99.1	5
03/04/26	23:30	12.3	12.4	12.3	90	10.7	14.5	SW	1.21	30.6	SW	10.4	12.4	10.5	---	1023.3	0.00	0.0	0	0.00	0	0.021	0.000	20.6	50	9.8	19.8	9.27	1.1998	0.00	117	1	100.0	5
03/04/26	23:35	12.3	12.3	12.3	90	10.7	9.7	SW	0.80	20.9	SW	11.4	12.4	11.5	---	1023.3	0.00	0.0	0	0.00	0	0.021	0.000	20.6	50	9.8	19.8	9.27	1.1998	0.00	117	1	100.0	5
03/04/26	23:40	12.3	12.3	12.3	90	10.7	8.0	SW	0.67	19.3	WSW	11.7	12.4	11.8	---	1023.4	0.00	0.0	0	0.00	0	0.021	0.000	20.6	50	9.8	19.7	9.27	1.2002	0.00	117	1	100.0	5
03/04/26	23:45	12.3	12.3	12.3	90	10.7	11.3	SW	0.94	22.5	SW	11.2	12.3	11.2	---	1023.5	0.00	0.0	0	0.00	0	0.021	0.000	20.6	50	9.8	19.8	9.27	1.2000	0.00	116	1	100.0	5
03/04/26	23:50	12.3	12.3	12.3	90	10.7	12.9	SW	1.07	30.6	SW	10.8	12.4	10.9	---	1023.6	0.00	0.0	0	0.00	0	0.021	0.000	20.6	50	9.8	19.8	9.27	1.2001	0.00	115	1	100.0	5
03/04/26	23:55	12.3	12.3	12.3	90	10.7	12.9	SW	1.07	25.7	SW	10.8	12.3	10.8	---	1023.5	0.00	0.0	0	0.00	0	0.021	0.000	20.6	50	9.8	19.7	9.27	1.2003	0.00	115	1	100.0	5
04/04/26	00:00	12.3	12.3	12.2	90	10.7	9.7	SW	0.80	24.1	SW	11.4	12.3	11.4	---	1023.6	0.00	0.0	0	0.00	0	0.021	0.000	20.6	50	9.8	19.7	9.27	1.2004	0.00	116	1	100.0	5
04/04/26	0:05	12.2	12.3	12.2	90	10.6	12.9	SW	1.07	25.7	SW	10.7	12.3	10.8	---	1023.6	0.00	0.0	0	0.00	0	0.021	0.000	20.6	50	9.8	19.8	9.27	1.2002	0.00	116	1	100.0	5
04/04/26	0:10	12.2	12.2	12.2	90	10.6	9.7	SW	0.80	27.4	SW	11.3	12.3	11.4	---	1023.7	0.00	0.0	0	0.00	0	0.021	0.000	20.6	50	9.8	19.8	9.27	1.2002	0.00	117	1	100.0	5
04/04/26	0:15	12.2	12.2	12.2	90	10.6	8.0	SW	0.67	17.7	SW	11.6	12.2	11.6	---	1023.6	0.00	0.0	0	0.00	0	0.021	0.000	20.6	50	9.8	19.7	9.27	1.2005	0.00	118	1	100.0	5
04/04/26	0:20	12.2	12.2	12.2	90	10.6	8.0	SW	0.67	22.5	WSW	11.6	12.2	11.6	---	1023.7	0.00	0.0	0	0.00	0	0.021	0.000	20.6	49	9.5	19.7	9.07	1.2008	0.00	116	1	100.0	5
04/04/26	0:25	12.2	12.2	12.1	89	10.4	11.3	SW	0.94	27.4	SW	11.1	12.2	11.1	---	1023.6	0.00	0.0	0	0.00	0	0.021	0.000	20.6	50	9.8	19.7	9.27	1.2005	0.00	112	1	98.2	5
04/04/26	0:30	12.2	12.2	12.2	89	10.4	9.7	SW	0.80	19.3	WSW	11.3	12.2	11.3	---	1023.6	0.00	0.0	0	0.00	0	0.021	0.000	20.6	50	9.8	19.7	9.27	1.2005	0.00	116	1	100.0	5
04/04/26	0:35	12.2	12.2	12.1	89	10.4	12.9	SW	1.07	25.7	SW	10.7	12.2	10.7	---	1023.7	0.00	0.0	0	0.00	0	0.021	0.000	20.6	50	9.8	19.7	9.27	1.2005	0.00	114	1	100.0	5
04/04/26	0:40	12.2	12.2	12.1	89	10.4	9.7	SW	0.80	20.9	WSW	11.3	12.2	11.3	---	1023.8	0.00	0.0	0	0.00	0	0.021	0.000	20.5	50	9.7	19.7	9.27	1.2009	0.00	117	1	100.0	5
04/04/26	0:45	12.1	12.2	12.1	89	10.4	11.3	WSW	0.94	30.6	WSW	11.0	12.2	11.1	---	1023.8	0.00	0.0	0	0.00	0	0.022	0.000	20.6	50	9.8	19.7	9.27	1.2007	0.00	116	1	100.0	5
04/04/26	0:50	12.1	12.2	12.1	89	10.4	9.7	WSW	0.80	24.1	SW	11.2	12.2	11.3	---	1023.9	0.00	0.0	0	0.00	0	0.022	0.000	20.6	49	9.5	19.7	9.07	1.2011	0.00	116	1	100.0	5
04/04/26	0:55	12.1	12.1	12.1	89	10.4	9.7	W	0.80	29.0	WSW	11.2	12.2	11.3	---	1023.9	0.00	0.0	0	0.00	0	0.022	0.000	20.5	49	9.4	19.6	9.07	1.2014	0.00	113	1	99.1	5
04/04/26	1:00	12.1	12.1	12.1	90	10.5	8.0	SW	0.67	19.3	SW	11.5	12.2	11.6	---	1024.0	0.00	0.0	0	0.00	0	0.022	0.000	20.5	49	9.4	19.6	9.07	1.2015	0.00	115	1	100.0	5
04/04/26	1:05	12.1	12.1	12.1	90	10.5	9.7	SW	0.80	22.5	WSW	11.1	12.1	11.2	---	1024.0	0.00	0.0	0	0.00	0	0.022	0.000	20.5	49	9.4	19.6	9.07	1.2015	0.00	117	1	100.0	5
04/04/26	1:10	12.1	12.1	12.1	90	10.5	9.7	SW	0.80	22.5	WSW	11.1	12.1	11.2	---	1024.0	0.00	0.0	0	0.00	0	0.022	0.000	20.5	49	9.4	19.6	9.07	1.2015	0.00	117	1	100.0	5
04/04/26	1:15	12.1	12.1	12.1	90	10.5	6.4	SW	0.54	14.5	W	11.8	12.2	11.9	---	1024.1	0.00	0.0	0	0.00	0	0.022	0.000	20.6	49	9.5	19.7	9.07	1.2013	0.00	116	1	100.0	5
04/04/26	1:20	12.1	12.1	12.1	90	10.5	9.7	SW	0.80	22.5	SW	11.2	12.2	11.3	---	1024.2	0.00	0.0	0	0.00	0	0.022	0.000	20.5	49	9.4	19.6	9.07	1.2017	0.00	118	1	100.0	5
04/04/26	1:25	12.1	12.1	12.1	90	10.5	9.7	SW	0.80	17.7	SW	11.2	12.2	11.3	---	1024.1	0.00	0.0	0	0.00	0	0.022	0.000	20.5	49	9.4	19.6	9.07	1.2016	0.00	114	1	100.0	5
04/04/26	1:30	12.1	12.1	12.1	90	10.5	9.7	SW	0.80	19.3	SW	11.2	12.2	11.3	---	1024.3	0.00	0.0	0	0.00	0	0.022	0.000	20.5	49	9.4	19.6	9.07	1.2018	0.00	116	1	100.0	5
04/04/26	1:35	12.1	12.1	12.1	90	10.5	8.0	SW	0.67	22.5	WNW	11.5	12.2	11.6	---	1024.2	0.00	0.0	0	0.00	0	0.022	0.000	20.5	49	9.4	19.6	9.07	1.2017	0.00	117	1	100.0	5
04/04/26	1:40	12.1	12.2	12.1	90	10.5	8.0	SW	0.67	22.5	WNW	11.5	12.2	11.6	---	1024.2	0.00	0.0	0	0.00	0	0.022	0.000	20.5	49	9.4	19.6	9.07	1.2017	0.00	117	1	100.0	5
04/04/26	1:45	12.1	12.2	12.1	90	10.5	6.4	WSW	0.54	14.5	WSW	11.8	12.2	11.9	---	1024.2	0.00	0.0	0	0.00	0	0.022	0.000	20.5	49	9.4	19.6	9.07	1.2017	0.00	116	1	100.0	5
04/04/26	1:50	12.1	12.2	12.1	90	10.5	11.3	SW	0.94	22.5	WSW	11.0	12.2	11.1	---	1024.3	0.00	0.0	0	0.00	0	0.022	0.000	20.5	49	9.4	19.6	9.07	1.2017	0.00	117	1	100.0	5
04/04/26	1:55	12.2	12.2	12.1	90	10.6	9.7	WSW	0.80	19.3	WSW	11.3	12.2	11.3	---	1024.2	0.00	0.0	0	0.00	0	0.021	0.000	20.5	49	9.4	19.6	9.07	1.2017	0.00	114	1	100.0	5
04/04/26	2:00	12.1	12.2	12.1	90	10.5	6.4	SW	0.54	16.1	WSW	11.8	12.2	11.9	---	1024.3	0.00	0.0	0	0.00	0	0.022	0.000	20.5	49	9.4	19.6	9.07	1.2017	0.00	115	1	100.0	5
04/04/26	2:05	12.2	12.2	12.1	90	10.6	8.0	SW	0.67	17.7	WSW	11.6	12.2	11.6	---	1024.3	0.00	0.0	0	0.00	0	0.021	0.000	20.5	49	9.4	19.6	9.07	1.2018	0.00	116	1	100.0	5
04/04/26	2:10	12.2	12.2	12.1	90	10.6	8.0	SW	0.67	17.7	SW	11.6	12.2	11.6	---	1024.3	0.00	0.0	0	0.00	0	0.021	0.000	20.4	49	9.4	19.6	9.07	1.2021	0.00	116	1	100.0	5
04/04/26	2:15	12.2	12.2	12.1	90	10.6	8.0	WSW	0.67	17.7	SW	11.6	12.2	11.6	---	1024.4	0.00	0.0	0	0.00	0	0.021	0.000	20.5	49	9.4	19.6	9.07	1.2019	0.00	117	1	100.0	5
04/04/26	2:20	12.1	12.2	12.1	90	10.5	6.4	WSW	0.54	14.5	WSW	11.8	12.2	11.9	---	1024.5	0.00	0.0	0	0.00	0	0.022	0.000	20.5	49	9.4	19.6	9.07	1.2020	0.00	117	1	100.0	5
04/04/26	2:25	12.1	12.1	12.1	90	10.5	4.8	SW	0.40	16.1	WNW	12.1	12.1	12.1	---	1024.4	0.00	0.0	0	0.00	0	0.022	0.000	20.5	49	9.4	19.6	9.07	1.2019	0.00	116	1	100.0	5
04/04/26	2:30	12.1	12.1	12.1	90	10.5	4.8	W	0.40	12.9	SW	12.1	12.1	12.1	---	1024.5	0.00	0.0	0	0.00	0	0.022	0.000	20.4	49	9.4	19.6	9.07	1.2023	0.00	114	1	100.0	5
04/04/26	2:35	12.1	12.1	12.1	90	10.5	3.2	SW	0.27	14.5	WSW	12.1	12.1	12.1	---	1024.5	0.00	0.0	0	0.00	0	0.022	0.000	20.4	49	9.4	19.6	9.07	1.2023	0.00	117	1	100.0	5
04/04/26	2:40	12.1	12.1	12.1	90	10.5	4.8	SSW	0.40	11.3	W	12.1	12.1	12.1	---	1024.5	0.00	0.0	0	0.00	0	0.022	0.000	20.4	49	9.4	19.6	9.07	1.2023	0.00	117	1	100.0	5
04/04/26	2:45	12.1	12.1	12.1	90	10.5	3.2	WSW	0.27	8.0	SW	12.1	12.1	12.1	---	1024.5	0.00	0.0	0	0.00	0	0.022	0.000	20.5	49	9.4	19.6	9.07	1.2020	0.00	117	1	100.0	5
04/04/26	2:50	12.1	12.1	12.1	90	10.5	4.8	WSW	0.40	12.9	SSW	12.1	12.1	12.1	---	1024.5	0.00	0.0	0	0.00	0	0.022	0.000	20.4	49	9.4	19.6	9.07	1.2023	0.00	117	1	100.0	5
04/04/26	2:55	12.0	12.1	12.0	90	10.4	3.2	SW	0.27	8.0	WSW	12.0	12.1	12.1	---	1024.4	0.00	0.0	0	0.00	0	0.022	0.000	20.4	49	9.4	19.6	9.07	1.2021	0.00	113	1	99.1	5
04/04/26	3:00	12.0	12.0	11.9	90	10.4	3.2	SW	0.27	11.3	SW	12.0	12.1	12.1	---	1024.4	0.00	0.0	0	0.00	0	0.022	0.000	20.4	49	9.4	19.6	9.07	1.2022	0.00	113	1	99.1	5
04/04/26	3:05	11.9	12.0	11.9	90	10.4	6.4	SW	0.54	14.5	WSW	11.6	12.0	11.7	---	1024.3	0.00	0.0	0	0.00	0	0.022	0.000	20.4	49	9.4	19.6	9.07	1.2021	0.00	115	1	100.0	5
04/04/26	3:10	11.9	11.9	11.9	91	10.5	4.8	SW	0.40	11.3	SW	11.9	11.9	11.9	---	1024.3	0.00	0.0	0	0.00	0	0.022	0.000	20.4	49	9.4	19.6	9.07	1.2020	0.00	117	1	100.0	5
04/04/26	3:15	11.9	11.9	11.8	90	10.3	4.8	WSW	0.40	14.5	SW	11.9	11.9	11.9	---	1024.3	0.00	0.0	0	0.00	0	0.022	0.000	20.4	49	9.4	19.6	9.07	1.2020	0.00	116	1	100.0	5
04/04/26	3:20	11.8	11.9	11.8	91	10.4	4.8	W	0.40	12.9	WSW	11.8	11.9	11.9	---	1024.1	0.00	0.0	0	0.00	0	0.023	0.000	20.4	49	9.4	19.6	9.07	1.2019	0.00	117	1	100.0	5
04/04/26	3:25	11.8	11.8	11.8	90	10.2	4.8	WNW	0.40	12.9	WNW	11.8	11.8	11.8	---	1024.2	0.00	0.0	0	0.00	0	0.023	0.000	20.4	49	9.4	19.6	9.07	1.2020	0.00	115	1	100.0	5
04/04/26	3:30	11.8	11.8	11.8	90	10.2	4.8	SW	0.40	9.7	SW	11.8	11.8	11.8	---	1024.3	0.00	0.0	0	0.00	0	0.023	0.000	20.4	49	9.4	19.6	9.07	1.2020	0.00	116	1	100.0	5
04/04/26	3:35	11.8	11.8	11.7	91	10.4	4.8	SW	0.40	12.9	W	11.8	11.8	11.8	---	1024.3	0.00	0.0	0	0.00	0	0.023	0.000	20.4	49	9.4	19.6	9.07	1.2020	0.00	116	1	100.0	5
04/04/26	3:40	11.7	11.8	11.7	91	10.3	4.8	WSW	0.40	11.3	WSW	11.7	11.8	11.8	---	1024.3	0.00	0.0	0	0.00	0	0.023	0.000	20.4	49	9.4	19.6	9.07	1.2020	0.00	116	1	100.0	5
04/04/26	3:45	11.7	11.8	11.7	91	10.3	3.2	SW	0.27	12.9	SW	11.7	11.8	11.8	---	1024.3	0.00	0.0	0	0.00	0	0.023	0.000	20.4	49	9.4	19.6	9.07	1.2021	0.00	116	1	100.0	5
04/04/26	3:50	11.7	11.7	11.7	90	10.1	4.8	WSW	0.40	11.3	WSW	11.7	11.7	11.7	---	1024.2	0.00	0.0	0	0.00	0	0.023	0.000	20.4	49	9.4	19.6	9.07	1.2020	0.00	117	1	100.0	5
04/04/26	3:55	11.6	11.7	11.6	90	10.0	3.2	SW	0.27	8.0	WSW	11.6	11.7	11.7	---	1024.3	0.00	0.0	0	0.00	0	0.023	0.000	20.4	49	9.4	19.6	9.07	1.2020	0.00	117	1	100.0	5
04/04/26	4:00	11.6	11.7	11.6	90	10.0	4.8	WSW	0.40	8.0	SW	11.6	11.7	11.7	---	1024.2	0.00	0.0	0	0.00	0	0.023	0.000	20.4	49	9.4	19.6	9.07	1.2019	0.00	114	1	100.0	5
04/04/26	4:05	11.6	11.6	11.6	90	10.0	4.8	SW	0.40	11.3	WSW	11.6	11.7	11.7	---	1024.2	0.00	0.0	0	0.00	0	0.023	0.000	20.4	49	9.4	19.6	9.07	1.2020	0.00	116	1	100.0	5
04/04/26	4:10	11.6	11.6	11.6	90	10.0	4.8	SW	0.40	8.0	SW	11.6	11.6	11.6	---	1024.3	0.00	0.0	0	0.00	0	0.024	0.000	20.4	49	9.4	19.6	9.07	1.2020	0.00	117	1	100.0	5
04/04/26	4:15	11.6	11.6	11.5	90	10.0	4.8	SW	0.40	9.7	SW	11.6	11.6	11.6	---	1024.2	0.00	0.0	0	0.00	0	0.024	0.000	20.4	49	9.4	19.6	9.07	1.2020	0.00	117	1	100.0	5
04/04/26	4:20	11.5	11.6	11.5	91	10.1	3.2	SW	0.27	8.0	SSW	11.5	11.6	11.6	---	1024.2	0.00	0.0	0	0.00	0	0.024	0.000	20.4	49	9.4	19.6	9.07	1.2019	0.00	117	1	100.0	5
04/04/26	4:25	11.4	11.5	11.4	91	10.0	3.2	SW	0.27	6.4	SW	11.4	11.6	11.6	---	1024.3	0.00	0.0	0	0.00	0	0.024	0.000	20.4	49	9.3	19.5	9.08	1.2023	0.00	117	1	100.0	5
04/04/26	4:30	11.4	11.5	11.4	91	10.0	3.2	SW	0.27	6.4	SW	11.4	11.6	11.6	---	1024.2	0.00	0.0	0	0.00	0	0.024	0.000	20.4	49	9.3	19.5	9.08	1.2022	0.00	114	1	100.0	5
04/04/26	4:35	11.4	11.4	11.4	91	10.0	3.2	SW	0.27	8.0	SW	11.4	11.5	11.5	---	1024.2	0.00	0.0	0	0.00	0	0.024	0.000	20.4	49	9.3	19.5	9.08	1.2022	0.00	116	1	100.0	5
04/04/26	4:40	11.4	11.4	11.4	91	10.0	1.6	WSW	0.13	4.8	WSW	11.4	11.5	11.5	---	1024.1	0.00	0.0	0	0.00	0	0.024	0.000	20.4	49	9.3	19.5	9.08	1.2022	0.00	117	1	100.0	5
04/04/26	4:45	11.3	11.4	11.3	91	9.9	3.2	WSW	0.27	9.7	SW	11.3	11.4	11.4	---	1024.1	0.00	0.0	0	0.00	0	0.024	0.000	20.4	49	9.3	19.5	9.08	1.2022	0.00	117	1	100.0	5
04/04/26	4:50	11.3	11.4	11.3	90	9.8	3.2	SW	0.27	11.3	SW	11.3	11.4	11.4	---	1024.1	0.00	0.0	0	0.00	0	0.024	0.000	20.4	49	9.3	19.5	9.08	1.2021	0.00	115	1	100.0	5
04/04/26	4:55	11.3	11.3	11.3	90	9.8	4.8	SW	0.40	8.0	SW	11.3	11.4	11.4	---	1024.0	0.00	0.0	0	0.00	0	0.024	0.000	20.4	49	9.3	19.5	9.08	1.2020	0.00	117	1	100.0	5
04/04/26	5:00	11.3	11.3	11.3	90	9.7	3.2	SW	0.27	6.4	SW	11.3	11.4	11.4	---	1024.0	0.00	0.0	0	0.00	0	0.024	0.000	20.4	49	9.3	19.5	9.08	1.2020	0.00	114	1	100.0	5
04/04/26	5:05	11.2	11.3	11.2	90	9.6	4.8	SW	0.40	8.0	SW	11.2	11.3	11.3	---	1024.0	0.00	0.0	0	0.00	0	0.025	0.000	20.4	49	9.3	19.5	9.08	1.2020	0.00	115	1	100.0	5
04/04/26	5:10	11.2	11.2	11.2	90	9.6	3.2	SW	0.27	8.0	SW	11.2	11.3	11.3	---	1024.0	0.00	0.0	0	0.00	0	0.025	0.000	20.4	49	9.3	19.5	9.08	1.2020	0.00	115	1	100.0	5
04/04/26	5:15	11.1	11.2	11.1	91	9.7	1.6	SW	0.13	4.8	SW	11.1	11.2	11.2	---	1024.0	0.00	0.0	0	0.00	0	0.025	0.000	20.4	49	9.3	19.5	9.08	1.2020	0.00	117	1	100.0	5
04/04/26	5:20	11.1	11.1	11.1	91	9.6	1.6	SW	0.13	6.4	SSW	11.1	11.2	11.2	---	1024.0	0.00	0.0	0	0.00	0	0.025	0.000	20.4	49	9.3	19.5	9.08	1.2020	0.00	117	1	100.0	5
04/04/26	5:25	10.9	11.1	10.9	91	9.5	3.2	SW	0.27	4.8	SW	10.9	11.1	11.1	---	1024.0	0.00	0.0	0	0.00	0	0.026	0.000	20.4	49	9.3	19.5	9.08	1.2020	0.00	117	1	100.0	5
04/04/26	5:30	10.9	11.0	10.9	91	9.5	1.6	SW	0.13	4.8	SW	10.9	11.1	11.1	---	1024.0	0.00	0.0	0	0.00	0	0.026	0.000	20.4	49	9.3	19.5	9.08	1.2020	0.00	115	1	100.0	5
04/04/26	5:35	10.9	10.9	10.9	91	9.5	0.0	SW	0.00	1.6	SW	10.9	11.0	11.0	---	1024.0	0.00	0.0	0	0.00	0	0.026	0.000	20.4	49	9.3	19.5	9.08	1.2020	0.00	114	1	100.0	5
04/04/26	5:40	10.9	10.9	10.9	91	9.5	0.0	---	0.00	0.0	---	10.9	11.0	11.0	---	1024.0	0.00	0.0	0	0.00	0	0.026	0.000	20.4	49	9.3	19.5	9.08	1.2020	0.00	117	1	100.0	5
04/04/26	5:45	10.8	10.9	10.8	91	9.4	0.0	---	0.00	0.0	---	10.8	10.9	10.9	---	1024.0	0.00	0.0	0	0.00	0	0.026	0.000	20.4	49	9.3	19.5	9.08	1.2020	0.00	117	1	100.0	5
04/04/26	5:50	10.8	10.8	10.8	91	9.4	1.6	SW	0.13	6.4	SW	10.8	10.9	10.9	---	1024.0	0.00	0.0	0	0.00	0	0.026	0.000	20.4	49	9.3	19.5	9.08	1.2020	0.00	116	1	100.0	5
04/04/26	5:55	10.8	10.8	10.8	91	9.4	1.6	SW	0.13	4.8	SW	10.8	10.9	10.9	---	1024.0	0.00	0.0	0	0.00	0	0.026	0.000	20.3	49	9.3	19.4	9.08	1.2023	0.00	117	1	100.0	5
04/04/26	6:00	10.7	10.8	10.7	91	9.3	3.2	SW	0.27	6.4	SW	10.7	10.8	10.8	---	1024.0	0.00	0.0	0	0.00	0	0.026	0.000	20.3	49	9.3	19.4	9.08	1.2022	0.00	117	1	100.0	5
04/04/26	6:05	10.7	10.7	10.7	91	9.3	3.2	SW	0.27	8.0	WSW	10.7	10.8	10.8	---	1024.0	0.00	0.0	0	0.00	0	0.026	0.000	20.3	49	9.3	19.4	9.08	1.2022	0.00	113	1	99.1	5
04/04/26	6:10	10.7	10.7	10.7	91	9.3	4.8	SW	0.40	9.7	SW	10.6	10.8	10.7	---	1024.0	0.00	0.0	0	0.00	0	0.026	0.000	20.4	49	9.3	19.5	9.08	1.2020	0.00	114	1	100.0	5
04/04/26	6:15	10.7	10.7	10.7	91	9.3	4.8	SW	0.40	8.0	SW	10.6	10.8	10.7	---	1024.0	0.00	0.0	0	0.00	0	0.027	0.000	20.3	49	9.3	19.4	9.08	1.2023	0.00	117	1	100.0	5
04/04/26	6:20	10.7	10.7	10.7	91	9.3	4.8	SW	0.40	9.7	SSW	10.6	10.8	10.7	---	1024.0	0.00	0.0	0	0.00	0	0.027	0.000	20.4	49	9.3	19.5	9.08	1.2020	0.00	116	1	100.0	5
04/04/26	6:25	10.7	10.7	10.7	91	9.3	3.2	SW	0.27	6.4	SW	10.7	10.8	10.8	---	1024.0	0.00	0.0	0	0.00	0	0.027	0.000	20.3	49	9.3	19.4	9.08	1.2023	0.00	116	1	100.0	5
04/04/26	6:30	10.7	10.7	10.7	91	9.3	3.2	SW	0.27	6.4	SW	10.7	10.8	10.8	---	1024.0	0.00	0.0	0	0.00	0	0.027	0.000	20.3	49	9.3	19.4	9.08	1.2023	0.00	116	1	100.0	5
04/04/26	6:35	10.6	10.7	10.6	91	9.2	1.6	SW	0.13	6.4	SW	10.6	10.7	10.7	---	1024.0	0.00	0.0	0	0.00	0	0.027	0.000	20.4	49	9.3	19.5	9.08	1.2020	0.00	115	1	100.0	5
04/04/26	6:40	10.6	10.7	10.6	91	9.2	1.6	SW	0.13	4.8	SW	10.6	10.7	10.7	---	1024.0	0.00	0.0	0	0.00	0	0.027	0.000	20.3	49	9.3	19.4	9.08	1.2023	0.00	113	1	99.1	5
04/04/26	6:45	10.6	10.7	10.6	91	9.2	1.6	SW	0.13	4.8	SW	10.6	10.7	10.7	---	1024.0	0.00	0.0	0	0.00	0	0.027	0.000	20.3	49	9.3	19.4	9.08	1.2023	0.00	118	1	100.0	5
04/04/26	6:50	10.6	10.6	10.6	91	9.1	0.0	SW	0.00	3.2	SW	10.6	10.7	10.7	---	1024.1	0.00	0.0	0	0.00	0	0.027	0.000	20.3	49	9.3	19.4	9.08	1.2024	0.00	117	1	100.0	5
04/04/26	6:55	10.6	10.6	10.6	91	9.1	0.0	---	0.00	0.0	---	10.6	10.7	10.7	---	1024.0	0.00	0.0	0	0.00	0	0.027	0.000	20.4	49	9.3	19.5	9.08	1.2020	0.00	116	1	100.0	5
04/04/26	7:00	10.6	10.6	10.5	91	9.1	0.0	---	0.00	0.0	---	10.6	10.7	10.7	---	1024.0	0.00	0.0	0	0.00	0	0.027	0.000	20.3	49	9.3	19.4	9.08	1.2023	0.00	117	1	100.0	5
04/04/26	7:05	10.5	10.6	10.5	91	9.1	1.6	SW	0.13	8.0	SW	10.5	10.7	10.7	---	1024.1	0.00	0.0	0	0.00	0	0.027	0.000	20.4	49	9.3	19.5	9.08	1.2021	0.00	117	1	100.0	5
04/04/26	7:10	10.5	10.6	10.5	91	9.1	1.6	SW	0.13	4.8	SW	10.5	10.7	10.7	---	1024.1	0.00	0.0	0	0.00	0	0.027	0.000	20.3	49	9.3	19.4	9.08	1.2024	0.00	113	1	99.1	5
04/04/26	7:15	10.6	10.6	10.6	91	9.1	3.2	WSW	0.27	4.8	W	10.6	10.7	10.7	---	1024.2	0.00	0.0	0	0.00	0	0.027	0.000	20.3	49	9.3	19.4	9.08	1.2025	0.00	114	1	100.0	5
04/04/26	7:20	10.6	10.6	10.6	91	9.2	3.2	SW	0.27	6.4	SW	10.6	10.7	10.7	---	1024.1	0.00	0.0	0	0.00	0	0.027	0.000	20.3	49	9.3	19.4	9.08	1.2024	0.00	117	1	100.0	5
04/04/26	7:25	10.6	10.6	10.6	91	9.2	3.2	SW	0.27	9.7	SW	10.6	10.7	10.7	---	1024.2	0.00	0.0	0	0.00	0	0.027	0.000	20.3	49	9.3	19.4	9.08	1.2025	0.00	117	1	100.0	5
04/04/26	7:30	10.6	10.6	10.6	91	9.2	3.2	SW	0.27	9.7	SW	10.6	10.7	10.7	---	1024.1	0.00	0.0	0	0.00	0	0.027	0.000	20.3	49	9.3	19.4	9.08	1.2024	0.00	116	1	100.0	5
04/04/26	7:35	10.6	10.7	10.6	91	9.2	0.0	SW	0.00	3.2	SW	10.6	10.7	10.7	---	1024.1	0.00	0.0	0	0.00	0	0.027	0.000	20.3	49	9.3	19.4	9.08	1.2024	0.00	116	1	100.0	5
04/04/26	7:40	10.6	10.6	10.6	91	9.1	3.2	SW	0.27	8.0	SW	10.6	10.7	10.7	---	1024.3	0.00	0.0	0	0.00	0	0.027	0.000	20.3	49	9.3	19.4	9.08	1.2026	0.00	115	1	100.0	5
04/04/26	7:45	10.6	10.6	10.6	91	9.1	1.6	SW	0.13	6.4	SW	10.6	10.7	10.7	---	1024.3	0.00	0.0	3	0.02	5	0.027	0.000	20.3	49	9.3	19.4	9.08	1.2026	0.00	114	1	100.0	5
04/04/26	7:50	10.6	10.6	10.6	91	9.1	1.6	SW	0.13	4.8	SW	10.6	10.7	10.7	---	1024.3	0.00	0.0	7	0.05	9	0.027	0.000	20.3	49	9.3	19.4	9.08	1.2026	0.00	117	1	100.0	5
04/04/26	7:55	10.6	10.6	10.6	91	9.1	1.6	SW	0.13	4.8	SW	10.6	10.7	10.7	---	1024.3	0.00	0.0	12	0.09	12	0.027	0.000	20.3	49	9.3	19.4	9.08	1.2026	0.00	115	1	100.0	5
04/04/26	8:00	10.6	10.6	10.6	91	9.1	1.6	SW	0.13	3.2	SW	10.6	10.7	10.7	---	1024.4	0.00	0.0	15	0.11	16	0.027	0.000	20.3	49	9.3	19.4	9.08	1.2028	0.00	117	1	100.0	5
04/04/26	8:05	10.6	10.6	10.5	91	9.1	3.2	SW	0.27	8.0	SW	10.6	10.7	10.7	---	1024.4	0.00	0.0	20	0.14	21	0.027	0.000	20.3	49	9.3	19.4	9.08	1.2028	0.00	117	1	100.0	5
04/04/26	8:10	10.6	10.6	10.5	91	9.1	3.2	SW	0.27	6.4	SW	10.6	10.7	10.7	---	1024.4	0.00	0.0	23	0.16	25	0.027	0.000	20.3	49	9.3	19.4	9.08	1.2028	0.00	115	1	100.0	5
04/04/26	8:15	10.6	10.6	10.6	91	9.1	4.8	SW	0.40	8.0	SSW	10.4	10.7	10.6	---	1024.5	0.00	0.0	29	0.21	30	0.027	0.000	20.3	49	9.3	19.4	9.08	1.2029	0.00	113	1	99.1	5
04/04/26	8:20	10.6	10.6	10.6	91	9.2	3.2	SW	0.27	6.4	SW	10.6	10.7	10.7	---	1024.7	0.00	0.0	31	0.22	33	0.027	0.000	20.3	49	9.3	19.4	9.08	1.2031	0.00	116	1	100.0	5
04/04/26	8:25	10.6	10.6	10.6	91	9.2	3.2	SW	0.27	6.4	WSW	10.6	10.7	10.7	---	1024.6	0.00	0.0	37	0.27	40	0.027	0.000	20.3	49	9.3	19.4	9.08	1.2030	0.00	116	1	100.0	5
04/04/26	8:30	10.6	10.6	10.6	91	9.2	1.6	SSW	0.13	6.4	SW	10.6	10.7	10.7	---	1024.6	0.00	0.0	41	0.29	44	0.027	0.000	20.3	49	9.3	19.4	9.08	1.2029	0.00	117	1	100.0	5
04/04/26	8:35	10.7	10.7	10.6	91	9.3	1.6	SW	0.13	4.8	SW	10.7	10.8	10.8	---	1024.6	0.00	0.0	44	0.32	47	0.027	0.000	20.3	49	9.3	19.4	9.08	1.2030	0.00	116	1	100.0	5
04/04/26	8:40	10.7	10.7	10.6	91	9.3	1.6	SW	0.13	4.8	SSW	10.7	10.8	10.8	---	1024.7	0.00	0.0	49	0.35	49	0.027	0.000	20.3	49	9.3	19.4	9.08	1.2031	0.00	116	1	100.0	5
04/04/26	8:45	10.7	10.7	10.7	91	9.3	3.2	SW	0.27	8.0	SW	10.7	10.8	10.8	---	1024.7	0.00	0.0	58	0.42	70	0.026	0.000	20.3	49	9.3	19.4	9.08	1.2030	0.00	115	1	100.0	5
04/04/26	8:50	10.7	10.7	10.7	90	9.1	4.8	SW	0.40	12.9	WSW	10.6	10.8	10.7	---	1024.6	0.00	0.0	65	0.47	70	0.026	0.000	20.3	49	9.3	19.4	9.08	1.2030	0.00	113	1	99.1	5
04/04/26	8:55	10.7	10.7	10.7	90	9.1	4.8	SW	0.40	8.0	WSW	10.6	10.8	10.7	---	1024.7	0.00	0.0	71	0.51	72	0.026	0.000	20.3	49	9.3	19.4	9.08	1.2031	0.00	118	1	100.0	5
04/04/26	9:00	10.8	10.8	10.7	90	9.2	4.8	SW	0.40	12.9	WSW	10.7	10.9	10.8	---	1024.7	0.00	0.0	77	0.55	81	0.026	0.000	20.4	49	9.3	19.5	9.08	1.2028	0.03	117	1	100.0	5
04/04/26	9:05	10.8	10.8	10.7	90	9.3	4.8	SW	0.40	9.7	SW	10.8	10.9	10.9	---	1024.8	0.00	0.0	81	0.58	88	0.026	0.000	20.3	49	9.3	19.4	9.08	1.2032	0.00	117	1	100.0	5
04/04/26	9:10	10.8	10.9	10.8	90	9.3	4.8	SW	0.40	12.9	WSW	10.8	10.9	10.9	---	1024.8	0.00	0.0	86	0.62	88	0.026	0.000	20.4	49	9.3	19.5	9.08	1.2029	0.00	116	1	100.0	5
04/04/26	9:15	10.8	10.8	10.8	89	9.1	6.4	SW	0.54	16.1	SSW	10.3	10.9	10.4	---	1024.6	0.00	0.0	89	0.64	93	0.026	0.000	20.3	49	9.3	19.4	9.08	1.2030	0.00	115	1	100.0	5
04/04/26	9:20	10.8	10.8	10.8	89	9.0	8.0	SW	0.67	14.5	SSW	9.9	10.9	10.1	---	1024.7	0.00	0.0	103	0.74	111	0.026	0.000	20.4	49	9.3	19.5	9.08	1.2028	0.00	113	1	99.1	5
04/04/26	9:25	10.8	10.8	10.8	89	9.1	6.4	SW	0.54	14.5	WSW	10.3	10.9	10.4	---	1024.8	0.00	0.0	106	0.76	111	0.026	0.000	20.4	49	9.3	19.5	9.08	1.2029	0.00	116	1	100.0	5
04/04/26	9:30	10.8	10.9	10.8	88	8.9	11.3	SW	0.94	22.5	SW	9.4	10.8	9.4	---	1024.7	0.00	0.0	124	0.89	130	0.026	0.000	20.4	49	9.3	19.5	9.08	1.2028	0.00	116	1	100.0	5
04/04/26	9:35	10.8	10.8	10.8	88	8.9	8.0	SW	0.67	16.1	SW	9.9	10.8	10.0	---	1024.8	0.00	0.0	123	0.88	130	0.026	0.000	20.4	49	9.3	19.5	9.08	1.2029	0.00	117	1	100.0	5
04/04/26	9:40	10.8	10.8	10.8	88	8.9	11.3	SW	0.94	22.5	SW	9.4	10.9	9.5	---	1024.8	0.00	0.0	124	0.89	128	0.026	0.000	20.4	49	9.3	19.5	9.08	1.2029	0.00	117	1	100.0	5
04/04/26	9:45	10.8	10.8	10.8	88	8.9	12.9	SW	1.07	22.5	WSW	9.1	10.9	9.1	---	1024.7	0.00	0.0	140	1.00	148	0.026	0.000	20.4	49	9.3	19.5	9.08	1.2028	0.00	116	1	100.0	5
04/04/26	9:50	10.9	10.9	10.8	88	9.0	8.0	SW	0.67	17.7	SW	10.1	11.0	10.2	---	1024.8	0.00	0.0	160	1.15	172	0.026	0.000	20.4	49	9.3	19.5	9.08	1.2029	0.00	114	1	100.0	5
04/04/26	9:55	11.0	11.0	10.9	87	8.9	9.7	SW	0.80	17.7	WSW	9.9	11.1	9.9	---	1024.7	0.00	0.0	171	1.23	181	0.025	0.000	20.4	49	9.3	19.5	9.08	1.2028	0.00	116	1	100.0	5
04/04/26	10:00	11.1	11.1	11.0	88	9.1	6.4	SW	0.54	16.1	WSW	10.6	11.1	10.7	---	1024.7	0.00	0.0	163	1.17	186	0.025	0.000	20.4	49	9.3	19.5	9.08	1.2028	0.08	118	1	100.0	5
04/04/26	10:05	11.2	11.2	11.1	87	9.1	8.0	WSW	0.67	17.7	WSW	10.4	11.2	10.4	---	1024.7	0.00	0.0	152	1.09	204	0.025	0.000	20.4	49	9.4	19.6	9.07	1.2025	0.00	117	1	100.0	5
04/04/26	10:10	11.2	11.2	11.1	87	9.1	9.7	SW	0.80	22.5	SW	10.1	11.2	10.1	---	1024.7	0.00	0.0	185	1.33	202	0.025	0.000	20.4	49	9.4	19.6	9.07	1.2025	0.00	116	1	100.0	5
04/04/26	10:15	11.3	11.3	11.2	87	9.2	4.8	SSW	0.40	14.5	SW	11.2	11.3	11.3	---	1024.8	0.00	0.0	195	1.40	230	0.024	0.000	20.4	49	9.4	19.6	9.07	1.2027	0.00	116	1	100.0	5
04/04/26	10:20	11.5	11.5	11.3	87	9.4	4.8	SW	0.40	12.9	SSW	11.5	11.5	11.5	---	1024.6	0.00	0.0	194	1.39	213	0.024	0.000	20.4	49	9.4	19.6	9.07	1.2025	0.00	115	1	100.0	5
04/04/26	10:25	11.6	11.6	11.5	86	9.3	6.4	SW	0.54	14.5	WSW	11.2	11.6	11.2	---	1024.7	0.00	0.0	170	1.22	178	0.024	0.000	20.4	49	9.4	19.6	9.07	1.2025	0.00	115	1	100.0	5
04/04/26	10:30	11.6	11.6	11.5	86	9.3	6.4	WSW	0.54	14.5	W	11.2	11.6	11.2	---	1024.7	0.00	0.0	234	1.68	265	0.024	0.000	20.4	49	9.4	19.6	9.07	1.2025	0.00	116	1	100.0	5
04/04/26	10:35	11.8	11.8	11.6	86	9.5	4.8	S	0.40	9.7	SSE	11.8	11.7	11.7	---	1024.6	0.00	0.0	234	1.68	248	0.023	0.000	20.4	49	9.4	19.6	9.07	1.2025	0.00	116	1	100.0	5
04/04/26	10:40	11.9	11.9	11.8	85	9.5	6.4	SW	0.54	14.5	SW	11.6	11.9	11.6	---	1024.7	0.00	0.0	252	1.81	313	0.022	0.000	20.5	49	9.4	19.6	9.07	1.2023	0.00	116	1	100.0	5
04/04/26	10:45	11.9	12.0	11.9	85	9.5	8.0	SW	0.67	16.1	SW	11.3	11.9	11.2	---	1024.7	0.00	0.0	270	1.94	308	0.022	0.000	20.5	49	9.4	19.6	9.07	1.2023	0.00	114	1	100.0	5
04/04/26	10:50	11.9	11.9	11.8	85	9.4	9.7	SW	0.80	17.7	SW	10.9	11.8	10.9	---	1024.7	0.00	0.0	291	2.09	320	0.022	0.000	20.5	49	9.4	19.6	9.07	1.2022	0.00	114	1	100.0	5
04/04/26	10:55	12.1	12.1	11.9	85	9.6	6.4	SSW	0.54	14.5	WNW	11.7	12.0	11.7	---	1024.7	0.00	0.0	298	2.14	299	0.022	0.000	20.5	49	9.4	19.6	9.07	1.2023	0.00	115	1	100.0	5
04/04/26	11:00	12.3	12.3	12.1	85	9.8	6.4	S	0.54	11.3	W	12.0	12.2	11.9	---	1024.7	0.00	0.0	332	2.38	383	0.021	0.000	20.5	49	9.4	19.6	9.07	1.2022	0.13	117	1	100.0	5
04/04/26	11:05	12.3	12.4	12.3	83	9.5	9.7	SW	0.80	17.7	SW	11.4	12.2	11.3	---	1024.7	0.00	0.0	283	2.03	350	0.021	0.000	20.6	49	9.5	19.7	9.07	1.2020	0.00	115	1	100.0	5
04/04/26	11:10	12.2	12.3	12.2	84	9.5	9.7	SW	0.80	20.9	SW	11.3	12.1	11.2	---	1024.7	0.00	0.0	263	1.89	287	0.021	0.000	20.6	49	9.5	19.7	9.07	1.2019	0.00	117	1	100.0	5
04/04/26	11:15	12.2	12.2	12.1	84	9.5	9.7	SW	0.80	16.1	WSW	11.3	12.1	11.2	---	1024.7	0.00	0.0	279	2.00	339	0.021	0.000	20.6	49	9.5	19.7	9.07	1.2020	0.00	117	1	100.0	5
04/04/26	11:20	12.2	12.2	12.1	84	9.5	9.7	SW	0.80	16.1	SW	11.3	12.1	11.2	---	1024.8	0.00	0.0	212	1.52	236	0.021	0.000	20.6	49	9.5	19.7	9.07	1.2021	0.00	113	1	99.1	5
04/04/26	11:25	12.5	12.5	12.2	85	10.0	4.8	SW	0.40	12.9	SW	12.5	12.4	12.4	---	1024.6	0.00	0.0	592	4.24	635	0.020	0.000	20.6	49	9.5	19.7	9.07	1.2019	0.00	116	1	100.0	5
04/04/26	11:30	13.2	13.2	12.5	83	10.3	4.8	SW	0.40	12.9	SW	13.2	13.1	13.1	---	1024.6	0.00	0.0	378	2.71	378	0.018	0.000	20.6	49	9.5	19.7	9.07	1.2016	0.00	116	1	100.0	5
04/04/26	11:35	13.3	13.3	13.2	82	10.3	8.0	SSW	0.67	19.3	SW	12.9	13.1	12.7	---	1024.7	0.00	0.0	529	3.79	754	0.018	0.000	20.6	49	9.5	19.7	9.07	1.2017	0.00	115	1	100.0	5
04/04/26	11:40	13.3	13.3	13.2	81	10.1	9.7	SW	0.80	20.9	WSW	12.6	13.1	12.4	---	1024.6	0.00	0.0	599	4.29	686	0.018	0.000	20.6	48	9.2	19.7	8.87	1.2019	0.00	116	1	100.0	5
04/04/26	11:45	13.3	13.3	13.3	82	10.3	8.0	SW	0.67	17.7	SSE	12.9	13.2	12.8	---	1024.6	0.00	0.0	596	4.27	617	0.017	0.000	20.6	48	9.2	19.7	8.87	1.2019	0.00	114	1	100.0	5
04/04/26	11:50	13.4	13.4	13.3	82	10.4	6.4	SW	0.54	16.1	WSW	13.3	13.3	13.2	---	1024.5	0.00	0.0	591	4.24	591	0.017	0.000	20.6	48	9.2	19.7	8.87	1.2018	0.00	114	1	100.0	5
04/04/26	11:55	13.4	13.6	13.4	82	10.4	8.0	SW	0.67	19.3	SW	13.1	13.3	12.9	---	1024.4	0.00	0.0	307	2.20	343	0.017	0.000	20.6	48	9.2	19.7	8.87	1.2017	0.00	116	1	100.0	5
04/04/26	12:00	13.5	13.5	13.4	82	10.5	6.4	SW	0.54	16.1	SW	13.4	13.3	13.3	---	1024.6	0.00	0.0	417	2.99	612	0.017	0.000	20.6	48	9.2	19.7	8.87	1.2018	0.25	116	1	100.0	5
04/04/26	12:05	13.8	13.8	13.5	82	10.8	6.4	SW	0.54	12.9	WSW	13.8	13.6	13.6	---	1024.5	0.00	0.0	592	4.24	693	0.016	0.000	20.7	48	9.3	19.7	8.87	1.2014	0.00	118	1	100.0	5
04/04/26	12:10	14.2	14.2	13.8	80	10.8	6.4	SSW	0.54	14.5	WSW	14.2	14.0	14.0	---	1024.5	0.00	0.0	285	2.04	313	0.014	0.000	20.7	48	9.3	19.7	8.87	1.2014	0.00	117	1	100.0	5
04/04/26	12:15	13.8	14.2	13.8	80	10.4	12.9	SW	1.07	19.3	WSW	12.6	13.6	12.4	---	1024.5	0.00	0.0	626	4.49	626	0.016	0.000	20.7	48	9.3	19.7	8.87	1.2015	0.00	113	1	99.1	5
04/04/26	12:20	13.9	13.9	13.8	80	10.5	12.9	SW	1.07	19.3	WSW	12.7	13.7	12.6	---	1024.4	0.00	0.0	709	5.08	728	0.015	0.000	20.7	48	9.3	19.7	8.87	1.2013	0.00	114	1	100.0	5
04/04/26	12:25	14.1	14.1	13.8	81	10.9	8.0	SW	0.67	19.3	SW	13.8	13.9	13.7	---	1024.3	0.00	0.0	535	3.83	751	0.015	0.000	20.7	48	9.3	19.7	8.87	1.2013	0.00	117	1	100.0	5
04/04/26	12:30	14.7	14.7	14.1	79	11.1	6.4	S	0.54	16.1	SSE	14.7	14.6	14.6	---	1024.3	0.00	0.0	568	4.07	613	0.013	0.000	20.7	48	9.3	19.7	8.87	1.2012	0.00	116	1	100.0	5
04/04/26	12:35	14.7	14.8	14.7	79	11.1	11.3	SW	0.94	20.9	SW	14.1	14.6	13.9	---	1024.2	0.00	0.0	656	4.70	687	0.013	0.000	20.7	48	9.3	19.7	8.87	1.2012	0.00	115	1	100.0	5
04/04/26	12:40	15.1	15.1	14.7	79	11.4	6.4	SW	0.54	12.9	WSW	15.1	14.9	14.9	---	1024.0	0.00	0.0	690	4.95	696	0.011	0.000	20.7	48	9.3	19.8	8.86	1.2007	0.00	115	1	100.0	5
04/04/26	12:45	15.5	15.5	15.1	77	11.5	6.4	SW	0.54	12.9	SW	15.5	15.3	15.3	---	1024.0	0.00	0.0	709	5.08	717	0.010	0.000	20.7	48	9.3	19.8	8.86	1.2006	0.00	115	1	100.0	5
04/04/26	12:50	16.0	16.0	15.5	76	11.8	6.4	SW	0.54	12.9	SSE	16.0	15.8	15.8	---	1023.9	0.00	0.0	738	5.29	749	0.008	0.000	20.7	48	9.3	19.8	8.86	1.2005	0.00	116	1	100.0	5
04/04/26	12:55	15.9	16.1	15.9	74	11.3	9.7	S	0.80	17.7	SSE	15.7	15.6	15.4	---	1023.8	0.00	0.0	690	4.95	715	0.008	0.000	20.7	48	9.3	19.8	8.86	1.2004	0.00	116	1	100.0	5
04/04/26	13:00	15.8	15.9	15.7	75	11.4	9.7	S	0.80	20.9	S	15.6	15.5	15.3	---	1023.7	0.00	0.0	745	5.34	784	0.009	0.000	20.7	48	9.3	19.8	8.86	1.2003	0.38	115	1	100.0	5
04/04/26	13:05	15.8	15.8	15.7	75	11.4	9.7	SSE	0.80	20.9	SSE	15.6	15.5	15.3	---	1023.7	0.00	0.0	751	5.38	793	0.009	0.000	20.8	48	9.4	19.8	8.86	1.2000	0.00	112	1	98.2	5
04/04/26	13:10	16.1	16.1	15.8	74	11.5	8.0	S	0.67	16.1	SSE	16.1	15.8	15.8	---	1023.6	0.00	0.0	708	5.07	770	0.008	0.000	20.8	48	9.4	19.8	8.86	1.1999	0.00	116	1	100.0	5
04/04/26	13:15	16.4	16.4	16.1	74	11.7	6.4	S	0.54	14.5	SSE	16.4	16.2	16.2	---	1023.5	0.00	0.0	617	4.42	835	0.007	0.000	20.8	48	9.4	19.8	8.86	1.1997	0.00	115	1	100.0	5
04/04/26	13:20	16.4	16.5	16.4	73	11.6	6.4	SSW	0.54	16.1	S	16.4	16.2	16.2	---	1023.5	0.00	0.0	374	2.68	487	0.007	0.000	20.8	48	9.4	19.8	8.86	1.1997	0.00	115	1	100.0	5
04/04/26	13:25	16.2	16.4	16.2	74	11.6	8.0	S	0.67	14.5	SSE	16.2	16.0	16.0	---	1023.4	0.00	0.0	455	3.26	664	0.007	0.000	20.8	48	9.4	19.8	8.86	1.1997	0.00	117	1	100.0	5
04/04/26	13:30	16.3	16.3	16.2	73	11.5	8.0	SW	0.67	19.3	WSW	16.3	16.1	16.1	---	1023.4	0.00	0.0	573	4.11	745	0.007	0.000	20.8	48	9.4	19.8	8.86	1.1994	0.00	117	1	100.0	5
04/04/26	13:35	16.7	16.7	16.3	72	11.6	9.7	SW	0.80	22.5	SSE	16.7	16.4	16.4	---	1023.4	0.00	0.0	747	5.35	766	0.006	0.000	20.8	48	9.4	19.8	8.86	1.1996	0.00	116	1	100.0	5
04/04/26	13:40	16.7	16.7	16.5	72	11.6	11.3	SW	0.94	24.1	SW	16.5	16.4	16.2	---	1023.3	0.00	0.0	759	5.44	775	0.006	0.000	20.8	48	9.4	19.8	8.86	1.1996	0.00	111	1	97.4	5
04/04/26	13:45	17.3	17.3	16.7	70	11.8	8.0	SSW	0.67	20.9	SSE	17.3	17.0	17.0	---	1023.3	0.00	0.0	617	4.42	722	0.004	0.000	20.8	48	9.4	19.8	8.86	1.1993	0.00	112	1	98.2	5
04/04/26	13:50	17.1	17.3	17.1	70	11.5	8.0	S	0.67	19.3	S	17.1	16.7	16.7	---	1023.3	0.00	0.0	383	2.75	422	0.004	0.000	20.8	48	9.4	19.8	8.86	1.1992	0.00	116	1	100.0	5
04/04/26	13:55	16.8	17.1	16.7	72	11.8	9.7	SW	0.80	20.9	SW	16.8	16.6	16.6	---	1023.2	0.00	0.0	759	5.44	802	0.005	0.000	20.8	48	9.4	19.8	8.86	1.1991	0.00	116	1	100.0	5
04/04/26	14:00	17.6	17.6	16.8	71	12.3	6.4	SW	0.54	16.1	SSE	17.6	17.4	17.4	---	1023.1	0.00	0.0	737	5.28	759	0.003	0.000	20.8	48	9.4	19.8	8.86	1.1990	0.41	117	1	100.0	5
04/04/26	14:05	17.7	17.8	17.6	70	12.1	8.0	SW	0.67	17.7	WSW	17.7	17.4	17.4	---	1023.2	0.00	0.0	718	5.15	728	0.002	0.000	20.8	48	9.4	19.8	8.86	1.1991	0.00	113	1	99.1	5
04/04/26	14:10	18.1	18.1	17.7	69	12.3	6.4	SSW	0.54	14.5	SSW	18.1	17.8	17.8	---	1023.1	0.00	0.0	704	5.05	707	0.001	0.000	20.8	48	9.4	19.8	8.86	1.1990	0.00	113	1	99.1	5
04/04/26	14:15	18.5	18.5	18.1	68	12.5	6.4	SSW	0.54	12.9	WSW	18.5	18.3	18.3	---	1023.0	0.00	0.0	700	5.02	701	0.000	0.001	20.8	48	9.4	19.8	8.86	1.1989	0.00	118	1	100.0	5
04/04/26	14:20	18.6	18.7	18.5	66	12.1	8.0	S	0.67	14.5	SSW	18.6	18.3	18.3	---	1022.9	0.00	0.0	695	4.98	700	0.000	0.001	20.8	48	9.4	19.8	8.86	1.1988	0.00	111	1	97.4	5
04/04/26	14:25	18.3	18.5	18.3	68	12.3	8.0	S	0.67	17.7	SSW	18.3	18.1	18.1	---	1022.8	0.00	0.0	695	4.98	700	0.000	0.000	20.8	48	9.4	19.8	8.86	1.1987	0.00	112	1	98.2	5
04/04/26	14:30	18.1	18.5	18.1	68	12.1	11.3	SSW	0.94	20.9	SW	18.1	17.8	17.8	---	1022.8	0.00	0.0	699	5.01	703	0.001	0.000	20.8	48	9.4	19.8	8.86	1.1986	0.00	113	1	99.1	5
04/04/26	14:35	17.8	18.1	17.8	68	11.8	11.3	SW	0.94	24.1	WSW	17.8	17.6	17.6	---	1022.8	0.00	0.0	681	4.88	707	0.002	0.000	20.8	48	9.4	19.8	8.86	1.1986	0.00	107	1	93.9	5
04/04/26	14:40	17.8	17.9	17.8	68	11.8	9.7	SSW	0.80	22.5	WSW	17.8	17.5	17.5	---	1022.8	0.00	0.0	457	3.28	499	0.002	0.000	20.8	48	9.4	19.8	8.86	1.1986	0.00	110	1	96.5	5
04/04/26	14:45	17.8	17.8	17.7	69	12.1	8.0	SW	0.67	20.9	SW	17.8	17.6	17.6	---	1022.7	0.00	0.0	606	4.34	687	0.002	0.000	20.8	48	9.4	19.8	8.86	1.1985	0.00	112	1	98.2	5
04/04/26	14:50	18.4	18.4	17.9	67	12.2	6.4	SW	0.54	14.5	WSW	18.4	18.2	18.2	---	1022.6	0.00	0.0	682	4.89	691	0.000	0.000	20.8	48	9.4	19.8	8.86	1.1987	0.00	116	1	100.0	5
04/04/26	14:55	18.6	18.8	18.5	65	11.8	11.3	SW	0.94	20.9	WSW	18.6	18.3	18.3	---	1022.5	0.00	0.0	682	4.89	686	0.000	0.001	20.8	48	9.4	19.8	8.86	1.1983	0.00	111	1	97.4	5
04/04/26	15:00	18.7	18.7	18.4	67	12.4	6.4	SW	0.54	17.7	S	18.7	18.4	18.4	---	1022.4	0.00	0.0	677	4.85	680	0.000	0.001	20.8	48	9.4	19.8	8.86	1.1982	0.46	112	1	98.2	5
04/04/26	15:05	18.8	19.0	18.7	65	12.1	9.7	SW	0.80	20.9	SW	18.8	18.6	18.6	---	1022.4	0.00	0.0	676	4.85	679	0.000	0.002	20.8	48	9.4	19.8	8.86	1.1982	0.00	117	1	100.0	5
04/04/26	15:10	18.8	19.1	18.8	64	11.8	9.7	SW	0.80	29.0	WSW	18.8	18.5	18.5	---	1022.3	0.00	0.0	671	4.81	673	0.000	0.002	20.8	48	9.4	19.8	8.86	1.1984	0.00	116	1	100.0	5
04/04/26	15:15	18.8	18.8	18.5	66	12.3	9.7	SW	0.80	19.3	WSW	18.8	18.6	18.6	---	1022.2	0.00	0.0	666	4.77	668	0.000	0.002	20.8	48	9.4	19.8	8.86	1.1982	0.00	112	1	98.2	5
04/04/26	15:20	19.1	19.2	18.8	63	11.8	9.7	SW	0.80	27.4	SSW	19.1	18.8	18.8	---	1022.2	0.00	0.0	661	4.74	664	0.000	0.003	20.8	48	9.4	19.8	8.86	1.1979	0.00	108	1	94.7	5
04/04/26	15:25	18.6	19.1	18.6	64	11.7	14.5	SW	1.21	20.9	SW	17.9	18.3	17.6	---	1022.1	0.00	0.0	659	4.72	661	0.000	0.001	20.8	48	9.4	19.8	8.86	1.1978	0.00	112	1	98.2	5
04/04/26	15:30	18.8	18.8	18.6	65	12.1	11.3	SW	0.94	19.3	SW	18.8	18.6	18.6	---	1022.0	0.00	0.0	647	4.64	659	0.000	0.002	20.8	48	9.4	19.8	8.86	1.1978	0.00	116	1	100.0	5
04/04/26	15:35	19.3	19.3	18.8	61	11.6	8.0	SSW	0.67	16.1	S	19.3	19.0	19.0	---	1021.9	0.00	0.0	628	4.50	647	0.000	0.003	20.8	48	9.4	19.8	8.86	1.1976	0.00	113	1	99.1	5
04/04/26	15:40	19.6	19.7	19.3	62	12.1	6.4	S	0.54	14.5	SE	19.6	19.3	19.3	---	1021.9	0.00	0.0	618	4.43	640	0.000	0.004	20.8	48	9.4	19.8	8.86	1.1978	0.00	113	1	99.1	5
04/04/26	15:45	19.9	19.9	19.7	61	12.2	6.4	SSW	0.54	14.5	SSW	19.9	19.7	19.7	---	1021.8	0.00	0.0	610	4.37	621	0.000	0.006	20.8	48	9.4	19.8	8.86	1.1975	0.00	116	1	100.0	5
04/04/26	15:50	19.8	20.1	19.8	59	11.5	11.3	SW	0.94	20.9	SW	19.8	19.4	19.4	---	1021.8	0.00	0.0	621	4.45	636	0.000	0.005	20.8	48	9.4	19.8	8.86	1.1978	0.00	110	1	96.5	5
04/04/26	15:55	18.8	19.7	18.8	62	11.4	14.5	SW	1.21	24.1	SW	18.1	18.4	17.7	---	1021.5	0.00	0.0	601	4.31	613	0.000	0.002	20.8	48	9.4	19.8	8.86	1.1974	0.00	113	1	99.1	5
04/04/26	16:00	19.5	19.5	18.8	61	11.8	8.0	SW	0.67	17.7	SW	19.5	19.2	19.2	---	1021.6	0.00	0.0	587	4.21	596	0.000	0.004	20.8	48	9.4	19.8	8.86	1.1976	0.46	115	1	100.0	5
04/04/26	16:05	19.7	19.7	19.4	62	12.2	9.7	SW	0.80	20.9	SW	19.7	19.4	19.4	---	1021.5	0.00	0.0	583	4.18	594	0.000	0.005	20.8	48	9.4	19.8	8.86	1.1971	0.00	104	1	91.2	5
04/04/26	16:10	19.4	19.7	19.4	59	11.2	11.3	SW	0.94	24.1	S	19.4	19.0	19.0	---	1021.3	0.00	0.0	530	3.80	582	0.000	0.004	20.8	48	9.4	19.8	8.86	1.1968	0.00	114	1	100.0	5
04/04/26	16:15	19.6	19.6	19.4	59	11.4	11.3	SW	0.94	24.1	WSW	19.6	19.2	19.2	---	1021.3	0.00	0.0	548	3.93	570	0.000	0.004	20.8	48	9.4	19.8	8.86	1.1969	0.00	105	1	92.1	5
04/04/26	16:20	19.5	19.6	19.4	60	11.5	9.7	WSW	0.80	20.9	SW	19.5	19.1	19.1	---	1021.3	0.00	0.0	506	3.63	564	0.000	0.004	20.8	48	9.4	19.8	8.86	1.1969	0.00	112	1	98.2	5
04/04/26	16:25	19.5	19.7	19.5	59	11.3	12.9	SW	1.07	22.5	WSW	19.2	19.1	18.8	---	1021.2	0.00	0.0	456	3.27	483	0.000	0.004	20.8	48	9.4	19.8	8.86	1.1968	0.00	104	1	91.2	5
04/04/26	16:30	19.4	19.5	19.3	60	11.4	11.3	S	0.94	22.5	SW	19.4	19.0	19.0	---	1021.0	0.00	0.0	424	3.04	480	0.000	0.004	20.8	48	9.4	19.8	8.86	1.1966	0.00	109	1	95.6	5
04/04/26	16:35	19.4	19.4	19.2	60	11.5	8.0	S	0.67	17.7	SW	19.4	19.1	19.1	---	1021.0	0.00	0.0	532	3.81	575	0.000	0.004	20.8	48	9.4	19.8	8.86	1.1966	0.00	113	1	99.1	5
04/04/26	16:40	19.6	19.7	19.5	58	11.1	11.3	SW	0.94	25.7	WSW	19.6	19.2	19.2	---	1020.9	0.00	0.0	468	3.35	536	0.000	0.004	20.8	48	9.4	19.8	8.86	1.1964	0.00	104	1	91.2	5
04/04/26	16:45	19.6	19.7	19.4	57	10.9	11.3	SW	0.94	22.5	WSW	19.6	19.2	19.2	---	1020.8	0.00	0.0	453	3.25	497	0.000	0.004	20.8	48	9.4	19.8	8.86	1.1963	0.00	103	1	90.4	5
04/04/26	16:50	19.8	19.8	19.6	58	11.3	8.0	S	0.67	19.3	S	19.8	19.4	19.4	---	1020.9	0.00	0.0	462	3.31	517	0.000	0.005	20.8	48	9.4	19.8	8.86	1.1964	0.00	111	1	97.4	5
04/04/26	16:55	19.7	19.9	19.7	56	10.7	12.9	SW	1.07	27.4	SW	19.4	19.2	18.9	---	1020.8	0.00	0.0	484	3.47	555	0.000	0.005	20.8	48	9.4	19.8	8.86	1.1962	0.00	111	1	97.4	5
04/04/26	17:00	19.8	20.1	19.7	56	10.8	11.3	SW	0.94	32.2	SW	19.8	19.3	19.3	---	1020.6	0.00	0.0	518	3.71	541	0.000	0.005	20.8	48	9.4	19.8	8.86	1.1960	0.38	111	1	97.4	5
04/04/26	17:05	19.7	19.8	19.5	57	11.0	12.9	SW	1.07	32.2	SW	19.4	19.3	18.9	---	1020.5	0.00	0.0	484	3.47	512	0.000	0.005	20.8	48	9.4	19.8	8.86	1.1960	0.00	103	1	90.4	5
04/04/26	17:10	19.6	19.8	19.6	58	11.1	14.5	SW	1.21	24.1	SW	18.8	19.1	18.4	---	1020.5	0.00	0.0	440	3.15	494	0.000	0.004	20.9	48	9.5	19.9	8.86	1.1956	0.00	110	1	96.5	5
04/04/26	17:15	19.7	19.7	19.5	60	11.7	8.0	SW	0.67	20.9	SW	19.7	19.4	19.4	---	1020.4	0.00	0.0	386	2.77	438	0.000	0.005	20.9	48	9.5	19.9	8.86	1.1955	0.00	110	1	96.5	5
04/04/26	17:20	19.9	20.0	19.7	57	11.1	9.7	S	0.80	20.9	SW	19.9	19.4	19.4	---	1020.3	0.00	0.0	427	3.06	499	0.000	0.005	20.9	48	9.5	19.9	8.86	1.1954	0.00	115	1	100.0	5
04/04/26	17:25	20.1	20.2	19.8	59	11.8	8.0	SW	0.67	19.3	WSW	20.1	19.8	19.8	---	1020.4	0.00	0.0	454	3.25	492	0.000	0.006	20.9	48	9.5	19.9	8.86	1.1955	0.00	113	1	99.1	5
04/04/26	17:30	19.8	20.2	19.8	57	11.1	14.5	SW	1.21	25.7	S	19.1	19.4	18.6	---	1020.3	0.00	0.0	436	3.13	476	0.000	0.005	20.9	48	9.5	19.9	8.86	1.1954	0.00	107	1	93.9	5
04/04/26	17:35	19.7	19.8	19.7	58	11.2	12.9	SW	1.07	25.7	SSW	19.3	19.2	18.9	---	1020.2	0.00	0.0	425	3.05	468	0.000	0.005	20.9	48	9.5	19.9	8.86	1.1953	0.00	97	1	85.1	5
04/04/26	17:40	19.9	19.9	19.7	59	11.6	8.0	SW	0.67	16.1	SW	19.9	19.6	19.6	---	1020.1	0.00	0.0	352	2.52	374	0.000	0.005	20.9	48	9.5	19.9	8.86	1.1952	0.00	110	1	96.5	5
04/04/26	17:45	19.8	19.9	19.8	59	11.6	9.7	S	0.80	22.5	SW	19.8	19.5	19.5	---	1019.9	0.00	0.0	278	1.99	313	0.000	0.005	20.9	48	9.5	19.9	8.86	1.1947	0.00	108	1	94.7	5
04/04/26	17:50	20.0	20.0	19.8	59	11.7	6.4	SW	0.54	12.9	WSW	20.0	19.7	19.7	---	1019.9	0.00	0.0	311	2.23	334	0.000	0.006	20.9	48	9.5	19.9	8.86	1.1947	0.00	112	1	98.2	5
04/04/26	17:55	19.9	20.1	19.9	59	11.7	8.0	SW	0.67	19.3	SW	19.9	19.6	19.6	---	1019.9	0.00	0.0	343	2.46	364	0.000	0.006	20.9	48	9.5	19.9	8.86	1.1947	0.00	116	1	100.0	5
04/04/26	18:00	20.1	20.1	19.9	60	12.0	8.0	S	0.67	19.3	SW	20.1	19.8	19.8	---	1019.8	0.00	0.0	336	2.41	367	0.000	0.006	20.9	48	9.5	19.9	8.86	1.1945	0.30	106	1	93.0	5
04/04/26	18:05	19.9	20.1	19.9	59	11.7	9.7	SSW	0.80	22.5	SW	19.9	19.6	19.6	---	1019.8	0.00	0.0	326	2.34	338	0.000	0.006	20.9	48	9.5	19.9	8.86	1.1945	0.00	105	1	92.1	5
04/04/26	18:10	19.8	20.0	19.8	60	11.8	11.3	SW	0.94	22.5	SW	19.8	19.5	19.5	---	1019.7	0.00	0.0	330	2.37	339	0.000	0.005	20.9	48	9.5	19.9	8.86	1.1944	0.00	110	1	96.5	5
04/04/26	18:15	20.1	20.1	19.8	58	11.6	9.7	SSW	0.80	17.7	SSW	20.1	19.7	19.7	---	1019.6	0.00	0.0	349	2.50	366	0.000	0.006	20.9	48	9.5	19.9	8.86	1.1943	0.00	114	1	100.0	5
04/04/26	18:20	20.2	20.2	20.1	58	11.7	8.0	SW	0.67	17.7	S	20.2	19.8	19.8	---	1019.5	0.00	0.0	314	2.25	334	0.000	0.007	21.0	48	9.6	20.0	8.85	1.1939	0.00	115	1	100.0	5
04/04/26	18:25	20.0	20.3	20.0	58	11.5	9.7	S	0.80	22.5	SW	20.0	19.6	19.6	---	1019.5	0.00	0.0	284	2.04	322	0.000	0.006	20.9	48	9.5	19.9	8.86	1.1942	0.00	107	1	93.9	5
04/04/26	18:30	19.8	20.0	19.8	60	11.8	9.7	SW	0.80	20.9	SW	19.8	19.4	19.4	---	1019.5	0.00	0.0	228	1.63	269	0.000	0.005	20.9	48	9.5	19.9	8.86	1.1942	0.00	112	1	98.2	5
04/04/26	18:35	19.8	19.8	19.8	59	11.5	11.3	SW	0.94	22.5	SW	19.8	19.4	19.4	---	1019.4	0.00	0.0	237	1.70	250	0.000	0.005	20.9	48	9.5	19.9	8.86	1.1941	0.00	115	1	100.0	5
04/04/26	18:40	19.7	19.8	19.7	60	11.7	11.3	SW	0.94	20.9	SW	19.7	19.3	19.3	---	1019.4	0.00	0.0	261	1.87	308	0.000	0.005	20.9	48	9.5	19.9	8.86	1.1941	0.00	110	1	96.5	5
04/04/26	18:45	19.9	19.9	19.7	60	11.9	8.0	SSW	0.67	17.7	SW	19.9	19.6	19.6	---	1019.2	0.00	0.0	270	1.94	288	0.000	0.005	20.9	48	9.5	19.9	8.86	1.1939	0.00	117	1	100.0	5
04/04/26	18:50	19.9	19.9	19.9	59	11.7	11.3	SW	0.94	29.0	WSW	19.9	19.6	19.6	---	1019.3	0.00	0.0	269	1.93	274	0.000	0.006	20.9	48	9.5	19.9	8.86	1.1939	0.00	111	1	97.4	5
04/04/26	18:55	19.8	19.9	19.8	59	11.5	16.1	SW	1.34	27.4	WSW	18.6	19.4	18.2	---	1019.2	0.00	0.0	256	1.83	271	0.000	0.005	20.9	48	9.5	19.9	8.86	1.1939	0.00	94	1	82.5	5
04/04/26	19:00	19.8	19.8	19.7	60	11.8	11.3	SW	0.94	24.1	SW	19.8	19.5	19.5	---	1019.3	0.00	0.0	254	1.82	262	0.000	0.005	21.0	48	9.6	20.0	8.85	1.1937	0.23	103	1	90.4	5
04/04/26	19:05	19.9	19.9	19.8	60	11.9	11.3	SW	0.94	24.1	W	19.9	19.6	19.6	---	1019.2	0.00	0.0	239	1.71	246	0.000	0.005	20.9	48	9.5	19.9	8.86	1.1939	0.00	114	1	100.0	5
04/04/26	19:10	19.9	19.9	19.9	60	11.9	8.0	S	0.67	16.1	SSW	19.9	19.7	19.7	---	1019.1	0.00	0.0	212	1.52	223	0.000	0.006	21.0	48	9.6	20.0	8.85	1.1934	0.00	109	1	95.6	5
04/04/26	19:15	20.0	20.1	19.9	60	12.0	9.7	SSW	0.80	16.1	SW	20.0	19.7	19.7	---	1019.0	0.00	0.0	199	1.43	204	0.000	0.006	20.9	48	9.5	19.9	8.86	1.1936	0.00	106	1	93.0	5
04/04/26	19:20	19.9	20.1	19.9	59	11.7	11.3	SSW	0.94	22.5	SW	19.9	19.6	19.6	---	1018.9	0.00	0.0	191	1.37	192	0.000	0.006	20.9	48	9.5	19.9	8.86	1.1935	0.00	103	1	90.4	5
04/04/26	19:25	19.9	19.9	19.9	58	11.4	12.9	SW	1.07	25.7	SW	19.6	19.6	19.2	---	1018.8	0.00	0.0	181	1.30	188	0.000	0.006	20.9	48	9.5	19.9	8.86	1.1933	0.00	104	1	91.2	5
04/04/26	19:30	19.8	19.9	19.7	59	11.5	12.9	SW	1.07	27.4	SW	19.4	19.4	19.0	---	1018.8	0.00	0.0	158	1.13	165	0.000	0.005	20.9	48	9.5	19.9	8.86	1.1933	0.00	103	1	90.4	5
04/04/26	19:35	19.7	19.8	19.7	59	11.5	9.7	SW	0.80	25.7	WSW	19.7	19.3	19.3	---	1018.8	0.00	0.0	139	1.00	148	0.000	0.005	20.9	48	9.5	19.9	8.86	1.1933	0.00	109	1	95.6	5
04/04/26	19:40	19.8	19.8	19.7	59	11.5	8.0	SW	0.67	16.1	W	19.8	19.4	19.4	---	1018.9	0.00	0.0	114	0.82	121	0.000	0.005	20.9	48	9.5	19.9	8.86	1.1934	0.00	111	1	97.4	5
04/04/26	19:45	19.6	19.8	19.6	59	11.3	12.9	SW	1.07	27.4	WSW	19.2	19.2	18.8	---	1018.9	0.00	0.0	96	0.69	107	0.000	0.004	20.9	48	9.5	19.9	8.86	1.1935	0.00	108	1	94.7	5
04/04/26	19:50	19.4	19.6	19.4	59	11.2	11.3	SW	0.94	19.3	WSW	19.4	19.0	19.0	---	1018.9	0.00	0.0	80	0.57	86	0.000	0.004	20.9	48	9.5	19.9	8.86	1.1934	0.00	103	1	90.4	5
04/04/26	19:55	19.4	19.4	19.4	60	11.4	6.4	SW	0.54	14.5	W	19.4	19.0	19.0	---	1018.9	0.00	0.0	60	0.43	70	0.000	0.004	20.9	48	9.5	19.9	8.86	1.1938	0.00	116	1	100.0	5
04/04/26	20:00	19.2	19.4	19.2	60	11.2	9.7	SW	0.80	19.3	SW	19.2	18.7	18.7	---	1018.9	0.00	0.0	30	0.22	33	0.000	0.003	20.9	48	9.5	19.9	8.86	1.1935	0.10	112	1	98.2	5
04/04/26	20:05	19.0	19.2	19.0	60	11.1	8.0	SW	0.67	22.5	SW	19.0	18.5	18.5	---	1018.8	0.00	0.0	24	0.17	26	0.000	0.002	20.9	48	9.5	19.9	8.86	1.1934	0.00	112	1	98.2	5
04/04/26	20:10	18.8	19.0	18.8	61	11.1	8.0	SW	0.67	22.5	SW	18.8	18.4	18.4	---	1018.7	0.00	0.0	19	0.14	21	0.000	0.002	20.9	48	9.5	19.9	8.86	1.1936	0.00	113	1	99.1	5
04/04/26	20:15	18.7	18.8	18.7	61	11.0	6.4	SW	0.54	12.9	SW	18.7	18.3	18.3	---	1018.8	0.00	0.0	15	0.11	16	0.000	0.001	20.9	48	9.5	19.9	8.86	1.1936	0.00	114	1	100.0	5
04/04/26	20:20	18.6	18.7	18.6	61	10.9	6.4	SSW	0.54	11.3	W	18.6	18.1	18.1	---	1018.7	0.00	0.0	12	0.09	12	0.000	0.001	20.9	48	9.5	19.9	8.86	1.1936	0.00	116	1	100.0	5
04/04/26	20:25	18.4	18.6	18.4	62	11.0	4.8	SSW	0.40	11.3	S	18.4	18.0	18.0	---	1018.5	0.00	0.0	9	0.06	11	0.000	0.000	20.8	48	9.4	19.8	8.86	1.1935	0.00	114	1	100.0	5
04/04/26	20:30	18.3	18.4	18.3	62	10.9	6.4	SSW	0.54	11.3	S	18.3	17.8	17.8	---	1018.5	0.00	0.0	6	0.04	7	0.000	0.000	20.8	48	9.4	19.8	8.86	1.1935	0.00	116	1	100.0	5
04/04/26	20:35	18.2	18.3	18.1	63	11.0	6.4	SSW	0.54	14.5	WSW	18.2	17.7	17.7	---	1018.5	0.00	0.0	0	0.00	0	0.001	0.000	20.8	48	9.4	19.8	8.86	1.1936	0.00	117	1	100.0	5
04/04/26	20:40	18.0	18.2	18.0	63	10.8	4.8	SW	0.40	16.1	SW	18.0	17.6	17.6	---	1018.4	0.00	0.0	0	0.00	0	0.001	0.000	20.8	48	9.4	19.8	8.86	1.1934	0.00	115	1	100.0	5
04/04/26	20:45	17.8	18.0	17.8	64	10.9	4.8	SSW	0.40	12.9	SW	17.8	17.4	17.4	---	1018.4	0.00	0.0	0	0.00	0	0.002	0.000	20.8	48	9.4	19.8	8.86	1.1935	0.00	114	1	100.0	5
04/04/26	20:50	17.7	17.8	17.7	64	10.8	3.2	SSW	0.27	6.4	SSW	17.7	17.2	17.2	---	1018.5	0.00	0.0	0	0.00	0	0.002	0.000	20.8	48	9.4	19.8	8.86	1.1935	0.00	117	1	100.0	5
04/04/26	20:55	17.5	17.7	17.5	65	10.8	3.2	SW	0.27	11.3	SW	17.5	17.1	17.1	---	1018.5	0.00	0.0	0	0.00	0	0.003	0.000	20.8	48	9.4	19.8	8.86	1.1938	0.00	116	1	100.0	5
04/04/26	21:00	17.3	17.5	17.3	65	10.7	3.2	SW	0.27	6.4	SW	17.3	16.9	16.9	---	1018.5	0.00	0.0	0	0.00	0	0.003	0.000	20.8	48	9.4	19.8	8.86	1.1938	0.03	116	1	100.0	5
04/04/26	21:05	17.2	17.3	17.2	65	10.6	4.8	SSW	0.40	8.0	SW	17.2	16.8	16.8	---	1018.5	0.00	0.0	0	0.00	0	0.004	0.000	20.8	48	9.4	19.8	8.86	1.1938	0.00	116	1	100.0	5
04/04/26	21:10	17.1	17.2	17.1	66	10.7	3.2	SSW	0.27	8.0	S	17.1	16.7	16.7	---	1018.5	0.00	0.0	0	0.00	0	0.004	0.000	20.7	48	9.3	19.8	8.86	1.1941	0.00	115	1	100.0	5
04/04/26	21:15	16.9	17.1	16.9	66	10.5	3.2	SSW	0.27	4.8	SW	16.9	16.5	16.5	---	1018.5	0.00	0.0	0	0.00	0	0.005	0.000	20.7	48	9.3	19.8	8.86	1.1941	0.00	115	1	100.0	5
04/04/26	21:20	16.9	16.9	16.8	66	10.5	3.2	SSW	0.27	6.4	SW	16.9	16.4	16.4	---	1018.5	0.00	0.0	0	0.00	0	0.005	0.000	20.7	48	9.3	19.8	8.86	1.1941	0.00	115	1	100.0	5
04/04/26	21:25	16.7	16.8	16.7	67	10.6	3.2	SW	0.27	4.8	SSW	16.7	16.3	16.3	---	1018.5	0.00	0.0	0	0.00	0	0.006	0.000	20.7	48	9.3	19.8	8.86	1.1941	0.00	114	1	100.0	5
04/04/26	21:30	16.6	16.7	16.6	67	10.4	3.2	S	0.27	8.0	SSW	16.6	16.1	16.1	---	1018.4	0.00	0.0	0	0.00	0	0.006	0.000	20.7	48	9.3	19.8	8.86	1.1940	0.00	117	1	100.0	5
04/04/26	21:35	16.6	16.6	16.6	67	10.4	6.4	SW	0.54	9.7	SW	16.6	16.1	16.1	---	1018.5	0.00	0.0	0	0.00	0	0.006	0.000	20.7	48	9.3	19.8	8.86	1.1941	0.00	116	1	100.0	5
04/04/26	21:40	16.5	16.6	16.5	67	10.3	6.4	SW	0.54	12.9	WSW	16.5	16.1	16.1	---	1018.5	0.00	0.0	0	0.00	0	0.006	0.000	20.7	48	9.3	19.8	8.86	1.1941	0.00	114	1	100.0	5
04/04/26	21:45	16.4	16.5	16.4	67	10.3	8.0	SW	0.67	14.5	SW	16.4	16.0	16.0	---	1018.6	0.00	0.0	0	0.00	0	0.007	0.000	20.7	48	9.3	19.8	8.86	1.1942	0.00	117	1	100.0	5
04/04/26	21:50	16.3	16.5	16.3	68	10.4	6.4	SW	0.54	11.3	WSW	16.3	15.8	15.8	---	1018.6	0.00	0.0	0	0.00	0	0.007	0.000	20.7	48	9.3	19.8	8.86	1.1942	0.00	117	1	100.0	5
04/04/26	21:55	16.2	16.3	16.2	69	10.5	6.4	SW	0.54	9.7	SSW	16.2	15.8	15.8	---	1018.7	0.00	0.0	0	0.00	0	0.007	0.000	20.7	48	9.3	19.8	8.86	1.1943	0.00	116	1	100.0	5
04/04/26	22:00	16.2	16.2	16.1	69	10.5	8.0	SW	0.67	16.1	WSW	16.2	15.7	15.7	---	1018.7	0.00	0.0	0	0.00	0	0.008	0.000	20.7	48	9.3	19.7	8.87	1.1946	0.00	117	1	100.0	5
04/04/26	22:05	16.1	16.2	16.1	69	10.4	8.0	SW	0.67	14.5	SW	16.1	15.7	15.7	---	1018.7	0.00	0.0	0	0.00	0	0.008	0.000	20.7	48	9.3	19.7	8.87	1.1946	0.00	115	1	100.0	5
04/04/26	22:10	16.1	16.2	16.1	70	10.6	8.0	SW	0.67	17.7	WSW	16.1	15.7	15.7	---	1018.7	0.00	0.0	0	0.00	0	0.008	0.000	20.7	48	9.3	19.7	8.87	1.1946	0.00	115	1	100.0	5
04/04/26	22:15	15.9	16.1	15.9	70	10.4	8.0	SW	0.67	16.1	SW	15.9	15.5	15.5	---	1018.7	0.00	0.0	0	0.00	0	0.008	0.000	20.7	48	9.3	19.7	8.87	1.1946	0.00	116	1	100.0	5
04/04/26	22:20	15.8	15.9	15.8	71	10.5	9.7	SW	0.80	16.1	SW	15.6	15.4	15.2	---	1018.6	0.00	0.0	0	0.00	0	0.009	0.000	20.7	48	9.3	19.7	8.87	1.1945	0.00	115	1	100.0	5
04/04/26	22:25	15.7	15.8	15.7	71	10.5	9.7	SW	0.80	17.7	SW	15.6	15.3	15.2	---	1018.4	0.00	0.0	0	0.00	0	0.009	0.000	20.7	48	9.3	19.7	8.87	1.1942	0.00	117	1	100.0	5
04/04/26	22:30	15.6	15.7	15.6	71	10.3	8.0	SW	0.67	19.3	S	15.6	15.2	15.2	---	1018.4	0.00	0.0	0	0.00	0	0.010	0.000	20.7	48	9.3	19.7	8.87	1.1943	0.00	114	1	100.0	5
04/04/26	22:35	15.5	15.6	15.5	69	9.8	11.3	SW	0.94	17.7	SW	15.1	15.0	14.6	---	1018.5	0.00	0.0	0	0.00	0	0.010	0.000	20.7	48	9.3	19.7	8.87	1.1944	0.00	113	1	99.1	5
04/04/26	22:40	15.7	15.7	15.5	67	9.6	12.9	SW	1.07	24.1	SSW	14.8	15.1	14.3	---	1018.8	0.00	0.0	0	0.00	0	0.009	0.000	20.6	48	9.2	19.7	8.87	1.1950	0.00	113	1	99.1	5
04/04/26	22:45	15.7	15.7	15.6	66	9.3	14.5	SW	1.21	20.9	SW	14.4	15.1	13.8	---	1018.7	0.00	0.0	0	0.00	0	0.009	0.000	20.6	48	9.2	19.7	8.87	1.1949	0.00	109	1	95.6	5
04/04/26	22:50	15.7	15.7	15.6	66	9.3	14.5	SW	1.21	29.0	WSW	14.4	15.1	13.8	---	1018.7	0.00	0.0	0	0.00	0	0.009	0.000	20.6	48	9.2	19.7	8.87	1.1949	0.00	118	1	100.0	5
04/04/26	22:55	15.6	15.7	15.6	66	9.2	11.3	SW	0.94	17.7	SW	15.1	15.0	14.6	---	1018.8	0.00	0.0	0	0.00	0	0.010	0.000	20.6	48	9.2	19.7	8.87	1.1950	0.00	114	1	100.0	5
04/04/26	23:00	15.5	15.6	15.4	67	9.4	9.7	SW	0.80	20.9	WSW	15.3	14.9	14.7	---	1018.9	0.00	0.0	0	0.00	0	0.010	0.000	20.6	48	9.2	19.7	8.87	1.1951	0.03	116	1	100.0	5
04/04/26	23:05	15.3	15.4	15.3	68	9.5	9.7	SW	0.80	27.4	WSW	15.1	14.8	14.6	---	1018.9	0.00	0.0	0	0.00	0	0.010	0.000	20.6	48	9.2	19.7	8.87	1.1951	0.00	113	1	99.1	5
04/04/26	23:10	15.2	15.3	15.2	69	9.5	11.3	SW	0.94	20.9	WSW	14.7	14.7	14.2	---	1018.8	0.00	0.0	0	0.00	0	0.011	0.000	20.6	48	9.2	19.7	8.87	1.1950	0.00	112	1	98.2	5
04/04/26	23:15	15.1	15.2	15.1	69	9.4	12.9	SW	1.07	24.1	WSW	14.1	14.6	13.6	---	1018.8	0.00	0.0	0	0.00	0	0.011	0.000	20.6	48	9.2	19.7	8.87	1.1950	0.00	117	1	100.0	5
04/04/26	23:20	14.9	15.1	14.9	70	9.5	11.3	SW	0.94	20.9	SW	14.4	14.4	13.9	---	1018.8	0.00	0.0	0	0.00	0	0.012	0.000	20.6	48	9.2	19.7	8.87	1.1950	0.00	113	1	99.1	5
04/04/26	23:25	14.8	14.9	14.8	70	9.4	11.3	SW	0.94	19.3	WSW	14.2	14.3	13.7	---	1018.7	0.00	0.0	0	0.00	0	0.012	0.000	20.6	48	9.2	19.7	8.87	1.1949	0.00	116	1	100.0	5
04/04/26	23:30	14.6	14.7	14.6	70	9.2	14.5	SW	1.21	27.4	SSW	13.2	14.1	12.7	---	1018.6	0.00	0.0	0	0.00	0	0.013	0.000	20.6	48	9.2	19.7	8.87	1.1948	0.00	113	1	99.1	5
04/04/26	23:35	14.4	14.6	14.4	71	9.2	12.9	SW	1.07	24.1	SW	13.3	13.9	12.9	---	1018.7	0.00	0.0	0	0.00	0	0.014	0.000	20.6	48	9.2	19.6	8.87	1.1951	0.00	113	1	99.1	5
04/04/26	23:40	14.2	14.4	14.2	72	9.2	12.9	SW	1.07	24.1	SSW	13.1	13.7	12.6	---	1018.5	0.00	0.0	0	0.00	0	0.014	0.000	20.6	48	9.2	19.6	8.87	1.1950	0.00	115	1	100.0	5
04/04/26	23:45	13.9	14.2	13.9	73	9.2	12.9	SW	1.07	24.1	WSW	12.8	13.6	12.4	---	1018.5	0.00	0.0	0	0.00	0	0.015	0.000	20.6	48	9.2	19.6	8.87	1.1950	0.00	116	1	100.0	5
04/04/26	23:50	13.8	13.9	13.8	73	9.1	12.9	SW	1.07	24.1	SW	12.7	13.4	12.3	---	1018.6	0.00	0.0	0	0.00	0	0.016	0.000	20.6	48	9.2	19.7	8.87	1.1947	0.00	115	1	100.0	5
04/04/26	23:55	13.7	13.8	13.7	74	9.1	11.3	SW	0.94	24.1	SW	12.8	13.3	12.4	---	1018.7	0.00	0.0	0	0.00	0	0.016	0.000	20.6	48	9.2	19.6	8.87	1.1952	0.00	117	1	100.0	5
05/04/26	00:00	13.6	13.7	13.5	74	9.0	9.7	SW	0.80	19.3	SW	12.9	13.2	12.6	---	1018.7	0.00	0.0	0	0.00	0	0.017	0.000	20.6	48	9.2	19.6	8.87	1.1952	0.03	109	1	95.6	5
05/04/26	0:05	13.4	13.6	13.4	75	9.0	12.9	SW	1.07	22.5	SW	12.1	13.1	11.8	---	1018.7	0.00	0.0	0	0.00	0	0.017	0.000	20.6	48	9.2	19.6	8.87	1.1952	0.00	109	1	95.6	5
05/04/26	0:10	13.3	13.4	13.3	75	8.9	12.9	SW	1.07	19.3	W	12.0	12.9	11.7	---	1018.7	0.00	0.0	0	0.00	0	0.018	0.000	20.6	48	9.2	19.6	8.87	1.1952	0.00	116	1	100.0	5
05/04/26	0:15	13.2	13.3	13.2	76	9.1	14.5	SW	1.21	27.4	WSW	11.6	12.9	11.3	---	1018.8	0.00	0.0	0	0.00	0	0.018	0.000	20.6	48	9.2	19.6	8.87	1.1952	0.00	114	1	100.0	5
05/04/26	0:20	13.1	13.2	13.1	77	9.1	12.9	SW	1.07	24.1	W	11.7	12.8	11.4	---	1018.9	0.00	0.0	0	0.00	0	0.018	0.000	20.5	48	9.1	19.6	8.87	1.1957	0.00	114	1	100.0	5
05/04/26	0:25	12.9	13.1	12.9	78	9.1	11.3	SW	0.94	19.3	WSW	11.9	12.7	11.7	---	1018.8	0.00	0.0	0	0.00	0	0.019	0.000	20.5	48	9.1	19.6	8.87	1.1955	0.00	114	1	100.0	5
05/04/26	0:30	12.8	12.9	12.8	79	9.2	9.7	SW	0.80	19.3	SSW	12.0	12.6	11.8	---	1018.9	0.00	0.0	0	0.00	0	0.019	0.000	20.6	48	9.2	19.6	8.87	1.1954	0.00	114	1	100.0	5
05/04/26	0:35	12.7	12.8	12.7	79	9.1	12.9	SW	1.07	19.3	WSW	11.3	12.4	11.1	---	1019.0	0.00	0.0	0	0.00	0	0.020	0.000	20.6	48	9.2	19.6	8.87	1.1955	0.00	113	1	99.1	5
05/04/26	0:40	12.5	12.7	12.5	80	9.1	11.3	SW	0.94	22.5	WSW	11.4	12.3	11.3	---	1018.9	0.00	0.0	0	0.00	0	0.020	0.000	20.6	48	9.2	19.6	8.87	1.1954	0.00	114	1	100.0	5
05/04/26	0:45	12.3	12.5	12.3	81	9.2	11.3	SW	0.94	24.1	WSW	11.2	12.2	11.1	---	1018.9	0.00	0.0	0	0.00	0	0.021	0.000	20.5	48	9.1	19.6	8.87	1.1957	0.00	116	1	100.0	5
05/04/26	0:50	12.3	12.3	12.3	82	9.3	11.3	SW	0.94	22.5	SSW	11.2	12.2	11.1	---	1019.0	0.00	0.0	0	0.00	0	0.021	0.000	20.5	48	9.1	19.6	8.87	1.1958	0.00	116	1	100.0	5
05/04/26	0:55	12.2	12.3	12.1	83	9.4	11.3	SW	0.94	20.9	SW	11.1	12.1	10.9	---	1018.9	0.00	0.0	0	0.00	0	0.021	0.000	20.5	48	9.1	19.6	8.87	1.1957	0.00	116	1	100.0	5
05/04/26	1:00	12.0	12.1	12.0	84	9.4	12.9	SW	1.07	29.0	WSW	10.4	11.9	10.4	---	1019.0	0.00	0.0	0	0.00	0	0.022	0.000	20.5	48	9.1	19.6	8.87	1.1958	0.00	116	1	100.0	5
05/04/26	1:05	11.9	12.1	11.9	85	9.4	14.5	SW	1.21	29.0	WSW	9.9	11.8	9.9	---	1019.0	0.00	0.0	0	0.00	0	0.022	0.000	20.6	48	9.2	19.6	8.87	1.1955	0.00	110	1	96.5	5
05/04/26	1:10	11.8	11.9	11.8	85	9.3	14.5	SW	1.21	25.7	SW	9.8	11.7	9.7	---	1019.0	0.00	0.0	0	0.00	0	0.023	0.000	20.5	48	9.1	19.6	8.87	1.1958	0.00	114	1	100.0	5
05/04/26	1:15	11.7	11.8	11.7	86	9.4	11.3	SW	0.94	24.1	SW	10.4	11.6	10.4	---	1019.0	0.00	0.0	0	0.00	0	0.023	0.000	20.5	48	9.1	19.6	8.87	1.1958	0.00	113	1	99.1	5
05/04/26	1:20	11.6	11.7	11.6	87	9.5	12.9	SW	1.07	24.1	WSW	9.9	11.6	9.9	---	1019.0	0.00	0.0	0	0.00	0	0.024	0.000	20.5	48	9.1	19.6	8.87	1.1958	0.00	116	1	100.0	5
05/04/26	1:25	11.5	11.6	11.5	87	9.4	11.3	SW	0.94	24.1	WSW	10.2	11.5	10.2	---	1019.3	0.00	0.0	0	0.00	0	0.024	0.000	20.5	48	9.1	19.6	8.87	1.1961	0.00	116	1	100.0	5
05/04/26	1:30	11.4	11.5	11.4	87	9.4	8.0	WSW	0.67	17.7	SW	10.7	11.4	10.7	---	1019.3	0.00	0.0	0	0.00	0	0.024	0.000	20.5	48	9.1	19.6	8.87	1.1961	0.00	115	1	100.0	5
05/04/26	1:35	11.3	11.4	11.3	88	9.4	6.4	SW	0.54	16.1	WSW	10.9	11.4	10.9	---	1019.4	0.00	0.0	0	0.00	0	0.024	0.000	20.5	48	9.1	19.6	8.87	1.1962	0.00	111	1	97.4	5
05/04/26	1:40	11.3	11.3	11.2	88	9.4	6.4	W	0.54	16.1	WNW	10.8	11.3	10.9	---	1019.4	0.00	0.0	0	0.00	0	0.024	0.000	20.5	48	9.1	19.6	8.87	1.1962	0.00	115	1	100.0	5
05/04/26	1:45	11.2	11.3	11.2	88	9.3	6.4	SW	0.54	14.5	WSW	10.7	11.2	10.8	---	1019.4	0.00	0.0	0	0.00	0	0.025	0.000	20.5	48	9.1	19.6	8.87	1.1962	0.00	116	1	100.0	5
05/04/26	1:50	11.2	11.2	11.2	89	9.5	8.0	WSW	0.67	20.9	WNW	10.4	11.3	10.5	---	1019.4	0.00	0.0	0	0.00	0	0.025	0.000	20.5	48	9.1	19.6	8.87	1.1963	0.00	117	1	100.0	5
05/04/26	1:55	11.2	11.2	11.2	89	9.4	8.0	W	0.67	17.7	WNW	10.4	11.3	10.5	---	1019.5	0.00	0.0	0	0.00	0	0.025	0.000	20.5	48	9.1	19.6	8.87	1.1964	0.00	114	1	100.0	5
05/04/26	2:00	11.1	11.2	11.1	89	9.4	6.4	SW	0.54	20.9	WSW	10.7	11.2	10.8	---	1019.6	0.00	0.0	0	0.00	0	0.025	0.000	20.4	48	9.1	19.5	8.87	1.1967	0.00	116	1	100.0	5
05/04/26	2:05	11.2	11.2	11.1	89	9.4	6.4	WSW	0.54	16.1	WSW	10.7	11.3	10.8	---	1019.6	0.00	0.0	0	0.00	0	0.025	0.000	20.4	48	9.1	19.5	8.87	1.1968	0.00	113	1	99.1	5
05/04/26	2:10	11.1	11.2	11.1	89	9.4	8.0	W	0.67	16.1	WNW	10.3	11.2	10.4	---	1019.8	0.00	0.0	0	0.00	0	0.025	0.000	20.4	48	9.1	19.5	8.87	1.1970	0.00	114	1	100.0	5
05/04/26	2:15	11.2	11.2	11.2	88	9.3	8.0	W	0.67	16.1	WNW	10.4	11.2	10.4	---	1019.8	0.00	0.0	0	0.00	0	0.025	0.000	20.4	48	9.1	19.5	8.87	1.1970	0.00	117	1	100.0	5
05/04/26	2:20	11.2	11.2	11.2	88	9.3	6.4	WSW	0.54	20.9	WSW	10.7	11.2	10.8	---	1019.8	0.00	0.0	0	0.00	0	0.025	0.000	20.4	48	9.1	19.5	8.87	1.1970	0.00	117	1	100.0	5
05/04/26	2:25	11.2	11.2	11.1	88	9.3	6.4	WSW	0.54	16.1	WNW	10.7	11.2	10.8	---	1019.9	0.00	0.0	0	0.00	0	0.025	0.000	20.4	48	9.1	19.5	8.87	1.1971	0.00	117	1	100.0	5
05/04/26	2:30	11.2	11.2	11.1	88	9.3	8.0	WSW	0.67	14.5	WNW	10.4	11.2	10.4	---	1019.8	0.00	0.0	0	0.00	0	0.025	0.000	20.4	48	9.1	19.5	8.87	1.1971	0.00	117	1	100.0	5
05/04/26	2:35	11.2	11.2	11.1	87	9.1	6.4	WSW	0.54	14.5	WNW	10.7	11.2	10.8	---	1019.8	0.00	0.0	0	0.00	0	0.025	0.000	20.4	48	9.1	19.5	8.87	1.1971	0.00	114	1	100.0	5
05/04/26	2:40	11.2	11.2	11.2	87	9.1	8.0	SW	0.67	17.7	SW	10.4	11.3	10.5	---	1019.9	0.00	0.0	0	0.00	0	0.025	0.000	20.4	48	9.1	19.5	8.87	1.1971	0.00	114	1	100.0	5
05/04/26	2:45	11.2	11.2	11.2	87	9.1	8.0	W	0.67	14.5	W	10.4	11.3	10.5	---	1019.8	0.00	0.0	0	0.00	0	0.025	0.000	20.4	48	9.1	19.5	8.87	1.1971	0.00	114	1	100.0	5
05/04/26	2:50	11.2	11.2	11.2	87	9.1	6.4	W	0.54	16.1	WNW	10.8	11.3	10.8	---	1019.9	0.00	0.0	0	0.00	0	0.025	0.000	20.4	48	9.1	19.5	8.87	1.1971	0.00	117	1	100.0	5
05/04/26	2:55	11.2	11.2	11.2	86	9.0	6.4	WNW	0.54	22.5	SW	10.8	11.2	10.8	---	1019.9	0.00	0.0	0	0.00	0	0.025	0.000	20.4	48	9.1	19.5	8.87	1.1972	0.00	114	1	100.0	5
05/04/26	3:00	11.3	11.3	11.2	85	8.8	8.0	WSW	0.67	19.3	WSW	10.5	11.3	10.5	---	1020.0	0.00	0.0	0	0.00	0	0.024	0.000	20.4	48	9.1	19.5	8.87	1.1972	0.00	115	1	100.0	5
05/04/26	3:05	11.3	11.3	11.2	85	8.9	6.4	SW	0.54	14.5	W	10.9	11.3	10.9	---	1020.1	0.00	0.0	0	0.00	0	0.024	0.000	20.4	48	9.1	19.5	8.87	1.1973	0.00	117	1	100.0	5
05/04/26	3:10	11.3	11.3	11.3	85	8.9	4.8	SW	0.40	11.3	W	11.3	11.3	11.3	---	1020.0	0.00	0.0	0	0.00	0	0.024	0.000	20.4	48	9.1	19.5	8.87	1.1973	0.00	115	1	100.0	5
05/04/26	3:15	11.3	11.3	11.3	85	8.9	9.7	SW	0.80	20.9	W	10.3	11.3	10.3	---	1020.1	0.00	0.0	0	0.00	0	0.024	0.000	20.4	48	9.1	19.5	8.87	1.1974	0.00	115	1	100.0	5
05/04/26	3:20	11.3	11.3	11.3	85	8.9	8.0	WSW	0.67	19.3	WSW	10.6	11.3	10.6	---	1019.9	0.00	0.0	0	0.00	0	0.024	0.000	20.4	48	9.1	19.5	8.87	1.1972	0.00	116	1	100.0	5
05/04/26	3:25	11.3	11.3	11.3	85	8.9	9.7	W	0.80	19.3	W	10.3	11.3	10.3	---	1020.1	0.00	0.0	0	0.00	0	0.024	0.000	20.4	48	9.1	19.5	8.87	1.1974	0.00	116	1	100.0	5
05/04/26	3:30	11.3	11.3	11.3	85	8.9	8.0	WSW	0.67	17.7	WNW	10.6	11.3	10.6	---	1020.0	0.00	0.0	0	0.00	0	0.024	0.000	20.4	48	9.0	19.4	8.88	1.1975	0.00	112	1	98.2	5
05/04/26	3:35	11.3	11.3	11.2	85	8.8	11.3	WSW	0.94	19.3	SW	10.0	11.3	10.0	---	1020.0	0.00	0.0	0	0.00	0	0.024	0.000	20.4	48	9.1	19.5	8.87	1.1973	0.00	117	1	100.0	5
05/04/26	3:40	11.2	11.3	11.2	85	8.7	4.8	SW	0.40	12.9	SSW	11.1	11.2	11.1	---	1020.0	0.00	0.0	0	0.00	0	0.025	0.000	20.4	48	9.1	19.5	8.87	1.1973	0.00	113	1	99.1	5
05/04/26	3:45	11.1	11.2	11.1	85	8.6	8.0	SW	0.67	19.3	SW	10.3	11.1	10.3	---	1020.1	0.00	0.0	0	0.00	0	0.025	0.000	20.4	48	9.1	19.5	8.87	1.1974	0.00	110	1	96.5	5
05/04/26	3:50	11.0	11.1	10.9	86	8.7	9.7	SW	0.80	17.7	WSW	9.9	11.0	9.9	---	1020.1	0.00	0.0	0	0.00	0	0.025	0.000	20.4	48	9.1	19.5	8.87	1.1974	0.00	117	1	100.0	5
05/04/26	3:55	10.9	11.0	10.9	86	8.7	6.4	SW	0.54	12.9	WSW	10.4	10.9	10.4	---	1020.1	0.00	0.0	0	0.00	0	0.026	0.000	20.4	48	9.0	19.4	8.88	1.1976	0.00	117	1	100.0	5
05/04/26	4:00	10.9	10.9	10.9	86	8.6	6.4	SW	0.54	14.5	W	10.4	10.9	10.4	---	1020.2	0.00	0.0	0	0.00	0	0.026	0.000	20.4	48	9.0	19.4	8.88	1.1977	0.00	117	1	100.0	5
05/04/26	4:05	10.8	10.9	10.8	86	8.6	9.7	SW	0.80	19.3	SW	9.7	10.8	9.7	---	1020.2	0.00	0.0	0	0.00	0	0.026	0.000	20.4	48	9.1	19.5	8.87	1.1974	0.00	116	1	100.0	5
05/04/26	4:10	10.9	10.9	10.8	86	8.7	12.9	SW	1.07	22.5	SW	9.2	10.9	9.2	---	1020.1	0.00	0.0	0	0.00	0	0.026	0.000	20.4	48	9.0	19.4	8.88	1.1977	0.00	115	1	100.0	5
05/04/26	4:15	10.9	10.9	10.9	86	8.7	8.0	SW	0.67	17.7	SW	10.1	10.9	10.1	---	1020.2	0.00	0.0	0	0.00	0	0.026	0.000	20.4	48	9.0	19.4	8.88	1.1978	0.00	114	1	100.0	5
05/04/26	4:20	10.9	11.0	10.9	85	8.5	11.3	SW	0.94	20.9	SW	9.6	10.9	9.6	---	1020.1	0.00	0.0	0	0.00	0	0.026	0.000	20.4	48	9.0	19.4	8.88	1.1977	0.00	116	1	100.0	5
05/04/26	4:25	11.1	11.1	10.9	85	8.6	9.7	SW	0.80	19.3	W	9.9	11.1	9.9	---	1020.1	0.00	0.0	0	0.00	0	0.025	0.000	20.4	48	9.0	19.4	8.88	1.1977	0.00	116	1	100.0	5
05/04/26	4:30	11.0	11.1	11.0	85	8.6	11.3	SW	0.94	20.9	WSW	9.7	11.0	9.7	---	1020.3	0.00	0.0	0	0.00	0	0.025	0.000	20.4	48	9.0	19.4	8.88	1.1978	0.00	117	1	100.0	5
05/04/26	4:35	11.1	11.1	11.0	85	8.6	11.3	SW	0.94	22.5	SW	9.7	11.1	9.7	---	1020.3	0.00	0.0	0	0.00	0	0.025	0.000	20.4	48	9.0	19.4	8.88	1.1978	0.00	116	1	100.0	5
05/04/26	4:40	11.0	11.1	11.0	86	8.7	9.7	SW	0.80	19.3	SW	9.9	11.0	9.9	---	1020.2	0.00	0.0	0	0.00	0	0.025	0.000	20.4	48	9.1	19.5	8.87	1.1975	0.00	115	1	100.0	5
05/04/26	4:45	11.0	11.1	10.9	86	8.7	8.0	SW	0.67	16.1	WSW	10.2	11.0	10.2	---	1020.3	0.00	0.0	0	0.00	0	0.025	0.000	20.4	48	9.0	19.4	8.88	1.1978	0.00	108	1	94.7	5
05/04/26	4:50	11.1	11.1	10.9	86	8.8	6.4	SW	0.54	14.5	SW	10.6	11.1	10.6	---	1020.3	0.00	0.0	0	0.00	0	0.025	0.000	20.4	48	9.0	19.4	8.88	1.1979	0.00	115	1	100.0	5
05/04/26	4:55	11.0	11.1	11.0	86	8.7	8.0	SW	0.67	16.1	WSW	10.2	11.0	10.2	---	1020.3	0.00	0.0	0	0.00	0	0.025	0.000	20.4	48	9.0	19.4	8.88	1.1979	0.00	116	1	100.0	5
05/04/26	5:00	11.1	11.1	11.1	86	8.9	11.3	SW	0.94	19.3	WSW	9.8	11.1	9.8	---	1020.2	0.00	0.0	0	0.00	0	0.025	0.000	20.4	48	9.0	19.4	8.88	1.1978	0.00	115	1	100.0	5
05/04/26	5:05	11.2	11.2	11.1	86	8.9	11.3	SW	0.94	19.3	SW	9.8	11.2	9.8	---	1020.3	0.00	0.0	0	0.00	0	0.025	0.000	20.4	48	9.0	19.4	8.88	1.1979	0.00	115	1	100.0	5
05/04/26	5:10	11.2	11.2	11.2	86	8.9	9.7	SW	0.80	17.7	WNW	10.1	11.2	10.1	---	1020.3	0.00	0.0	0	0.00	0	0.025	0.000	20.4	48	9.0	19.4	8.88	1.1979	0.00	117	1	100.0	5
05/04/26	5:15	11.1	11.2	11.1	86	8.9	11.3	SW	0.94	24.1	WSW	9.8	11.1	9.8	---	1020.3	0.00	0.0	0	0.00	0	0.025	0.000	20.4	48	9.0	19.4	8.88	1.1979	0.00	114	1	100.0	5
05/04/26	5:20	11.2	11.2	11.1	86	8.9	9.7	SW	0.80	19.3	WSW	10.1	11.2	10.1	---	1020.4	0.00	0.0	0	0.00	0	0.025	0.000	20.4	48	9.0	19.4	8.88	1.1979	0.00	115	1	100.0	5
05/04/26	5:25	11.2	11.2	11.1	86	8.9	9.7	SW	0.80	22.5	SW	10.1	11.2	10.1	---	1020.4	0.00	0.0	0	0.00	0	0.025	0.000	20.4	48	9.0	19.4	8.88	1.1980	0.00	117	1	100.0	5
05/04/26	5:30	11.2	11.2	11.1	87	9.1	8.0	SW	0.67	16.1	SSW	10.4	11.2	10.4	---	1020.3	0.00	0.0	0	0.00	0	0.025	0.000	20.4	48	9.0	19.4	8.88	1.1979	0.00	117	1	100.0	5
05/04/26	5:35	11.2	11.2	11.1	87	9.1	8.0	SW	0.67	16.1	WSW	10.4	11.2	10.4	---	1020.4	0.00	0.0	0	0.00	0	0.025	0.000	20.4	48	9.0	19.4	8.88	1.1980	0.00	117	1	100.0	5
05/04/26	5:40	11.2	11.2	11.1	87	9.1	11.3	SW	0.94	19.3	WSW	9.8	11.2	9.9	---	1020.4	0.00	0.0	0	0.00	0	0.025	0.000	20.4	48	9.0	19.4	8.88	1.1980	0.00	116	1	100.0	5
05/04/26	5:45	11.2	11.2	11.1	87	9.1	8.0	SW	0.67	14.5	WSW	10.4	11.2	10.4	---	1020.5	0.00	0.0	0	0.00	0	0.025	0.000	20.4	48	9.0	19.4	8.88	1.1981	0.00	114	1	100.0	5
05/04/26	5:50	11.1	11.2	11.1	87	9.0	9.7	SW	0.80	20.9	WSW	10.0	11.2	10.1	---	1020.5	0.00	0.0	0	0.00	0	0.025	0.000	20.4	48	9.0	19.4	8.88	1.1981	0.00	112	1	98.2	5
05/04/26	5:55	11.1	11.2	11.1	87	9.0	11.3	SW	0.94	20.9	W	9.8	11.2	9.8	---	1020.5	0.00	0.0	0	0.00	0	0.025	0.000	20.4	48	9.0	19.4	8.88	1.1981	0.00	116	1	100.0	5
05/04/26	6:00	11.2	11.2	11.1	88	9.3	11.3	SW	0.94	19.3	WSW	9.8	11.2	9.9	---	1020.5	0.00	0.0	0	0.00	0	0.025	0.000	20.4	48	9.0	19.4	8.88	1.1981	0.00	114	1	100.0	5
05/04/26	6:05	11.2	11.2	11.1	88	9.3	11.3	SW	0.94	19.3	WSW	9.8	11.2	9.9	---	1020.5	0.00	0.0	0	0.00	0	0.025	0.000	20.4	48	9.0	19.4	8.88	1.1981	0.00	115	1	100.0	5
05/04/26	6:10	11.2	11.2	11.1	88	9.3	11.3	SW	0.94	25.7	W	9.8	11.2	9.9	---	1020.5	0.00	0.0	0	0.00	0	0.025	0.000	20.4	48	9.0	19.4	8.88	1.1981	0.00	116	1	100.0	5
05/04/26	6:15	11.2	11.2	11.2	88	9.3	8.0	SW	0.67	17.7	SW	10.4	11.2	10.4	---	1020.6	0.00	0.0	0	0.00	0	0.025	0.000	20.4	48	9.0	19.4	8.88	1.1982	0.00	113	1	99.1	5
05/04/26	6:20	11.2	11.2	11.2	88	9.3	8.0	SW	0.67	19.3	WSW	10.4	11.2	10.4	---	1020.5	0.00	0.0	0	0.00	0	0.025	0.000	20.4	48	9.0	19.4	8.88	1.1981	0.00	114	1	100.0	5
05/04/26	6:25	11.2	11.2	11.2	88	9.3	12.9	SW	1.07	19.3	SW	9.4	11.2	9.5	---	1020.6	0.00	0.0	0	0.00	0	0.025	0.000	20.3	48	9.0	19.4	8.88	1.1985	0.00	115	1	100.0	5
05/04/26	6:30	11.2	11.2	11.2	88	9.3	9.7	SW	0.80	16.1	SSW	10.1	11.2	10.1	---	1020.6	0.00	0.0	0	0.00	0	0.025	0.000	20.4	48	9.0	19.4	8.88	1.1982	0.00	116	1	100.0	5
05/04/26	6:35	11.2	11.2	11.2	88	9.3	8.0	SW	0.67	19.3	WNW	10.4	11.2	10.4	---	1020.6	0.00	0.0	0	0.00	0	0.025	0.000	20.4	48	9.0	19.4	8.88	1.1982	0.00	113	1	99.1	5
05/04/26	6:40	11.2	11.2	11.2	88	9.3	11.3	SW	0.94	22.5	SW	9.8	11.2	9.9	---	1020.6	0.00	0.0	0	0.00	0	0.025	0.000	20.4	48	9.0	19.4	8.88	1.1982	0.00	117	1	100.0	5
05/04/26	6:45	11.1	11.2	11.1	89	9.3	12.9	SW	1.07	25.7	SW	9.3	11.2	9.4	---	1020.6	0.00	0.0	0	0.00	0	0.025	0.000	20.3	48	9.0	19.4	8.88	1.1985	0.00	117	1	100.0	5
05/04/26	6:50	11.1	11.1	11.1	89	9.3	9.7	SW	0.80	19.3	WSW	9.9	11.2	10.1	---	1020.6	0.00	0.0	0	0.00	0	0.025	0.000	20.3	48	9.0	19.4	8.88	1.1985	0.00	113	1	99.1	5
05/04/26	6:55	10.9	11.1	10.9	89	9.2	8.0	SW	0.67	20.9	SW	10.1	11.1	10.2	---	1020.7	0.00	0.0	0	0.00	0	0.026	0.000	20.3	48	9.0	19.4	8.88	1.1987	0.00	112	1	98.2	5
05/04/26	7:00	10.9	11.0	10.9	90	9.3	8.0	SW	0.67	12.9	SW	10.1	11.0	10.2	---	1020.7	0.00	0.0	0	0.00	0	0.026	0.000	20.4	48	9.0	19.4	8.88	1.1983	0.00	116	1	100.0	5
05/04/26	7:05	10.8	10.9	10.8	90	9.3	8.0	SW	0.67	17.7	SW	10.0	10.9	10.1	---	1020.6	0.00	0.0	0	0.00	0	0.026	0.000	20.4	48	9.0	19.4	8.88	1.1983	0.00	116	1	100.0	5
05/04/26	7:10	10.8	10.8	10.8	90	9.2	8.0	SW	0.67	14.5	SSE	9.9	10.9	10.1	---	1020.7	0.00	0.0	0	0.00	0	0.026	0.000	20.3	48	9.0	19.4	8.88	1.1986	0.00	116	1	100.0	5
05/04/26	7:15	10.8	10.8	10.8	90	9.2	6.4	WSW	0.54	14.5	W	10.3	10.9	10.4	---	1020.8	0.00	0.0	0	0.00	0	0.026	0.000	20.4	48	9.0	19.4	8.88	1.1984	0.00	116	1	100.0	5
05/04/26	7:20	10.8	10.8	10.7	91	9.4	11.3	SW	0.94	20.9	SW	9.4	10.9	9.5	---	1020.8	0.00	0.0	0	0.00	0	0.026	0.000	20.3	48	9.0	19.4	8.88	1.1987	0.00	114	1	100.0	5
05/04/26	7:25	10.7	10.8	10.7	91	9.3	9.7	SW	0.80	20.9	SW	9.6	10.8	9.7	---	1020.8	0.00	0.0	0	0.00	0	0.026	0.000	20.3	48	9.0	19.4	8.88	1.1988	0.00	113	1	99.1	5
05/04/26	7:30	10.7	10.7	10.7	91	9.3	9.7	SW	0.80	20.9	SW	9.5	10.8	9.6	---	1021.0	0.00	0.0	0	0.00	0	0.027	0.000	20.3	48	9.0	19.4	8.88	1.1989	0.00	118	1	100.0	5
05/04/26	7:35	10.7	10.7	10.7	91	9.3	9.7	SW	0.80	24.1	SW	9.5	10.8	9.6	---	1021.1	0.00	0.0	0	0.00	0	0.027	0.000	20.3	48	9.0	19.4	8.88	1.1991	0.00	115	1	100.0	5
05/04/26	7:40	10.7	10.7	10.7	91	9.3	9.7	SW	0.80	17.7	SW	9.6	10.8	9.7	---	1021.1	0.00	0.0	5	0.04	7	0.026	0.000	20.3	48	9.0	19.4	8.88	1.1991	0.00	117	1	100.0	5
05/04/26	7:45	10.8	10.8	10.7	91	9.4	9.7	SW	0.80	27.4	SW	9.6	10.9	9.7	---	1021.1	0.00	0.0	8	0.06	9	0.026	0.000	20.3	48	9.0	19.4	8.88	1.1991	0.00	116	1	100.0	5
05/04/26	7:50	10.8	10.8	10.8	91	9.4	9.7	SW	0.80	17.7	SW	9.6	10.9	9.7	---	1021.1	0.00	0.0	11	0.08	16	0.026	0.000	20.3	48	9.0	19.4	8.88	1.1991	0.00	114	1	100.0	5
05/04/26	7:55	10.9	10.9	10.8	91	9.5	8.0	SW	0.67	14.5	SW	10.1	11.0	10.2	---	1021.2	0.00	0.0	18	0.13	21	0.026	0.000	20.3	48	9.0	19.4	8.88	1.1992	0.00	115	1	100.0	5
05/04/26	8:00	10.9	10.9	10.8	91	9.5	8.0	SW	0.67	16.1	SW	10.1	11.0	10.2	---	1021.3	0.00	0.0	23	0.16	25	0.026	0.000	20.3	48	9.0	19.4	8.88	1.1993	0.00	115	1	100.0	5
05/04/26	8:05	10.9	11.0	10.9	91	9.5	8.0	SW	0.67	16.1	WSW	10.1	11.1	10.2	---	1021.3	0.00	0.0	28	0.20	33	0.026	0.000	20.3	48	9.0	19.4	8.88	1.1993	0.00	115	1	100.0	5
05/04/26	8:10	11.0	11.0	10.9	91	9.6	6.4	SW	0.54	14.5	WSW	10.6	11.1	10.7	---	1021.4	0.00	0.0	48	0.34	58	0.025	0.000	20.4	48	9.0	19.4	8.88	1.1992	0.00	117	1	100.0	5
05/04/26	8:15	11.1	11.1	11.0	91	9.6	11.3	SW	0.94	20.9	WSW	9.7	11.2	9.8	---	1021.3	0.00	0.0	48	0.34	53	0.025	0.000	20.3	48	9.0	19.4	8.88	1.1994	0.00	117	1	100.0	5
05/04/26	8:20	11.2	11.2	11.1	91	9.8	8.0	SW	0.67	17.7	WSW	10.4	11.3	10.5	---	1021.4	0.00	0.0	68	0.49	79	0.025	0.000	20.4	48	9.0	19.4	8.88	1.1992	0.00	115	1	100.0	5
05/04/26	8:25	11.2	11.2	11.2	91	9.8	9.7	SW	0.80	16.1	WSW	10.1	11.3	10.2	---	1021.5	0.00	0.0	83	0.59	98	0.025	0.000	20.4	48	9.1	19.5	8.87	1.1990	0.00	110	1	96.5	5
05/04/26	8:30	11.3	11.3	11.2	91	9.9	11.3	SW	0.94	20.9	SW	10.0	11.4	10.1	---	1021.5	0.00	0.0	69	0.49	86	0.024	0.000	20.4	48	9.0	19.4	8.88	1.1994	0.00	114	1	100.0	5
05/04/26	8:35	11.3	11.3	11.3	91	9.9	9.7	SW	0.80	19.3	SW	10.3	11.4	10.4	---	1021.6	0.00	0.0	55	0.39	62	0.024	0.000	20.4	48	9.0	19.4	8.88	1.1995	0.00	115	1	100.0	5
05/04/26	8:40	11.4	11.4	11.3	91	10.0	9.7	SW	0.80	22.5	W	10.4	11.6	10.5	---	1021.7	0.00	0.0	70	0.50	76	0.024	0.000	20.4	48	9.0	19.4	8.88	1.1995	0.00	115	1	100.0	5
05/04/26	8:45	11.4	11.5	11.4	91	10.0	11.3	SW	0.94	24.1	SW	10.2	11.6	10.3	---	1021.8	0.00	0.0	62	0.44	65	0.024	0.000	20.4	48	9.0	19.4	8.88	1.1996	0.00	116	1	100.0	5
05/04/26	8:50	11.5	11.6	11.5	91	10.1	12.9	SW	1.07	20.9	SW	9.8	11.6	9.9	---	1021.8	0.00	0.0	65	0.47	77	0.024	0.000	20.4	48	9.1	19.5	8.87	1.1994	0.00	116	1	100.0	5
05/04/26	8:55	11.6	11.6	11.5	90	10.0	12.9	WSW	1.07	25.7	WSW	9.9	11.6	10.0	---	1021.9	0.00	0.0	87	0.62	105	0.024	0.000	20.4	48	9.0	19.4	8.88	1.1998	0.00	110	1	96.5	5
05/04/26	9:00	11.6	11.6	11.6	90	10.0	8.0	SW	0.67	14.5	SW	10.9	11.7	10.9	---	1021.9	0.00	0.0	83	0.59	97	0.023	0.000	20.4	48	9.1	19.5	8.87	1.1995	0.03	113	1	99.1	5
05/04/26	9:05	11.6	11.7	11.6	90	10.0	11.3	SW	0.94	20.9	SW	10.4	11.7	10.4	---	1022.0	0.00	0.0	84	0.60	93	0.023	0.000	20.4	48	9.1	19.5	8.87	1.1996	0.00	111	1	97.4	5
05/04/26	9:10	11.6	11.7	11.6	90	10.0	11.3	SW	0.94	19.3	SW	10.4	11.7	10.4	---	1022.0	0.00	0.0	99	0.71	114	0.023	0.000	20.4	48	9.0	19.4	8.88	1.2000	0.00	115	1	100.0	5
05/04/26	9:15	11.7	11.7	11.6	91	10.2	12.9	SW	1.07	22.5	SW	10.1	11.7	10.1	---	1022.0	0.00	0.0	107	0.77	118	0.023	0.000	20.4	48	9.1	19.5	8.87	1.1997	0.00	116	1	100.0	5
05/04/26	9:20	11.7	11.8	11.7	91	10.3	9.7	SW	0.80	16.1	SW	10.7	11.8	10.8	---	1022.1	0.00	0.0	109	0.78	123	0.023	0.000	20.4	48	9.1	19.5	8.87	1.1998	0.00	116	1	100.0	5
05/04/26	9:25	11.8	11.8	11.7	91	10.4	9.7	SW	0.80	20.9	W	10.8	11.8	10.8	---	1022.1	0.00	0.0	107	0.77	134	0.023	0.000	20.4	48	9.1	19.5	8.87	1.1998	0.00	112	1	98.2	5
05/04/26	9:30	11.9	11.9	11.8	91	10.5	9.7	SW	0.80	20.9	WSW	10.9	11.9	11.0	---	1022.2	0.00	0.0	170	1.22	193	0.022	0.000	20.4	48	9.1	19.5	8.87	1.1998	0.00	113	1	99.1	5
05/04/26	9:35	12.0	12.0	11.9	90	10.4	11.3	SW	0.94	20.9	WSW	10.8	12.1	10.9	---	1022.3	0.00	0.0	144	1.03	153	0.022	0.000	20.4	48	9.1	19.5	8.87	1.1999	0.00	114	1	100.0	5
05/04/26	9:40	12.2	12.2	12.0	90	10.6	11.3	SW	0.94	24.1	WSW	11.1	12.2	11.1	---	1022.2	0.00	0.0	144	1.03	156	0.021	0.000	20.4	48	9.1	19.5	8.87	1.1999	0.00	115	1	100.0	5
05/04/26	9:45	12.2	12.2	12.2	91	10.7	9.7	WSW	0.80	20.9	WSW	11.3	12.2	11.3	---	1022.4	0.00	0.0	161	1.15	169	0.021	0.000	20.4	48	9.1	19.5	8.87	1.2000	0.00	116	1	100.0	5
05/04/26	9:50	12.2	12.2	12.2	91	10.8	6.4	WSW	0.54	14.5	SSW	11.9	12.3	12.0	---	1022.3	0.00	0.0	164	1.18	186	0.021	0.000	20.4	48	9.1	19.5	8.87	1.2000	0.00	117	1	100.0	5
05/04/26	9:55	12.1	12.2	12.1	91	10.6	11.3	W	0.94	20.9	W	10.9	12.1	10.9	---	1022.5	0.00	0.0	73	0.52	98	0.022	0.000	20.5	48	9.1	19.6	8.87	1.1999	0.00	115	1	100.0	5
05/04/26	10:00	12.1	12.1	12.1	92	10.8	4.8	WNW	0.40	14.5	WNW	12.1	12.2	12.2	---	1022.6	0.00	0.0	52	0.37	79	0.022	0.000	20.5	48	9.1	19.6	8.87	1.2000	0.08	114	1	100.0	5
05/04/26	10:05	11.7	12.1	11.7	92	10.4	6.4	NW	0.54	20.9	N	11.3	11.8	11.4	---	1022.7	0.00	0.0	143	1.02	169	0.023	0.000	20.4	48	9.1	19.5	8.87	1.2005	0.00	116	1	100.0	5
05/04/26	10:10	11.4	11.7	11.4	92	10.2	8.0	W	0.67	20.9	NW	10.7	11.6	10.8	---	1022.7	0.00	0.0	188	1.35	202	0.024	0.000	20.5	48	9.1	19.6	8.87	1.2001	0.00	117	1	100.0	5
05/04/26	10:15	11.5	11.5	11.4	93	10.4	4.8	W	0.40	11.3	SW	11.5	11.6	11.6	---	1022.6	0.00	0.0	174	1.25	190	0.024	0.000	20.5	48	9.1	19.6	8.87	1.2000	0.00	114	1	100.0	5
05/04/26	10:20	11.5	11.6	11.4	93	10.4	3.2	W	0.27	9.7	W	11.5	11.6	11.6	---	1022.7	0.00	0.0	175	1.25	190	0.024	0.000	20.5	48	9.1	19.6	8.87	1.2001	0.00	113	1	99.1	5
05/04/26	10:25	11.6	11.6	11.5	92	10.4	4.8	WSW	0.40	12.9	W	11.6	11.7	11.7	---	1022.7	0.00	0.0	212	1.52	223	0.023	0.000	20.5	48	9.1	19.6	8.87	1.2002	0.00	116	1	100.0	5
05/04/26	10:30	11.6	11.6	11.6	92	10.4	6.4	WNW	0.54	14.5	W	11.2	11.7	11.3	---	1022.8	0.00	0.0	209	1.50	230	0.023	0.000	20.5	48	9.1	19.6	8.87	1.2003	0.00	113	1	99.1	5
05/04/26	10:35	11.8	11.8	11.6	92	10.5	4.8	W	0.40	16.1	NW	11.8	11.9	11.9	---	1022.8	0.00	0.0	216	1.55	239	0.023	0.000	20.6	48	9.2	19.6	8.87	1.2000	0.00	115	1	100.0	5
05/04/26	10:40	11.9	11.9	11.8	91	10.5	9.7	W	0.80	16.1	WNW	10.9	11.9	11.0	---	1022.8	0.00	0.0	235	1.68	264	0.022	0.000	20.6	48	9.2	19.6	8.87	1.2001	0.00	117	1	100.0	5
05/04/26	10:45	12.0	12.0	11.8	91	10.6	4.8	WNW	0.40	12.9	WNW	12.0	12.1	12.1	---	1022.9	0.00	0.0	247	1.77	294	0.022	0.000	20.6	48	9.2	19.7	8.87	1.1999	0.00	117	1	100.0	5
05/04/26	10:50	12.2	12.2	12.0	91	10.8	3.2	W	0.27	11.3	SW	12.2	12.3	12.3	---	1023.0	0.00	0.0	262	1.88	287	0.021	0.000	20.6	48	9.2	19.7	8.87	1.1999	0.00	116	1	100.0	5
05/04/26	10:55	12.3	12.3	12.2	90	10.7	4.8	W	0.40	11.3	W	12.3	12.4	12.4	---	1023.0	0.00	0.0	310	2.22	315	0.021	0.000	20.6	48	9.2	19.7	8.87	1.2000	0.00	115	1	100.0	5
05/04/26	11:00	12.6	12.6	12.3	90	11.0	4.8	W	0.40	14.5	NW	12.6	12.7	12.7	---	1023.1	0.00	0.0	266	1.91	318	0.020	0.000	20.6	48	9.2	19.7	8.87	1.2001	0.13	114	1	100.0	5
05/04/26	11:05	12.7	12.7	12.6	89	10.9	6.4	WNW	0.54	16.1	WNW	12.4	12.7	12.4	---	1023.2	0.00	0.0	242	1.73	253	0.020	0.000	20.6	48	9.2	19.7	8.87	1.2002	0.00	116	1	100.0	5
05/04/26	11:10	12.7	12.7	12.6	87	10.6	8.0	W	0.67	19.3	WSW	12.2	12.6	12.1	---	1023.2	0.00	0.0	302	2.16	394	0.020	0.000	20.6	48	9.2	19.7	8.87	1.2003	0.00	117	1	100.0	5
05/04/26	11:15	12.9	12.9	12.7	86	10.6	6.4	SW	0.54	19.3	NW	12.7	12.8	12.6	---	1023.4	0.00	0.0	359	2.57	396	0.019	0.000	20.6	48	9.2	19.7	8.87	1.2004	0.00	116	1	100.0	5
05/04/26	11:20	13.0	13.0	12.9	85	10.5	9.7	WNW	0.80	16.1	NW	12.3	12.9	12.2	---	1023.5	0.00	0.0	395	2.83	485	0.019	0.000	20.7	48	9.3	19.7	8.87	1.2003	0.00	117	1	100.0	5
05/04/26	11:25	13.2	13.2	13.0	86	10.9	6.4	W	0.54	16.1	NNW	13.0	13.1	12.9	---	1023.5	0.00	0.0	326	2.34	348	0.018	0.000	20.7	48	9.3	19.7	8.87	1.2004	0.00	114	1	100.0	5
05/04/26	11:30	13.2	13.3	13.1	85	10.8	6.4	WNW	0.54	12.9	WNW	13.1	13.1	13.0	---	1023.6	0.00	0.0	303	2.17	357	0.018	0.000	20.7	48	9.3	19.7	8.87	1.2005	0.00	114	1	100.0	5
05/04/26	11:35	13.4	13.4	13.3	85	11.0	3.2	WNW	0.27	14.5	W	13.4	13.3	13.3	---	1023.6	0.00	0.0	302	2.16	343	0.017	0.000	20.7	48	9.3	19.7	8.87	1.2005	0.00	115	1	100.0	5
05/04/26	11:40	13.6	13.7	13.4	85	11.1	3.2	WNW	0.27	16.1	W	13.6	13.5	13.5	---	1023.7	0.00	0.0	316	2.26	352	0.016	0.000	20.7	48	9.3	19.7	8.87	1.2005	0.00	117	1	100.0	5
05/04/26	11:45	13.6	13.6	13.5	81	10.4	9.7	WNW	0.80	19.3	WNW	12.9	13.4	12.8	---	1023.8	0.00	0.0	392	2.81	432	0.017	0.000	20.7	48	9.3	19.7	8.87	1.2007	0.00	118	1	100.0	5
05/04/26	11:50	13.7	13.7	13.5	81	10.5	8.0	WNW	0.67	17.7	NW	13.3	13.5	13.2	---	1023.9	0.00	0.0	458	3.28	508	0.016	0.000	20.7	48	9.3	19.8	8.86	1.2005	0.00	117	1	100.0	5
05/04/26	11:55	13.8	13.8	13.7	80	10.4	6.4	WNW	0.54	16.1	NNW	13.8	13.6	13.6	---	1023.8	0.00	0.0	377	2.70	410	0.016	0.000	20.7	48	9.3	19.7	8.87	1.2007	0.00	116	1	100.0	5
05/04/26	12:00	13.9	13.9	13.7	80	10.5	4.8	NW	0.40	14.5	W	13.9	13.7	13.7	---	1023.9	0.00	0.0	326	2.34	489	0.015	0.000	20.7	48	9.3	19.7	8.87	1.2008	0.20	113	1	99.1	5
05/04/26	12:05	13.7	13.8	13.7	80	10.3	8.0	WNW	0.67	14.5	WNW	13.4	13.6	13.2	---	1023.8	0.00	0.0	344	2.47	418	0.016	0.000	20.7	48	9.3	19.8	8.86	1.2004	0.00	116	1	100.0	5
05/04/26	12:10	13.9	13.9	13.7	80	10.5	6.4	WNW	0.54	14.5	W	13.9	13.7	13.7	---	1023.9	0.00	0.0	441	3.16	533	0.015	0.000	20.7	48	9.3	19.8	8.86	1.2005	0.00	117	1	100.0	5
05/04/26	12:15	14.1	14.1	13.9	80	10.7	6.4	WNW	0.54	16.1	WSW	14.1	13.9	13.9	---	1023.8	0.00	0.0	634	4.54	784	0.015	0.000	20.7	48	9.3	19.8	8.86	1.2004	0.00	116	1	100.0	5
05/04/26	12:20	14.6	14.6	14.1	80	11.1	3.2	SW	0.27	12.9	W	14.6	14.4	14.4	---	1023.8	0.00	0.0	534	3.83	555	0.013	0.000	20.7	48	9.3	19.8	8.86	1.2004	0.00	117	1	100.0	5
05/04/26	12:25	14.8	14.8	14.6	78	11.0	4.8	SW	0.40	11.3	W	14.8	14.6	14.6	---	1024.0	0.00	0.0	550	3.94	550	0.012	0.000	20.7	48	9.3	19.8	8.86	1.2006	0.00	113	1	99.1	5
05/04/26	12:30	15.1	15.1	14.8	77	11.1	3.2	SW	0.27	12.9	W	15.1	14.8	14.8	---	1024.1	0.00	0.0	324	2.32	371	0.011	0.000	20.8	48	9.4	19.8	8.86	1.2005	0.00	115	1	100.0	5
05/04/26	12:35	14.9	15.1	14.9	76	10.7	6.4	N	0.54	12.9	N	14.9	14.7	14.7	---	1024.3	0.00	0.0	255	1.83	262	0.012	0.000	20.7	48	9.3	19.8	8.86	1.2010	0.00	115	1	100.0	5
05/04/26	12:40	14.7	14.9	14.7	76	10.5	6.4	NNW	0.54	14.5	WNW	14.7	14.4	14.4	---	1024.2	0.00	0.0	246	1.76	285	0.013	0.000	20.8	48	9.4	19.8	8.86	1.2006	0.00	117	1	100.0	5
05/04/26	12:45	14.5	14.7	14.5	77	10.5	4.8	N	0.40	12.9	NNE	14.5	14.2	14.2	---	1024.1	0.00	0.0	308	2.21	359	0.013	0.000	20.8	48	9.4	19.8	8.86	1.2005	0.00	117	1	100.0	5
05/04/26	12:50	14.4	14.5	14.4	76	10.3	9.7	W	0.80	19.3	WSW	14.0	14.2	13.7	---	1024.3	0.00	0.0	390	2.80	448	0.014	0.000	20.8	48	9.4	19.8	8.86	1.2006	0.00	115	1	100.0	5
05/04/26	12:55	14.6	14.6	14.4	76	10.4	8.0	W	0.67	16.1	WNW	14.3	14.3	14.1	---	1024.1	0.00	0.0	377	2.70	443	0.013	0.000	20.8	48	9.4	19.8	8.86	1.2005	0.00	113	1	99.1	5
05/04/26	13:00	14.6	14.6	14.5	75	10.2	8.0	W	0.67	14.5	WSW	14.3	14.2	14.0	---	1024.0	0.00	0.0	368	2.64	415	0.013	0.000	20.8	48	9.4	19.8	8.86	1.2001	0.25	117	1	100.0	5
05/04/26	13:05	14.9	14.9	14.5	76	10.7	8.0	WSW	0.67	14.5	W	14.8	14.6	14.5	---	1024.1	0.00	0.0	559	4.01	835	0.012	0.000	20.8	48	9.4	19.8	8.86	1.2002	0.00	115	1	100.0	5
05/04/26	13:10	15.1	15.1	14.9	74	10.5	8.0	SW	0.67	16.1	WNW	14.9	14.7	14.6	---	1024.4	0.00	0.0	346	2.48	362	0.011	0.000	20.8	48	9.4	19.8	8.86	1.2006	0.00	117	1	100.0	5
05/04/26	13:15	15.0	15.1	15.0	74	10.4	6.4	SW	0.54	14.5	WSW	15.0	14.6	14.6	---	1024.1	0.00	0.0	331	2.37	352	0.012	0.000	20.8	48	9.4	19.8	8.86	1.2003	0.00	117	1	100.0	5
05/04/26	13:20	15.2	15.3	15.0	74	10.6	4.8	SW	0.40	11.3	NW	15.2	14.9	14.9	---	1024.2	0.00	0.0	507	3.63	698	0.011	0.000	20.9	48	9.5	19.9	8.86	1.2001	0.00	114	1	100.0	5
05/04/26	13:25	15.3	15.3	15.2	73	10.5	6.4	WSW	0.54	16.1	WNW	15.3	14.9	14.9	---	1024.3	0.00	0.0	437	3.13	461	0.011	0.000	20.9	48	9.5	19.9	8.86	1.2002	0.00	115	1	100.0	5
05/04/26	13:30	15.3	15.3	15.3	73	10.5	9.7	WNW	0.80	20.9	NNW	15.1	14.9	14.7	---	1024.4	0.00	0.0	421	3.02	475	0.010	0.000	20.9	48	9.5	19.9	8.86	1.2003	0.00	117	1	100.0	5
05/04/26	13:35	15.1	15.3	15.1	73	10.3	11.3	W	0.94	19.3	WNW	14.5	14.7	14.1	---	1024.5	0.00	0.0	281	2.01	329	0.011	0.000	20.9	48	9.5	19.9	8.86	1.2004	0.00	116	1	100.0	5
05/04/26	13:40	15.1	15.1	15.1	74	10.5	8.0	W	0.67	14.5	NW	14.9	14.7	14.6	---	1024.5	0.00	0.0	317	2.27	362	0.011	0.000	20.9	48	9.5	19.9	8.86	1.2001	0.00	114	1	100.0	5
05/04/26	13:45	15.1	15.1	15.1	74	10.5	8.0	W	0.67	17.7	WNW	15.0	14.8	14.7	---	1024.6	0.00	0.0	454	3.25	475	0.011	0.000	20.9	48	9.5	19.9	8.86	1.2005	0.00	114	1	100.0	5
05/04/26	13:50	15.3	15.3	15.1	73	10.5	8.0	SW	0.67	19.3	W	15.3	14.9	14.9	---	1024.5	0.00	0.0	385	2.76	496	0.010	0.000	20.9	48	9.5	19.9	8.86	1.2001	0.00	114	1	100.0	5
05/04/26	13:55	15.3	15.4	15.3	73	10.5	6.4	WSW	0.54	12.9	WSW	15.3	14.9	14.9	---	1024.5	0.00	0.0	321	2.30	338	0.010	0.000	20.9	48	9.5	19.9	8.86	1.2001	0.00	118	1	100.0	5
05/04/26	14:00	15.4	15.5	15.3	73	10.6	6.4	SW	0.54	14.5	SSW	15.4	15.1	15.1	---	1024.6	0.00	0.0	399	2.86	439	0.010	0.000	20.9	48	9.5	19.9	8.86	1.2002	0.28	116	1	100.0	5
05/04/26	14:05	15.4	15.5	15.3	73	10.6	6.4	W	0.54	16.1	W	15.4	15.1	15.1	---	1024.6	0.00	0.0	296	2.12	355	0.010	0.000	20.9	48	9.5	19.9	8.86	1.2002	0.00	117	1	100.0	5
05/04/26	14:10	15.3	15.5	15.3	73	10.5	6.4	WSW	0.54	16.1	SW	15.3	14.9	14.9	---	1024.6	0.00	0.0	179	1.28	211	0.010	0.000	20.9	48	9.5	19.9	8.86	1.2002	0.00	117	1	100.0	5
05/04/26	14:15	15.2	15.3	15.2	73	10.4	8.0	W	0.67	16.1	W	15.1	14.8	14.7	---	1024.7	0.00	0.0	150	1.08	153	0.011	0.000	20.9	48	9.5	19.9	8.86	1.2003	0.00	113	1	99.1	5
05/04/26	14:20	15.1	15.2	15.1	74	10.5	6.4	WNW	0.54	16.1	WNW	15.1	14.8	14.8	---	1024.8	0.00	0.0	193	1.38	220	0.011	0.000	20.9	48	9.5	19.9	8.86	1.2007	0.00	116	1	100.0	5
05/04/26	14:25	15.0	15.1	15.0	75	10.6	6.4	W	0.54	12.9	WSW	15.0	14.7	14.7	---	1024.6	0.00	0.0	207	1.48	229	0.012	0.000	20.9	48	9.5	19.9	8.86	1.2005	0.00	116	1	100.0	5
05/04/26	14:30	15.1	15.1	15.0	75	10.7	3.2	W	0.27	9.7	NW	15.1	14.7	14.7	---	1024.6	0.00	0.0	130	0.93	158	0.011	0.000	20.9	48	9.5	19.9	8.86	1.2005	0.00	116	1	100.0	5
05/04/26	14:35	15.1	15.2	15.1	75	10.7	3.2	WNW	0.27	9.7	WNW	15.1	14.8	14.8	---	1024.7	0.00	0.0	91	0.65	102	0.011	0.000	20.9	48	9.5	19.9	8.86	1.2007	0.00	116	1	100.0	5
05/04/26	14:40	15.1	15.2	15.1	74	10.5	4.8	WSW	0.40	14.5	NW	15.1	14.7	14.7	---	1024.7	0.00	0.0	94	0.67	114	0.011	0.000	20.9	48	9.5	19.9	8.86	1.2007	0.00	117	1	100.0	5
05/04/26	14:45	14.9	15.1	14.9	74	10.3	6.4	W	0.54	16.1	W	14.9	14.5	14.5	---	1024.8	0.00	0.0	161	1.15	188	0.012	0.000	20.9	48	9.5	19.9	8.86	1.2007	0.00	114	1	100.0	5
05/04/26	14:50	14.9	14.9	14.9	75	10.5	6.4	WNW	0.54	14.5	N	14.9	14.6	14.6	---	1024.8	0.00	0.0	168	1.20	185	0.012	0.000	20.9	48	9.5	19.9	8.86	1.2007	0.00	116	1	100.0	5
05/04/26	14:55	14.9	14.9	14.9	75	10.5	6.4	NW	0.54	16.1	W	14.9	14.6	14.6	---	1024.7	0.00	0.0	135	0.97	139	0.012	0.000	20.9	48	9.5	19.9	8.86	1.2006	0.00	115	1	100.0	5
05/04/26	15:00	14.9	14.9	14.9	75	10.5	4.8	NNW	0.40	12.9	NNW	14.9	14.6	14.6	---	1024.9	0.00	0.0	125	0.90	137	0.012	0.000	20.9	48	9.5	19.9	8.86	1.2009	0.13	117	1	100.0	5
05/04/26	15:05	14.8	14.9	14.8	74	10.2	8.0	WNW	0.67	20.9	WNW	14.6	14.4	14.2	---	1024.9	0.00	0.0	141	1.01	193	0.012	0.000	20.9	48	9.5	19.9	8.86	1.2008	0.00	116	1	100.0	5
05/04/26	15:10	14.7	14.8	14.7	75	10.3	6.4	NW	0.54	14.5	WNW	14.7	14.3	14.3	---	1024.8	0.00	0.0	355	2.54	429	0.013	0.000	20.9	48	9.5	19.9	8.86	1.2007	0.00	116	1	100.0	5
05/04/26	15:15	14.8	14.8	14.7	75	10.4	4.8	NW	0.40	9.7	NNW	14.8	14.5	14.5	---	1024.7	0.00	0.0	487	3.49	580	0.012	0.000	20.9	48	9.5	19.9	8.86	1.2006	0.00	114	1	100.0	5
05/04/26	15:20	15.2	15.2	14.8	74	10.6	6.4	W	0.54	12.9	NNW	15.2	14.8	14.8	---	1024.8	0.00	0.0	443	3.18	457	0.011	0.000	20.9	48	9.5	19.9	8.86	1.2007	0.00	117	1	100.0	5
05/04/26	15:25	15.2	15.2	15.2	73	10.4	6.4	N	0.54	16.1	N	15.2	14.8	14.8	---	1024.7	0.00	0.0	382	2.74	439	0.011	0.000	20.9	48	9.5	19.9	8.86	1.2007	0.00	117	1	100.0	5
05/04/26	15:30	15.3	15.3	15.2	73	10.5	6.4	WSW	0.54	12.9	WNW	15.3	14.9	14.9	---	1024.6	0.00	0.0	431	3.09	561	0.010	0.000	20.9	48	9.5	19.9	8.86	1.2005	0.00	116	1	100.0	5
05/04/26	15:35	15.5	15.6	15.3	72	10.5	8.0	W	0.67	16.1	W	15.5	15.1	15.1	---	1024.5	0.00	0.0	496	3.56	628	0.010	0.000	20.9	48	9.5	19.9	8.86	1.2004	0.00	117	1	100.0	5
05/04/26	15:40	15.6	15.6	15.4	73	10.8	4.8	WNW	0.40	12.9	NW	15.6	15.3	15.3	---	1024.7	0.00	0.0	353	2.53	403	0.009	0.000	20.9	48	9.5	19.9	8.86	1.2003	0.00	114	1	100.0	5
05/04/26	15:45	15.8	15.8	15.6	72	10.7	3.2	WNW	0.27	12.9	WNW	15.8	15.4	15.4	---	1024.5	0.00	0.0	387	2.77	399	0.009	0.000	20.9	48	9.5	19.9	8.86	1.2001	0.00	116	1	100.0	5
05/04/26	15:50	15.9	15.9	15.8	70	10.5	6.4	W	0.54	17.7	SW	15.9	15.6	15.6	---	1024.7	0.00	0.0	319	2.29	364	0.008	0.000	20.9	48	9.5	19.9	8.86	1.2003	0.00	117	1	100.0	5
05/04/26	15:55	15.6	15.9	15.6	70	10.2	9.7	W	0.80	16.1	W	15.4	15.2	14.9	---	1024.8	0.00	0.0	279	2.00	299	0.009	0.000	20.9	48	9.5	19.9	8.86	1.2005	0.00	117	1	100.0	5
05/04/26	16:00	15.6	15.7	15.6	70	10.2	4.8	WSW	0.40	16.1	WSW	15.6	15.2	15.2	---	1024.7	0.00	0.0	253	1.81	264	0.009	0.000	20.9	48	9.5	19.9	8.86	1.2004	0.25	116	1	100.0	5
05/04/26	16:05	15.6	15.7	15.6	70	10.1	8.0	WNW	0.67	16.1	NW	15.6	15.1	15.1	---	1024.7	0.00	0.0	286	2.05	318	0.010	0.000	20.9	48	9.5	19.9	8.86	1.2003	0.00	116	1	100.0	5
05/04/26	16:10	15.5	15.6	15.5	70	10.0	6.4	NNW	0.54	16.1	WNW	15.5	15.1	15.1	---	1024.6	0.00	0.0	314	2.25	316	0.010	0.000	20.9	48	9.5	19.9	8.86	1.2002	0.00	113	1	99.1	5
05/04/26	16:15	15.6	15.6	15.6	70	10.1	6.4	WNW	0.54	12.9	NW	15.6	15.1	15.1	---	1024.6	0.00	0.0	282	2.02	315	0.010	0.000	20.9	48	9.5	19.9	8.86	1.2002	0.00	116	1	100.0	5
05/04/26	16:20	15.6	15.6	15.5	71	10.3	6.4	WNW	0.54	12.9	NNW	15.6	15.2	15.2	---	1024.5	0.00	0.0	217	1.56	230	0.010	0.000	20.9	48	9.5	19.9	8.86	1.2001	0.00	117	1	100.0	5
05/04/26	16:25	15.4	15.6	15.4	70	10.0	9.7	W	0.80	16.1	WNW	15.2	15.0	14.8	---	1024.7	0.00	0.0	232	1.66	269	0.010	0.000	20.9	48	9.5	19.9	8.86	1.2003	0.00	117	1	100.0	5
05/04/26	16:30	15.4	15.4	15.4	71	10.2	8.0	WNW	0.67	16.1	NW	15.4	15.0	15.0	---	1024.6	0.00	0.0	282	2.02	301	0.010	0.000	20.9	48	9.5	19.9	8.86	1.2003	0.00	117	1	100.0	5
05/04/26	16:35	15.5	15.5	15.4	71	10.3	6.4	W	0.54	11.3	WNW	15.5	15.1	15.1	---	1024.5	0.00	0.0	246	1.76	313	0.010	0.000	20.9	48	9.5	19.9	8.86	1.2001	0.00	114	1	100.0	5
05/04/26	16:40	15.6	15.6	15.5	71	10.4	4.8	WNW	0.40	12.9	W	15.6	15.2	15.2	---	1024.5	0.00	0.0	345	2.47	371	0.009	0.000	20.9	48	9.5	19.9	8.86	1.2001	0.00	116	1	100.0	5
05/04/26	16:45	15.7	15.7	15.6	70	10.2	8.0	W	0.67	17.7	SW	15.7	15.2	15.2	---	1024.5	0.00	0.0	281	2.01	297	0.009	0.000	20.9	48	9.5	19.9	8.86	1.2001	0.00	116	1	100.0	5
05/04/26	16:50	15.6	15.7	15.6	70	10.2	8.0	SW	0.67	17.7	SW	15.6	15.2	15.2	---	1024.7	0.00	0.0	273	1.96	287	0.009	0.000	20.9	48	9.5	19.9	8.86	1.2003	0.00	116	1	100.0	5
05/04/26	16:55	15.7	15.7	15.6	71	10.4	6.4	W	0.54	14.5	NE	15.7	15.3	15.3	---	1024.7	0.00	0.0	200	1.43	230	0.009	0.000	20.9	48	9.5	19.9	8.86	1.2004	0.00	117	1	100.0	5
05/04/26	17:00	15.6	15.7	15.6	69	9.9	8.0	WNW	0.67	17.7	WSW	15.6	15.1	15.1	---	1024.6	0.00	0.0	173	1.24	186	0.010	0.000	20.9	48	9.5	19.9	8.86	1.2002	0.18	115	1	100.0	5
05/04/26	17:05	15.4	15.6	15.4	70	10.0	8.0	WNW	0.67	17.7	WSW	15.4	15.0	15.0	---	1024.6	0.00	0.0	198	1.42	206	0.010	0.000	20.9	48	9.5	19.9	8.86	1.2002	0.00	115	1	100.0	5
05/04/26	17:10	15.5	15.5	15.4	70	10.0	6.4	WNW	0.54	14.5	W	15.5	15.1	15.1	---	1024.6	0.00	0.0	211	1.51	214	0.010	0.000	20.9	48	9.5	19.9	8.86	1.2003	0.00	117	1	100.0	5
05/04/26	17:15	15.5	15.6	15.5	69	9.8	6.4	NNW	0.54	14.5	N	15.5	15.0	15.0	---	1024.6	0.00	0.0	243	1.74	297	0.010	0.000	20.9	48	9.5	19.9	8.86	1.2002	0.00	117	1	100.0	5
05/04/26	17:20	15.5	15.6	15.5	69	9.8	8.0	WNW	0.67	17.7	W	15.5	15.0	15.0	---	1024.6	0.00	0.0	311	2.23	336	0.010	0.000	20.9	48	9.5	19.9	8.86	1.2002	0.00	117	1	100.0	5
05/04/26	17:25	15.6	15.6	15.4	69	9.9	4.8	WNW	0.40	14.5	NNW	15.6	15.1	15.1	---	1024.5	0.00	0.0	251	1.80	260	0.010	0.000	20.9	48	9.5	19.9	8.86	1.2001	0.00	117	1	100.0	5
05/04/26	17:30	15.6	15.7	15.6	68	9.7	6.4	NW	0.54	17.7	WNW	15.6	15.1	15.1	---	1024.6	0.00	0.0	242	1.73	253	0.009	0.000	20.9	48	9.5	19.9	8.86	1.2002	0.00	115	1	100.0	5
05/04/26	17:35	15.6	15.6	15.5	68	9.7	6.4	WNW	0.54	14.5	W	15.6	15.1	15.1	---	1024.6	0.00	0.0	238	1.71	243	0.010	0.000	20.9	48	9.5	19.9	8.86	1.2002	0.00	115	1	100.0	5
05/04/26	17:40	15.6	15.6	15.6	65	9.1	8.0	NW	0.67	17.7	WSW	15.6	15.0	15.0	---	1024.6	0.00	0.0	269	1.93	332	0.009	0.000	20.9	48	9.5	19.9	8.86	1.2003	0.00	116	1	100.0	5
05/04/26	17:45	15.7	15.7	15.6	65	9.2	6.4	WNW	0.54	14.5	NW	15.7	15.1	15.1	---	1024.6	0.00	0.0	315	2.26	367	0.009	0.000	20.9	48	9.5	19.9	8.86	1.2003	0.00	117	1	100.0	5
05/04/26	17:50	15.8	15.8	15.7	65	9.2	6.4	NNW	0.54	14.5	NNW	15.8	15.2	15.2	---	1024.6	0.00	0.0	214	1.53	241	0.009	0.000	20.9	48	9.5	19.9	8.86	1.2003	0.00	115	1	100.0	5
05/04/26	17:55	15.6	15.8	15.6	66	9.3	6.4	N	0.54	16.1	NNW	15.6	15.1	15.1	---	1024.6	0.00	0.0	194	1.39	199	0.009	0.000	20.9	48	9.5	19.9	8.86	1.2003	0.00	116	1	100.0	5
05/04/26	18:00	15.5	15.6	15.5	66	9.2	4.8	NNW	0.40	16.1	NNW	15.5	14.9	14.9	---	1024.6	0.00	0.0	209	1.50	244	0.010	0.000	20.9	48	9.5	19.9	8.86	1.2002	0.18	113	1	99.1	5
05/04/26	18:05	15.5	15.5	15.5	66	9.2	4.8	W	0.40	11.3	N	15.5	14.9	14.9	---	1024.6	0.00	0.0	246	1.76	262	0.010	0.000	20.9	48	9.5	19.9	8.86	1.2002	0.00	115	1	100.0	5
05/04/26	18:10	15.4	15.5	15.4	67	9.3	4.8	W	0.40	9.7	W	15.4	14.9	14.9	---	1024.5	0.00	0.0	193	1.38	216	0.010	0.000	20.9	48	9.5	19.9	8.86	1.2004	0.00	117	1	100.0	5
05/04/26	18:15	15.5	15.5	15.4	66	9.2	3.2	WNW	0.27	14.5	NW	15.5	14.9	14.9	---	1024.6	0.00	0.0	242	1.73	311	0.010	0.000	20.9	48	9.5	19.9	8.86	1.2003	0.00	117	1	100.0	5
05/04/26	18:20	15.8	15.8	15.6	64	9.0	4.8	W	0.40	12.9	W	15.8	15.2	15.2	---	1024.5	0.00	0.0	452	3.24	487	0.009	0.000	20.9	48	9.5	19.9	8.86	1.2001	0.00	117	1	100.0	5
05/04/26	18:25	16.3	16.3	15.8	61	8.7	4.8	N	0.40	14.5	WNW	16.3	15.6	15.6	---	1024.8	0.00	0.0	410	2.94	459	0.007	0.000	20.9	48	9.5	19.9	8.86	1.2004	0.00	113	1	99.1	5
05/04/26	18:30	16.4	16.5	16.3	61	8.9	3.2	N	0.27	11.3	N	16.4	15.7	15.7	---	1024.8	0.00	0.0	334	2.39	357	0.007	0.000	20.9	48	9.5	19.9	8.86	1.2004	0.00	115	1	100.0	5
05/04/26	18:35	16.4	16.4	16.4	60	8.6	6.4	W	0.54	16.1	W	16.4	15.7	15.7	---	1024.8	0.00	0.0	305	2.19	311	0.007	0.000	20.9	48	9.5	19.9	8.86	1.2005	0.00	117	1	100.0	5
05/04/26	18:40	16.4	16.4	16.3	59	8.4	6.4	NW	0.54	14.5	NW	16.4	15.6	15.6	---	1024.9	0.00	0.0	317	2.27	323	0.007	0.000	20.9	48	9.5	19.9	8.86	1.2006	0.00	117	1	100.0	5
05/04/26	18:45	15.9	16.4	15.9	59	7.9	6.4	NNW	0.54	19.3	W	15.9	15.1	15.1	---	1024.9	0.00	0.0	172	1.23	299	0.008	0.000	20.9	48	9.5	19.9	8.86	1.2006	0.00	116	1	100.0	5
05/04/26	18:50	15.9	15.9	15.8	61	8.4	3.2	N	0.27	9.7	W	15.9	15.2	15.2	---	1024.8	0.00	0.0	215	1.54	257	0.008	0.000	20.9	48	9.5	19.9	8.86	1.2005	0.00	116	1	100.0	5
05/04/26	18:55	16.0	16.1	15.9	61	8.5	1.6	NE	0.13	4.8	NNW	16.0	15.3	15.3	---	1024.8	0.00	0.0	260	1.86	264	0.008	0.000	20.9	48	9.5	19.9	8.86	1.2007	0.00	113	1	99.1	5
05/04/26	19:00	16.1	16.1	16.0	61	8.5	4.8	N	0.40	11.3	W	16.1	15.3	15.3	---	1024.7	0.00	0.0	274	1.96	279	0.008	0.000	20.9	48	9.5	19.9	8.86	1.2007	0.18	116	1	100.0	5
05/04/26	19:05	16.2	16.2	16.1	61	8.7	3.2	NW	0.27	11.3	WNW	16.2	15.5	15.5	---	1024.8	0.00	0.0	262	1.88	278	0.007	0.000	20.9	48	9.5	19.9	8.86	1.2007	0.00	117	1	100.0	5
05/04/26	19:10	16.2	16.4	16.2	60	8.4	4.8	NNW	0.40	16.1	NNW	16.2	15.4	15.4	---	1024.8	0.00	0.0	213	1.53	237	0.007	0.000	20.9	48	9.5	19.9	8.86	1.2005	0.00	117	1	100.0	5
05/04/26	19:15	15.8	16.2	15.8	61	8.3	4.8	N	0.40	12.9	N	15.8	15.1	15.1	---	1024.9	0.00	0.0	176	1.26	185	0.009	0.000	20.9	48	9.5	19.9	8.86	1.2009	0.00	116	1	100.0	5
05/04/26	19:20	15.8	15.9	15.8	62	8.5	3.2	NNW	0.27	8.0	NNW	15.8	15.1	15.1	---	1024.9	0.00	0.0	153	1.10	162	0.009	0.000	20.9	48	9.5	19.9	8.86	1.2008	0.00	115	1	100.0	5
05/04/26	19:25	15.7	15.8	15.7	62	8.5	3.2	NNE	0.27	6.4	N	15.7	15.0	15.0	---	1024.9	0.00	0.0	134	0.96	141	0.009	0.000	20.9	48	9.5	19.9	8.86	1.2009	0.00	115	1	100.0	5
05/04/26	19:30	15.6	15.7	15.6	62	8.3	3.2	NNE	0.27	6.4	N	15.6	14.8	14.8	---	1025.1	0.00	0.0	117	0.84	125	0.010	0.000	20.9	48	9.5	19.9	8.86	1.2011	0.00	117	1	100.0	5
05/04/26	19:35	15.6	15.6	15.5	63	8.5	1.6	NNW	0.13	4.8	NE	15.6	14.9	14.9	---	1025.0	0.00	0.0	98	0.70	109	0.010	0.000	20.9	48	9.5	19.9	8.86	1.2010	0.00	117	1	100.0	5
05/04/26	19:40	15.4	15.6	15.4	62	8.2	3.2	NNE	0.27	8.0	NNW	15.4	14.7	14.7	---	1025.1	0.00	0.0	81	0.58	86	0.010	0.000	20.9	48	9.5	19.9	8.86	1.2011	0.00	117	1	100.0	5
05/04/26	19:45	15.2	15.4	15.2	62	8.0	4.8	N	0.40	6.4	NNW	15.2	14.5	14.5	---	1025.0	0.00	0.0	68	0.49	74	0.011	0.000	20.9	48	9.5	19.9	8.86	1.2010	0.00	116	1	100.0	5
05/04/26	19:50	15.1	15.3	15.1	63	8.1	1.6	NNE	0.13	4.8	N	15.1	14.4	14.4	---	1025.1	0.00	0.0	54	0.39	60	0.011	0.000	20.8	48	9.4	19.8	8.86	1.2014	0.00	114	1	100.0	5
05/04/26	19:55	15.1	15.2	15.1	63	8.1	1.6	NNE	0.13	6.4	NE	15.1	14.4	14.4	---	1025.0	0.00	0.0	44	0.32	47	0.011	0.000	20.8	48	9.4	19.8	8.86	1.2013	0.00	117	1	100.0	5
05/04/26	20:00	14.9	15.1	14.9	64	8.2	1.6	NNE	0.13	4.8	NNE	14.9	14.3	14.3	---	1025.0	0.00	0.0	28	0.20	32	0.012	0.000	20.8	48	9.4	19.8	8.86	1.2013	0.05	117	1	100.0	5
05/04/26	20:05	14.8	14.9	14.8	64	8.1	1.6	NNW	0.13	6.4	NNW	14.8	14.2	14.2	---	1024.9	0.00	0.0	24	0.17	25	0.012	0.000	20.8	48	9.4	19.8	8.86	1.2012	0.00	117	1	100.0	5
05/04/26	20:10	14.7	14.8	14.7	65	8.2	0.0	---	0.00	0.0	---	14.7	14.1	14.1	---	1025.0	0.00	0.0	20	0.14	21	0.013	0.000	20.8	48	9.4	19.8	8.86	1.2013	0.00	117	1	100.0	5
05/04/26	20:15	14.6	14.7	14.6	65	8.1	0.0	---	0.00	0.0	---	14.6	14.0	14.0	---	1025.0	0.00	0.0	17	0.12	18	0.013	0.000	20.8	48	9.4	19.8	8.86	1.2012	0.00	115	1	100.0	5
05/04/26	20:20	14.5	14.7	14.5	66	8.2	0.0	NNE	0.00	1.6	NNE	14.5	13.9	13.9	---	1025.0	0.00	0.0	13	0.09	14	0.013	0.000	20.8	48	9.4	19.8	8.86	1.2015	0.00	115	1	100.0	5
05/04/26	20:25	14.2	14.5	14.2	67	8.2	1.6	NNE	0.13	4.8	NNE	14.2	13.7	13.7	---	1025.1	0.00	0.0	11	0.08	12	0.014	0.000	20.8	48	9.4	19.8	8.86	1.2017	0.00	118	1	100.0	5
05/04/26	20:30	14.0	14.2	13.9	67	8.0	3.2	NE	0.27	4.8	NNE	14.0	13.4	13.4	---	1025.1	0.00	0.0	6	0.04	7	0.015	0.000	20.8	48	9.4	19.8	8.86	1.2016	0.00	117	1	100.0	5
05/04/26	20:35	13.9	14.0	13.9	67	7.9	0.0	NNE	0.00	3.2	NNE	13.9	13.3	13.3	---	1025.1	0.00	0.0	2	0.01	5	0.015	0.000	20.8	48	9.4	19.8	8.86	1.2017	0.00	117	1	100.0	5
05/04/26	20:40	13.8	13.9	13.8	67	7.8	0.0	---	0.00	0.0	---	13.8	13.2	13.2	---	1025.2	0.00	0.0	0	0.00	0	0.016	0.000	20.7	48	9.3	19.8	8.86	1.2020	0.00	116	1	100.0	5
05/04/26	20:45	13.7	13.8	13.7	67	7.7	0.0	---	0.00	0.0	---	13.7	13.2	13.2	---	1025.2	0.00	0.0	0	0.00	0	0.016	0.000	20.7	48	9.3	19.8	8.86	1.2020	0.00	115	1	100.0	5
05/04/26	20:50	13.6	13.7	13.6	67	7.6	0.0	---	0.00	0.0	---	13.6	13.1	13.1	---	1025.3	0.00	0.0	0	0.00	0	0.016	0.000	20.7	48	9.3	19.8	8.86	1.2022	0.00	114	1	100.0	5
05/04/26	20:55	13.5	13.7	13.5	68	7.7	0.0	---	0.00	0.0	---	13.5	12.9	12.9	---	1025.4	0.00	0.0	0	0.00	0	0.017	0.000	20.7	48	9.3	19.8	8.86	1.2022	0.00	117	1	100.0	5
05/04/26	21:00	13.4	13.5	13.4	68	7.6	0.0	---	0.00	0.0	---	13.4	12.8	12.8	---	1025.4	0.00	0.0	0	0.00	0	0.017	0.000	20.7	48	9.3	19.8	8.86	1.2022	0.00	117	1	100.0	5
05/04/26	21:05	13.3	13.4	13.3	69	7.7	0.0	---	0.00	0.0	---	13.3	12.8	12.8	---	1025.4	0.00	0.0	0	0.00	0	0.018	0.000	20.7	48	9.3	19.8	8.86	1.2023	0.00	117	1	100.0	5
05/04/26	21:10	13.2	13.3	13.2	69	7.6	0.0	---	0.00	0.0	---	13.2	12.7	12.7	---	1025.4	0.00	0.0	0	0.00	0	0.018	0.000	20.7	48	9.3	19.8	8.86	1.2023	0.00	117	1	100.0	5
05/04/26	21:15	13.2	13.2	13.1	69	7.6	0.0	---	0.00	0.0	---	13.2	12.7	12.7	---	1025.6	0.00	0.0	0	0.00	0	0.018	0.000	20.7	48	9.3	19.8	8.86	1.2025	0.00	115	1	100.0	5
05/04/26	21:20	13.1	13.2	13.1	69	7.5	0.0	---	0.00	0.0	---	13.1	12.6	12.6	---	1025.6	0.00	0.0	0	0.00	0	0.018	0.000	20.7	48	9.3	19.7	8.87	1.2028	0.00	114	1	100.0	5
05/04/26	21:25	13.1	13.1	13.0	69	7.5	0.0	---	0.00	0.0	---	13.1	12.6	12.6	---	1025.7	0.00	0.0	0	0.00	0	0.018	0.000	20.7	48	9.3	19.7	8.87	1.2029	0.00	118	1	100.0	5
05/04/26	21:30	12.9	13.1	12.9	69	7.4	0.0	---	0.00	0.0	---	12.9	12.4	12.4	---	1025.8	0.00	0.0	0	0.00	0	0.019	0.000	20.7	48	9.3	19.7	8.87	1.2030	0.00	117	1	100.0	5
05/04/26	21:35	12.9	12.9	12.8	69	7.3	0.0	---	0.00	0.0	---	12.9	12.4	12.4	---	1025.9	0.00	0.0	0	0.00	0	0.019	0.000	20.7	48	9.3	19.7	8.87	1.2031	0.00	117	1	100.0	5
05/04/26	21:40	12.8	12.9	12.8	69	7.2	0.0	---	0.00	0.0	---	12.8	12.3	12.3	---	1025.8	0.00	0.0	0	0.00	0	0.019	0.000	20.7	48	9.3	19.7	8.87	1.2030	0.00	117	1	100.0	5
05/04/26	21:45	12.7	12.8	12.7	70	7.3	0.0	---	0.00	0.0	---	12.7	12.2	12.2	---	1025.9	0.00	0.0	0	0.00	0	0.020	0.000	20.7	48	9.3	19.7	8.87	1.2032	0.00	115	1	100.0	5
05/04/26	21:50	12.7	12.7	12.6	70	7.3	0.0	---	0.00	0.0	---	12.7	12.2	12.2	---	1025.9	0.00	0.0	0	0.00	0	0.020	0.000	20.7	48	9.3	19.7	8.87	1.2032	0.00	114	1	100.0	5
05/04/26	21:55	12.6	12.6	12.6	70	7.2	0.0	---	0.00	0.0	---	12.6	12.1	12.1	---	1026.0	0.00	0.0	0	0.00	0	0.020	0.000	20.6	48	9.2	19.7	8.87	1.2035	0.00	117	1	100.0	5
05/04/26	22:00	12.4	12.6	12.4	70	7.1	0.0	---	0.00	0.0	---	12.4	12.0	12.0	---	1026.1	0.00	0.0	0	0.00	0	0.020	0.000	20.6	48	9.2	19.7	8.87	1.2037	0.00	117	1	100.0	5
05/04/26	22:05	12.2	12.4	12.2	71	7.1	0.0	---	0.00	0.0	---	12.2	11.8	11.8	---	1026.1	0.00	0.0	0	0.00	0	0.021	0.000	20.6	48	9.2	19.7	8.87	1.2037	0.00	116	1	100.0	5
05/04/26	22:10	11.9	12.2	11.9	73	7.2	0.0	---	0.00	0.0	---	11.9	11.6	11.6	---	1026.2	0.00	0.0	0	0.00	0	0.022	0.000	20.6	48	9.2	19.7	8.87	1.2038	0.00	117	1	100.0	5
05/04/26	22:15	11.7	11.9	11.7	73	7.0	0.0	---	0.00	0.0	---	11.7	11.4	11.4	---	1026.1	0.00	0.0	0	0.00	0	0.023	0.000	20.6	48	9.2	19.7	8.87	1.2037	0.00	116	1	100.0	5
05/04/26	22:20	11.6	11.7	11.6	73	6.9	0.0	---	0.00	0.0	---	11.6	11.3	11.3	---	1026.1	0.00	0.0	0	0.00	0	0.023	0.000	20.6	48	9.2	19.7	8.87	1.2037	0.00	115	1	100.0	5
05/04/26	22:25	11.5	11.6	11.5	74	7.0	0.0	---	0.00	0.0	---	11.5	11.2	11.2	---	1026.1	0.00	0.0	0	0.00	0	0.024	0.000	20.6	48	9.2	19.7	8.87	1.2037	0.00	115	1	100.0	5
05/04/26	22:30	11.4	11.5	11.4	74	6.9	0.0	---	0.00	0.0	---	11.4	11.1	11.1	---	1026.0	0.00	0.0	0	0.00	0	0.024	0.000	20.6	48	9.2	19.7	8.87	1.2036	0.00	118	1	100.0	5
05/04/26	22:35	11.3	11.4	11.3	74	6.9	0.0	---	0.00	0.0	---	11.3	11.1	11.1	---	1026.1	0.00	0.0	0	0.00	0	0.024	0.000	20.6	48	9.2	19.7	8.87	1.2037	0.00	117	1	100.0	5
05/04/26	22:40	11.2	11.3	11.2	75	7.0	0.0	---	0.00	0.0	---	11.2	11.0	11.0	---	1026.2	0.00	0.0	0	0.00	0	0.025	0.000	20.6	47	8.9	19.6	8.77	1.2040	0.00	117	1	100.0	5
05/04/26	22:45	11.2	11.2	11.2	75	6.9	0.0	---	0.00	0.0	---	11.2	10.9	10.9	---	1026.2	0.00	0.0	0	0.00	0	0.025	0.000	20.6	47	8.8	19.6	8.77	1.2044	0.00	116	1	100.0	5
05/04/26	22:50	11.1	11.2	11.1	76	7.0	0.0	---	0.00	0.0	---	11.1	10.9	10.9	---	1026.2	0.00	0.0	0	0.00	0	0.025	0.000	20.6	47	8.9	19.6	8.77	1.2040	0.00	116	1	100.0	5
05/04/26	22:55	11.1	11.1	11.1	76	7.0	0.0	---	0.00	0.0	---	11.1	10.8	10.8	---	1026.3	0.00	0.0	0	0.00	0	0.025	0.000	20.6	47	8.8	19.6	8.77	1.2044	0.00	114	1	100.0	5
05/04/26	23:00	11.0	11.1	11.0	76	6.9	0.0	---	0.00	0.0	---	11.0	10.8	10.8	---	1026.4	0.00	0.0	0	0.00	0	0.025	0.000	20.6	47	8.8	19.6	8.77	1.2046	0.00	116	1	100.0	5
05/04/26	23:05	10.9	11.1	10.9	76	6.8	0.0	ENE	0.00	1.6	ENE	10.9	10.7	10.7	---	1026.4	0.00	0.0	0	0.00	0	0.026	0.000	20.6	47	8.8	19.6	8.77	1.2046	0.00	117	1	100.0	5
05/04/26	23:10	10.8	10.9	10.8	76	6.8	0.0	---	0.00	0.0	---	10.8	10.6	10.6	---	1026.5	0.00	0.0	0	0.00	0	0.026	0.000	20.6	47	8.8	19.6	8.77	1.2047	0.00	116	1	100.0	5
05/04/26	23:15	10.6	10.8	10.6	77	6.7	0.0	---	0.00	0.0	---	10.6	10.4	10.4	---	1026.5	0.00	0.0	0	0.00	0	0.027	0.000	20.6	47	8.8	19.6	8.77	1.2047	0.00	116	1	100.0	5
05/04/26	23:20	10.6	10.6	10.6	77	6.7	0.0	---	0.00	0.0	---	10.6	10.4	10.4	---	1026.6	0.00	0.0	0	0.00	0	0.027	0.000	20.6	47	8.9	19.6	8.77	1.2045	0.00	117	1	100.0	5
05/04/26	23:25	10.6	10.6	10.6	77	6.7	0.0	---	0.00	0.0	---	10.6	10.4	10.4	---	1026.6	0.00	0.0	0	0.00	0	0.027	0.000	20.6	47	8.8	19.6	8.77	1.2048	0.00	112	1	98.2	5
05/04/26	23:30	10.4	10.6	10.4	77	6.6	0.0	---	0.00	0.0	---	10.4	10.3	10.3	---	1026.5	0.00	0.0	0	0.00	0	0.027	0.000	20.6	47	8.8	19.6	8.77	1.2046	0.00	115	1	100.0	5
05/04/26	23:35	10.4	10.5	10.4	78	6.7	0.0	---	0.00	0.0	---	10.4	10.3	10.3	---	1026.5	0.00	0.0	0	0.00	0	0.028	0.000	20.6	47	8.8	19.6	8.77	1.2047	0.00	116	1	100.0	5
05/04/26	23:40	10.3	10.4	10.3	78	6.7	0.0	---	0.00	0.0	---	10.3	10.2	10.2	---	1026.4	0.00	0.0	0	0.00	0	0.028	0.000	20.6	47	8.8	19.6	8.77	1.2046	0.00	117	1	100.0	5
05/04/26	23:45	10.2	10.3	10.2	78	6.6	0.0	---	0.00	0.0	---	10.2	10.1	10.1	---	1026.5	0.00	0.0	0	0.00	0	0.028	0.000	20.6	47	8.8	19.6	8.77	1.2046	0.00	117	1	100.0	5
05/04/26	23:50	10.1	10.2	10.1	79	6.6	0.0	---	0.00	0.0	---	10.1	10.1	10.1	---	1026.5	0.00	0.0	0	0.00	0	0.029	0.000	20.6	47	8.8	19.6	8.77	1.2047	0.00	117	1	100.0	5
05/04/26	23:55	10.0	10.1	10.0	79	6.5	0.0	---	0.00	0.0	---	10.0	10.0	10.0	---	1026.6	0.00	0.0	0	0.00	0	0.029	0.000	20.6	47	8.8	19.6	8.77	1.2048	0.00	115	1	100.0	5
06/04/26	00:00	9.9	10.0	9.9	79	6.4	0.0	---	0.00	0.0	---	9.9	9.8	9.8	---	1026.7	0.00	0.0	0	0.00	0	0.029	0.000	20.5	47	8.8	19.5	8.77	1.2052	0.00	114	1	100.0	5
06/04/26	0:05	9.8	9.9	9.8	80	6.5	0.0	---	0.00	0.0	---	9.8	9.8	9.8	---	1026.7	0.00	0.0	0	0.00	0	0.030	0.000	20.6	47	8.8	19.6	8.77	1.2049	0.00	113	1	99.1	5
06/04/26	0:10	9.8	9.8	9.8	80	6.5	0.0	---	0.00	0.0	---	9.8	9.8	9.8	---	1026.7	0.00	0.0	0	0.00	0	0.030	0.000	20.6	47	8.8	19.6	8.77	1.2049	0.00	117	1	100.0	5
06/04/26	0:15	9.7	9.8	9.7	80	6.4	0.0	---	0.00	0.0	---	9.7	9.7	9.7	---	1026.7	0.00	0.0	0	0.00	0	0.030	0.000	20.5	47	8.8	19.5	8.77	1.2052	0.00	117	1	100.0	5
06/04/26	0:20	9.6	9.7	9.6	81	6.5	0.0	---	0.00	0.0	---	9.6	9.6	9.6	---	1026.8	0.00	0.0	0	0.00	0	0.030	0.000	20.5	47	8.8	19.5	8.77	1.2053	0.00	117	1	100.0	5
06/04/26	0:25	9.5	9.6	9.5	81	6.4	0.0	---	0.00	0.0	---	9.5	9.4	9.4	---	1026.8	0.00	0.0	0	0.00	0	0.031	0.000	20.6	47	8.8	19.6	8.77	1.2050	0.00	116	1	100.0	5
06/04/26	0:30	9.4	9.5	9.4	81	6.3	0.0	---	0.00	0.0	---	9.4	9.3	9.3	---	1026.6	0.00	0.0	0	0.00	0	0.031	0.000	20.5	47	8.8	19.5	8.77	1.2051	0.00	117	1	100.0	5
06/04/26	0:35	9.3	9.4	9.3	82	6.4	0.0	---	0.00	0.0	---	9.3	9.3	9.3	---	1026.8	0.00	0.0	0	0.00	0	0.031	0.000	20.6	47	8.8	19.6	8.77	1.2050	0.00	113	1	99.1	5
06/04/26	0:40	9.2	9.3	9.2	82	6.3	0.0	---	0.00	0.0	---	9.2	9.2	9.2	---	1026.8	0.00	0.0	0	0.00	0	0.032	0.000	20.5	47	8.8	19.5	8.77	1.2054	0.00	116	1	100.0	5
06/04/26	0:45	9.2	9.2	9.2	82	6.3	0.0	---	0.00	0.0	---	9.2	9.2	9.2	---	1026.8	0.00	0.0	0	0.00	0	0.032	0.000	20.5	47	8.8	19.5	8.77	1.2053	0.00	116	1	100.0	5
06/04/26	0:50	9.1	9.2	9.1	82	6.1	0.0	---	0.00	0.0	---	9.1	9.1	9.1	---	1026.8	0.00	0.0	0	0.00	0	0.032	0.000	20.6	47	8.8	19.6	8.77	1.2051	0.00	117	1	100.0	5
06/04/26	0:55	9.0	9.1	9.0	83	6.3	0.0	---	0.00	0.0	---	9.0	9.0	9.0	---	1026.9	0.00	0.0	0	0.00	0	0.032	0.000	20.5	47	8.8	19.5	8.77	1.2054	0.00	117	1	100.0	5
06/04/26	1:00	8.9	9.0	8.9	83	6.2	0.0	---	0.00	0.0	---	8.9	8.9	8.9	---	1026.8	0.00	0.0	0	0.00	0	0.033	0.000	20.5	47	8.8	19.5	8.77	1.2054	0.00	117	1	100.0	5
06/04/26	1:05	8.8	8.9	8.8	83	6.0	0.0	---	0.00	0.0	---	8.8	8.8	8.8	---	1026.8	0.00	0.0	0	0.00	0	0.033	0.000	20.5	47	8.8	19.5	8.77	1.2054	0.00	117	1	100.0	5
06/04/26	1:10	8.6	8.8	8.6	84	6.0	0.0	---	0.00	0.0	---	8.6	8.6	8.6	---	1026.8	0.00	0.0	0	0.00	0	0.034	0.000	20.5	47	8.8	19.5	8.77	1.2053	0.00	114	1	100.0	5
06/04/26	1:15	8.4	8.6	8.4	84	5.9	0.0	---	0.00	0.0	---	8.4	8.4	8.4	---	1026.9	0.00	0.0	0	0.00	0	0.034	0.000	20.5	47	8.8	19.5	8.77	1.2054	0.00	114	1	100.0	5
06/04/26	1:20	8.3	8.4	8.3	85	6.0	0.0	---	0.00	0.0	---	8.3	8.3	8.3	---	1026.9	0.00	0.0	0	0.00	0	0.035	0.000	20.5	47	8.8	19.5	8.77	1.2054	0.00	113	1	99.1	5
06/04/26	1:25	8.3	8.4	8.3	85	6.0	0.0	---	0.00	0.0	---	8.3	8.3	8.3	---	1026.9	0.00	0.0	0	0.00	0	0.035	0.000	20.5	47	8.8	19.5	8.77	1.2054	0.00	117	1	100.0	5
06/04/26	1:30	8.3	8.3	8.3	85	5.9	0.0	---	0.00	0.0	---	8.3	8.3	8.3	---	1027.0	0.00	0.0	0	0.00	0	0.035	0.000	20.5	47	8.8	19.5	8.77	1.2055	0.00	116	1	100.0	5
06/04/26	1:35	8.2	8.3	8.2	85	5.8	0.0	---	0.00	0.0	---	8.2	8.2	8.2	---	1027.0	0.00	0.0	0	0.00	0	0.035	0.000	20.5	47	8.8	19.5	8.77	1.2055	0.00	116	1	100.0	5
06/04/26	1:40	8.1	8.2	8.0	86	5.9	0.0	---	0.00	0.0	---	8.1	8.1	8.1	---	1027.0	0.00	0.0	0	0.00	0	0.036	0.000	20.5	47	8.8	19.5	8.77	1.2056	0.00	117	1	100.0	5
06/04/26	1:45	7.9	8.0	7.8	86	5.7	0.0	---	0.00	0.0	---	7.9	7.9	7.9	---	1027.0	0.00	0.0	0	0.00	0	0.036	0.000	20.4	47	8.7	19.4	8.77	1.2058	0.00	117	1	100.0	5
06/04/26	1:50	7.9	7.9	7.8	87	5.9	0.0	---	0.00	0.0	---	7.9	7.9	7.9	---	1026.9	0.00	0.0	0	0.00	0	0.036	0.000	20.5	47	8.8	19.5	8.77	1.2054	0.00	114	1	100.0	5
06/04/26	1:55	7.8	7.9	7.8	86	5.6	0.0	---	0.00	0.0	---	7.8	7.8	7.8	---	1027.0	0.00	0.0	0	0.00	0	0.037	0.000	20.5	47	8.8	19.5	8.77	1.2055	0.00	115	1	100.0	5
06/04/26	2:00	7.8	7.8	7.7	87	5.7	0.0	---	0.00	0.0	---	7.8	7.8	7.8	---	1026.9	0.00	0.0	0	0.00	0	0.037	0.000	20.5	47	8.8	19.5	8.77	1.2055	0.00	117	1	100.0	5
06/04/26	2:05	7.8	7.8	7.8	87	5.7	0.0	---	0.00	0.0	---	7.8	7.8	7.8	---	1027.0	0.00	0.0	0	0.00	0	0.037	0.000	20.4	47	8.7	19.4	8.77	1.2058	0.00	117	1	100.0	5
06/04/26	2:10	7.7	7.8	7.7	88	5.9	0.0	---	0.00	0.0	---	7.7	7.8	7.8	---	1027.0	0.00	0.0	0	0.00	0	0.037	0.000	20.5	47	8.8	19.5	8.77	1.2055	0.00	116	1	100.0	5
06/04/26	2:15	7.7	7.7	7.7	87	5.7	0.0	---	0.00	0.0	---	7.7	7.7	7.7	---	1027.0	0.00	0.0	0	0.00	0	0.037	0.000	20.5	47	8.8	19.5	8.77	1.2056	0.00	116	1	100.0	5
06/04/26	2:20	7.6	7.7	7.6	88	5.7	0.0	---	0.00	0.0	---	7.6	7.6	7.6	---	1027.0	0.00	0.0	0	0.00	0	0.037	0.000	20.4	47	8.7	19.4	8.77	1.2058	0.00	117	1	100.0	5
06/04/26	2:25	7.6	7.7	7.6	88	5.7	0.0	---	0.00	0.0	---	7.6	7.6	7.6	---	1027.0	0.00	0.0	0	0.00	0	0.037	0.000	20.4	47	8.7	19.4	8.77	1.2059	0.00	115	1	100.0	5
06/04/26	2:30	7.7	7.7	7.6	88	5.8	0.0	---	0.00	0.0	---	7.7	7.7	7.7	---	1027.0	0.00	0.0	0	0.00	0	0.037	0.000	20.5	47	8.8	19.5	8.77	1.2055	0.00	114	1	100.0	5
06/04/26	2:35	7.6	7.7	7.6	88	5.7	0.0	---	0.00	0.0	---	7.6	7.6	7.6	---	1027.0	0.00	0.0	0	0.00	0	0.037	0.000	20.4	47	8.7	19.4	8.77	1.2058	0.00	116	1	100.0	5
06/04/26	2:40	7.6	7.7	7.6	88	5.7	0.0	---	0.00	0.0	---	7.6	7.6	7.6	---	1027.1	0.00	0.0	0	0.00	0	0.037	0.000	20.4	47	8.7	19.4	8.77	1.2059	0.00	115	1	100.0	5
06/04/26	2:45	7.4	7.6	7.4	88	5.6	0.0	---	0.00	0.0	---	7.4	7.4	7.4	---	1027.0	0.00	0.0	0	0.00	0	0.038	0.000	20.4	47	8.7	19.4	8.77	1.2059	0.00	117	1	100.0	5
06/04/26	2:50	7.3	7.4	7.3	89	5.6	0.0	---	0.00	0.0	---	7.3	7.4	7.4	---	1027.1	0.00	0.0	0	0.00	0	0.038	0.000	20.4	47	8.7	19.4	8.77	1.2060	0.00	118	1	100.0	5
06/04/26	2:55	7.3	7.4	7.3	89	5.6	0.0	---	0.00	0.0	---	7.3	7.4	7.4	---	1027.1	0.00	0.0	0	0.00	0	0.038	0.000	20.4	47	8.7	19.4	8.77	1.2060	0.00	117	1	100.0	5
06/04/26	3:00	7.3	7.3	7.3	89	5.6	0.0	---	0.00	0.0	---	7.3	7.3	7.3	---	1027.2	0.00	0.0	0	0.00	0	0.038	0.000	20.4	47	8.7	19.4	8.77	1.2060	0.00	116	1	100.0	5
06/04/26	3:05	7.3	7.3	7.2	89	5.6	0.0	---	0.00	0.0	---	7.3	7.3	7.3	---	1027.1	0.00	0.0	0	0.00	0	0.038	0.000	20.4	47	8.7	19.4	8.77	1.2060	0.00	114	1	100.0	5
06/04/26	3:10	7.3	7.3	7.3	89	5.6	0.0	---	0.00	0.0	---	7.3	7.3	7.3	---	1027.1	0.00	0.0	0	0.00	0	0.038	0.000	20.4	47	8.7	19.4	8.77	1.2060	0.00	114	1	100.0	5
06/04/26	3:15	7.3	7.3	7.2	89	5.6	0.0	---	0.00	0.0	---	7.3	7.3	7.3	---	1027.0	0.00	0.0	0	0.00	0	0.038	0.000	20.4	46	8.4	19.4	8.65	1.2062	0.00	117	1	100.0	5
06/04/26	3:20	7.2	7.3	7.2	89	5.5	0.0	---	0.00	0.0	---	7.2	7.2	7.2	---	1027.0	0.00	0.0	0	0.00	0	0.039	0.000	20.4	46	8.4	19.4	8.65	1.2061	0.00	117	1	100.0	5
06/04/26	3:25	7.2	7.2	7.2	90	5.7	1.6	ENE	0.13	4.8	ENE	7.2	7.3	7.3	---	1027.0	0.00	0.0	0	0.00	0	0.039	0.000	20.4	46	8.4	19.4	8.65	1.2064	0.00	117	1	100.0	5
06/04/26	3:30	7.3	7.3	7.2	89	5.6	1.6	ENE	0.13	3.2	ENE	7.3	7.3	7.3	---	1027.0	0.00	0.0	0	0.00	0	0.038	0.000	20.4	46	8.4	19.4	8.65	1.2061	0.00	117	1	100.0	5
06/04/26	3:35	7.3	7.3	7.2	89	5.6	0.0	ENE	0.00	1.6	ENE	7.3	7.3	7.3	---	1026.9	0.00	0.0	0	0.00	0	0.038	0.000	20.4	46	8.4	19.4	8.65	1.2060	0.00	117	1	100.0	5
06/04/26	3:40	7.2	7.3	7.2	89	5.5	0.0	E	0.00	3.2	E	7.2	7.2	7.2	---	1027.0	0.00	0.0	0	0.00	0	0.039	0.000	20.4	46	8.4	19.4	8.65	1.2061	0.00	115	1	100.0	5
06/04/26	3:45	7.2	7.2	7.2	89	5.5	0.0	E	0.00	3.2	ENE	7.2	7.2	7.2	---	1026.9	0.00	0.0	0	0.00	0	0.039	0.000	20.4	46	8.4	19.4	8.65	1.2060	0.00	113	1	99.1	5
06/04/26	3:50	7.2	7.2	7.2	89	5.5	0.0	ENE	0.00	3.2	ENE	7.2	7.2	7.2	---	1026.8	0.00	0.0	0	0.00	0	0.039	0.000	20.4	46	8.4	19.4	8.65	1.2059	0.00	116	1	100.0	5
06/04/26	3:55	7.2	7.2	7.2	89	5.5	0.0	ENE	0.00	3.2	ENE	7.2	7.2	7.2	---	1026.8	0.00	0.0	0	0.00	0	0.039	0.000	20.4	46	8.4	19.4	8.65	1.2062	0.00	117	1	100.0	5
06/04/26	4:00	7.2	7.2	7.2	89	5.5	1.6	ESE	0.13	4.8	ESE	7.2	7.3	7.3	---	1026.8	0.00	0.0	0	0.00	0	0.039	0.000	20.4	46	8.4	19.4	8.65	1.2059	0.00	117	1	100.0	5
06/04/26	4:05	7.2	7.2	7.2	89	5.5	1.6	E	0.13	6.4	E	7.2	7.3	7.3	---	1026.7	0.00	0.0	0	0.00	0	0.039	0.000	20.4	46	8.4	19.4	8.65	1.2061	0.00	117	1	100.0	5
06/04/26	4:10	7.2	7.2	7.2	89	5.5	0.0	ESE	0.00	4.8	ESE	7.2	7.2	7.2	---	1026.8	0.00	0.0	0	0.00	0	0.039	0.000	20.4	46	8.4	19.4	8.65	1.2062	0.00	117	1	100.0	5
06/04/26	4:15	7.2	7.2	7.2	89	5.5	1.6	ESE	0.13	3.2	ESE	7.2	7.3	7.3	---	1026.8	0.00	0.0	0	0.00	0	0.039	0.000	20.4	46	8.4	19.4	8.65	1.2058	0.00	117	1	100.0	5
06/04/26	4:20	7.2	7.3	7.2	89	5.5	1.6	ESE	0.13	3.2	E	7.2	7.3	7.3	---	1026.6	0.00	0.0	0	0.00	0	0.039	0.000	20.4	46	8.4	19.4	8.65	1.2060	0.00	114	1	100.0	5
06/04/26	4:25	7.2	7.3	7.2	89	5.5	1.6	ESE	0.13	4.8	E	7.2	7.3	7.3	---	1026.6	0.00	0.0	0	0.00	0	0.039	0.000	20.4	46	8.4	19.4	8.65	1.2059	0.00	114	1	100.0	5
06/04/26	4:30	7.2	7.2	7.2	89	5.5	1.6	ESE	0.13	4.8	ESE	7.2	7.3	7.3	---	1026.6	0.00	0.0	0	0.00	0	0.039	0.000	20.4	46	8.4	19.4	8.65	1.2059	0.00	116	1	100.0	5
06/04/26	4:35	7.2	7.2	7.2	89	5.5	1.6	ESE	0.13	3.2	ESE	7.2	7.3	7.3	---	1026.5	0.00	0.0	0	0.00	0	0.039	0.000	20.4	46	8.4	19.4	8.65	1.2058	0.00	117	1	100.0	5
06/04/26	4:40	7.2	7.2	7.2	89	5.5	0.0	ESE	0.00	3.2	ESE	7.2	7.2	7.2	---	1026.5	0.00	0.0	0	0.00	0	0.039	0.000	20.4	46	8.4	19.4	8.65	1.2058	0.00	116	1	100.0	5
06/04/26	4:45	7.1	7.2	7.1	89	5.4	0.0	ESE	0.00	3.2	ESE	7.1	7.2	7.2	---	1026.4	0.00	0.0	0	0.00	0	0.039	0.000	20.4	46	8.4	19.4	8.65	1.2057	0.00	117	1	100.0	5
06/04/26	4:50	7.1	7.2	7.1	89	5.4	0.0	ESE	0.00	3.2	ESE	7.1	7.2	7.2	---	1026.4	0.00	0.0	0	0.00	0	0.039	0.000	20.4	46	8.4	19.4	8.65	1.2056	0.00	117	1	100.0	5
06/04/26	4:55	7.1	7.1	7.1	89	5.4	0.0	ESE	0.00	1.6	ESE	7.1	7.1	7.1	---	1026.4	0.00	0.0	0	0.00	0	0.039	0.000	20.4	46	8.4	19.4	8.65	1.2056	0.00	115	1	100.0	5
06/04/26	5:00	7.1	7.1	7.1	89	5.4	0.0	---	0.00	0.0	---	7.1	7.1	7.1	---	1026.4	0.00	0.0	0	0.00	0	0.039	0.000	20.4	46	8.4	19.4	8.65	1.2057	0.00	113	1	99.1	5
06/04/26	5:05	6.9	7.1	6.9	89	5.3	0.0	---	0.00	0.0	---	6.9	7.0	7.0	---	1026.5	0.00	0.0	0	0.00	0	0.040	0.000	20.4	46	8.4	19.4	8.65	1.2058	0.00	117	1	100.0	5
06/04/26	5:10	6.9	7.0	6.9	89	5.2	0.0	---	0.00	0.0	---	6.9	6.9	6.9	---	1026.5	0.00	0.0	0	0.00	0	0.040	0.000	20.4	46	8.4	19.4	8.65	1.2058	0.00	117	1	100.0	5
06/04/26	5:15	6.7	6.9	6.7	89	5.0	0.0	---	0.00	0.0	---	6.7	6.8	6.8	---	1026.4	0.00	0.0	0	0.00	0	0.040	0.000	20.3	46	8.3	19.3	8.65	1.2059	0.00	117	1	100.0	5
06/04/26	5:20	6.7	6.8	6.7	89	5.0	0.0	ESE	0.00	1.6	ESE	6.7	6.8	6.8	---	1026.4	0.00	0.0	0	0.00	0	0.040	0.000	20.3	46	8.3	19.3	8.65	1.2060	0.00	117	1	100.0	5
06/04/26	5:25	6.7	6.7	6.6	89	5.0	0.0	ESE	0.00	1.6	ESE	6.7	6.7	6.7	---	1026.4	0.00	0.0	0	0.00	0	0.041	0.000	20.3	46	8.3	19.3	8.65	1.2059	0.00	117	1	100.0	5
06/04/26	5:30	6.6	6.7	6.6	90	5.0	0.0	E	0.00	3.2	E	6.6	6.6	6.6	---	1026.4	0.00	0.0	0	0.00	0	0.041	0.000	20.4	46	8.4	19.4	8.65	1.2056	0.00	117	1	100.0	5
06/04/26	5:35	6.5	6.6	6.5	90	5.0	0.0	E	0.00	3.2	E	6.5	6.6	6.6	---	1026.3	0.00	0.0	0	0.00	0	0.041	0.000	20.3	46	8.3	19.3	8.65	1.2059	0.00	114	1	100.0	5
06/04/26	5:40	6.5	6.6	6.5	90	5.0	0.0	E	0.00	1.6	E	6.5	6.6	6.6	---	1026.2	0.00	0.0	0	0.00	0	0.041	0.000	20.3	46	8.3	19.3	8.65	1.2058	0.00	114	1	100.0	5
06/04/26	5:45	6.4	6.5	6.4	90	4.9	0.0	E	0.00	1.6	E	6.4	6.5	6.5	---	1026.3	0.00	0.0	0	0.00	0	0.041	0.000	20.3	46	8.3	19.3	8.65	1.2059	0.00	114	1	100.0	5
06/04/26	5:50	6.4	6.5	6.4	90	4.9	0.0	E	0.00	1.6	E	6.4	6.5	6.5	---	1026.2	0.00	0.0	0	0.00	0	0.041	0.000	20.4	46	8.4	19.4	8.65	1.2055	0.00	117	1	100.0	5
06/04/26	5:55	6.4	6.4	6.4	90	4.9	0.0	ESE	0.00	4.8	ESE	6.4	6.4	6.4	---	1026.2	0.00	0.0	0	0.00	0	0.041	0.000	20.3	46	8.3	19.3	8.65	1.2057	0.00	117	1	100.0	5
06/04/26	6:00	6.4	6.4	6.4	90	4.9	0.0	ESE	0.00	3.2	ESE	6.4	6.4	6.4	---	1026.1	0.00	0.0	0	0.00	0	0.041	0.000	20.3	46	8.3	19.3	8.65	1.2056	0.00	116	1	100.0	5
06/04/26	6:05	6.4	6.4	6.4	90	4.9	0.0	ESE	0.00	1.6	ESE	6.4	6.4	6.4	---	1026.1	0.00	0.0	0	0.00	0	0.041	0.000	20.3	46	8.3	19.3	8.65	1.2056	0.00	116	1	100.0	5
06/04/26	6:10	6.3	6.4	6.3	90	4.8	0.0	ESE	0.00	1.6	ESE	6.3	6.3	6.3	---	1026.0	0.00	0.0	0	0.00	0	0.042	0.000	20.3	46	8.3	19.3	8.65	1.2055	0.00	117	1	100.0	5
06/04/26	6:15	6.3	6.4	6.3	90	4.8	0.0	---	0.00	0.0	---	6.3	6.3	6.3	---	1025.9	0.00	0.0	0	0.00	0	0.042	0.000	20.3	46	8.3	19.3	8.65	1.2054	0.00	115	1	100.0	5
06/04/26	6:20	6.3	6.3	6.3	90	4.8	0.0	---	0.00	0.0	---	6.3	6.3	6.3	---	1025.9	0.00	0.0	0	0.00	0	0.042	0.000	20.3	46	8.3	19.3	8.65	1.2053	0.00	114	1	100.0	5
06/04/26	6:25	6.3	6.3	6.3	90	4.8	0.0	---	0.00	0.0	---	6.3	6.3	6.3	---	1026.0	0.00	0.0	0	0.00	0	0.042	0.000	20.3	46	8.3	19.3	8.65	1.2055	0.00	117	1	100.0	5
06/04/26	6:30	6.2	6.3	6.2	90	4.6	0.0	---	0.00	0.0	---	6.2	6.2	6.2	---	1025.9	0.00	0.0	0	0.00	0	0.042	0.000	20.3	46	8.3	19.3	8.65	1.2054	0.00	117	1	100.0	5
06/04/26	6:35	6.0	6.1	6.0	91	4.6	0.0	---	0.00	0.0	---	6.0	6.0	6.0	---	1026.0	0.00	0.0	0	0.00	0	0.043	0.000	20.3	46	8.3	19.3	8.65	1.2055	0.00	117	1	100.0	5
06/04/26	6:40	6.0	6.1	5.9	91	4.6	0.0	---	0.00	0.0	---	6.0	6.0	6.0	---	1025.9	0.00	0.0	0	0.00	0	0.043	0.000	20.3	46	8.3	19.3	8.65	1.2054	0.00	116	1	100.0	5
06/04/26	6:45	5.9	5.9	5.9	91	4.5	0.0	---	0.00	0.0	---	5.9	5.9	5.9	---	1026.0	0.00	0.0	0	0.00	0	0.043	0.000	20.3	46	8.3	19.3	8.65	1.2055	0.00	116	1	100.0	5
06/04/26	6:50	5.7	5.9	5.7	91	4.4	0.0	NE	0.00	3.2	NE	5.7	5.7	5.7	---	1025.9	0.00	0.0	0	0.00	0	0.044	0.000	20.3	46	8.3	19.3	8.65	1.2054	0.00	116	1	100.0	5
06/04/26	6:55	5.7	5.8	5.6	91	4.3	0.0	---	0.00	0.0	---	5.7	5.7	5.7	---	1025.9	0.00	0.0	0	0.00	0	0.044	0.000	20.3	46	8.3	19.3	8.65	1.2054	0.00	111	1	97.4	5
06/04/26	7:00	5.6	5.7	5.6	91	4.3	0.0	---	0.00	0.0	---	5.6	5.6	5.6	---	1025.8	0.00	0.0	0	0.00	0	0.044	0.000	20.3	46	8.3	19.3	8.65	1.2053	0.00	112	1	98.2	5
06/04/26	7:05	5.6	5.6	5.6	92	4.4	0.0	---	0.00	0.0	---	5.6	5.6	5.6	---	1025.8	0.00	0.0	0	0.00	0	0.044	0.000	20.3	46	8.3	19.3	8.65	1.2053	0.00	117	1	100.0	5
06/04/26	7:10	5.5	5.6	5.5	92	4.3	0.0	---	0.00	0.0	---	5.5	5.5	5.5	---	1025.8	0.00	0.0	0	0.00	0	0.045	0.000	20.3	46	8.3	19.3	8.65	1.2053	0.00	117	1	100.0	5
06/04/26	7:15	5.5	5.6	5.5	92	4.3	0.0	---	0.00	0.0	---	5.5	5.5	5.5	---	1025.8	0.00	0.0	0	0.00	0	0.045	0.000	20.3	45	8.0	19.3	8.48	1.2055	0.00	117	1	100.0	5
06/04/26	7:20	5.5	5.6	5.5	92	4.3	0.0	---	0.00	0.0	---	5.5	5.5	5.5	---	1025.8	0.00	0.0	0	0.00	0	0.045	0.000	20.3	45	8.0	19.2	8.48	1.2058	0.00	114	1	100.0	5
06/04/26	7:25	5.6	5.6	5.5	92	4.4	0.0	ENE	0.00	3.2	ENE	5.6	5.6	5.6	---	1025.8	0.00	0.0	0	0.00	0	0.044	0.000	20.3	45	8.0	19.2	8.48	1.2058	0.00	117	1	100.0	5
06/04/26	7:30	5.6	5.6	5.5	92	4.4	1.6	NE	0.13	4.8	E	5.6	5.6	5.6	---	1025.7	0.00	0.0	0	0.00	0	0.044	0.000	20.3	44	7.6	19.2	8.35	1.2060	0.00	116	1	100.0	5
06/04/26	7:35	5.6	5.6	5.6	92	4.4	1.6	ENE	0.13	4.8	ENE	5.6	5.6	5.6	---	1025.8	0.00	0.0	3	0.02	5	0.044	0.000	20.2	44	7.6	19.1	8.35	1.2064	0.00	114	1	100.0	5
06/04/26	7:40	5.6	5.6	5.6	92	4.4	0.0	ENE	0.00	3.2	E	5.6	5.6	5.6	---	1025.7	0.00	0.0	6	0.04	7	0.044	0.000	20.2	44	7.6	19.1	8.35	1.2063	0.00	114	1	100.0	5
06/04/26	7:45	5.6	5.7	5.6	92	4.4	1.6	ENE	0.13	4.8	NE	5.6	5.6	5.6	---	1025.8	0.00	0.0	10	0.07	11	0.044	0.000	20.2	44	7.6	19.1	8.35	1.2063	0.00	117	1	100.0	5
06/04/26	7:50	5.6	5.7	5.6	92	4.4	1.6	ENE	0.13	4.8	ENE	5.6	5.6	5.6	---	1025.7	0.00	0.0	13	0.09	14	0.044	0.000	20.2	44	7.5	19.1	8.35	1.2066	0.00	117	1	100.0	5
06/04/26	7:55	5.8	5.8	5.6	92	4.6	1.6	ESE	0.13	3.2	ENE	5.8	5.8	5.8	---	1025.7	0.00	0.0	16	0.11	18	0.044	0.000	20.2	44	7.5	19.1	8.35	1.2066	0.00	117	1	100.0	5
06/04/26	8:00	5.8	5.8	5.7	92	4.6	1.6	ENE	0.13	6.4	NE	5.8	5.8	5.8	---	1025.7	0.00	0.0	23	0.16	26	0.043	0.000	20.2	43	7.2	19.0	8.25	1.2068	0.00	117	1	100.0	5
06/04/26	8:05	5.9	6.0	5.8	92	4.7	3.2	E	0.27	8.0	ENE	5.9	5.9	5.9	---	1025.8	0.00	0.0	31	0.22	35	0.043	0.000	20.2	43	7.2	19.1	8.25	1.2066	0.00	117	1	100.0	5
06/04/26	8:10	6.1	6.1	5.9	92	4.9	3.2	E	0.27	8.0	E	6.1	6.1	6.1	---	1025.8	0.00	0.0	40	0.29	44	0.043	0.000	20.2	43	7.2	19.0	8.25	1.2069	0.00	115	1	100.0	5
06/04/26	8:15	6.2	6.2	6.1	92	5.0	1.6	E	0.13	6.4	ESE	6.2	6.3	6.3	---	1025.7	0.00	0.0	50	0.36	54	0.042	0.000	20.2	43	7.2	19.1	8.25	1.2065	0.00	115	1	100.0	5
06/04/26	8:20	6.4	6.4	6.2	92	5.2	0.0	E	0.00	4.8	E	6.4	6.5	6.5	---	1025.7	0.00	0.0	61	0.44	65	0.041	0.000	20.2	43	7.2	19.1	8.25	1.2066	0.00	114	1	100.0	5
06/04/26	8:25	6.7	6.7	6.4	91	5.3	1.6	E	0.13	6.4	E	6.7	6.7	6.7	---	1025.8	0.00	0.0	73	0.52	77	0.041	0.000	20.2	43	7.2	19.1	8.25	1.2066	0.00	117	1	100.0	5
06/04/26	8:30	6.8	6.8	6.6	91	5.5	1.6	E	0.13	4.8	ESE	6.8	6.9	6.9	---	1025.8	0.00	0.0	84	0.60	88	0.040	0.000	20.2	43	7.2	19.1	8.25	1.2066	0.00	117	1	100.0	5
06/04/26	8:35	7.0	7.0	6.8	90	5.5	1.6	ESE	0.13	4.8	ESE	7.0	7.1	7.1	---	1025.7	0.00	0.0	95	0.68	100	0.039	0.000	20.2	43	7.2	19.1	8.25	1.2065	0.00	117	1	100.0	5
06/04/26	8:40	7.2	7.2	7.0	90	5.6	1.6	ESE	0.13	12.9	E	7.2	7.2	7.2	---	1025.7	0.00	0.0	110	0.79	116	0.039	0.000	20.2	43	7.2	19.1	8.25	1.2065	0.00	117	1	100.0	5
06/04/26	8:45	7.3	7.4	7.2	89	5.6	1.6	ENE	0.13	4.8	NE	7.3	7.4	7.4	---	1025.8	0.00	0.0	125	0.90	132	0.038	0.000	20.3	43	7.3	19.1	8.25	1.2063	0.00	116	1	100.0	5
06/04/26	8:50	7.6	7.6	7.4	88	5.7	3.2	ESE	0.27	8.0	SE	7.6	7.6	7.6	---	1025.8	0.00	0.0	141	1.01	148	0.037	0.000	20.3	43	7.3	19.1	8.25	1.2064	0.00	114	1	100.0	5
06/04/26	8:55	7.6	7.6	7.5	87	5.5	3.2	ESE	0.27	9.7	ESE	7.6	7.6	7.6	---	1025.9	0.00	0.0	157	1.13	163	0.037	0.000	20.3	43	7.3	19.1	8.25	1.2065	0.00	115	1	100.0	5
06/04/26	9:00	7.8	7.8	7.6	87	5.7	3.2	ESE	0.27	6.4	ENE	7.8	7.8	7.8	---	1025.9	0.00	0.0	173	1.24	179	0.037	0.000	20.3	43	7.3	19.1	8.25	1.2065	0.03	117	1	100.0	5
06/04/26	9:05	8.0	8.0	7.8	87	6.0	1.6	E	0.13	6.4	ESE	8.0	8.1	8.1	---	1025.8	0.00	0.0	187	1.34	193	0.036	0.000	20.3	43	7.3	19.1	8.25	1.2064	0.00	117	1	100.0	5
06/04/26	9:10	8.2	8.2	8.0	86	6.0	1.6	E	0.13	6.4	ENE	8.2	8.2	8.2	---	1025.8	0.00	0.0	203	1.46	211	0.035	0.000	20.3	43	7.3	19.1	8.25	1.2064	0.00	117	1	100.0	5
06/04/26	9:15	8.4	8.4	8.2	85	6.1	3.2	ESE	0.27	6.4	E	8.4	8.4	8.4	---	1025.8	0.00	0.0	220	1.58	227	0.034	0.000	20.3	43	7.3	19.2	8.25	1.2061	0.00	117	1	100.0	5
06/04/26	9:20	8.6	8.6	8.4	85	6.2	3.2	ESE	0.27	9.7	E	8.6	8.6	8.6	---	1025.7	0.00	0.0	235	1.68	241	0.034	0.000	20.3	43	7.3	19.2	8.25	1.2060	0.00	114	1	100.0	5
06/04/26	9:25	8.9	8.9	8.6	84	6.3	1.6	ESE	0.13	8.0	E	8.9	8.9	8.9	---	1025.7	0.00	0.0	250	1.79	255	0.033	0.000	20.3	43	7.3	19.2	8.25	1.2059	0.00	115	1	100.0	5
06/04/26	9:30	9.3	9.3	8.9	84	6.7	3.2	ESE	0.27	9.7	ESE	9.3	9.3	9.3	---	1025.7	0.00	0.0	264	1.89	271	0.031	0.000	20.3	43	7.3	19.2	8.25	1.2059	0.00	117	1	100.0	5
06/04/26	9:35	9.6	9.6	9.3	82	6.6	4.8	ESE	0.40	12.9	ESE	9.3	9.6	9.3	---	1025.7	0.00	0.0	278	1.99	283	0.030	0.000	20.3	43	7.3	19.2	8.25	1.2059	0.00	117	1	100.0	5
06/04/26	9:40	9.8	9.8	9.6	81	6.7	4.8	SE	0.40	11.3	SE	9.6	9.8	9.6	---	1025.7	0.00	0.0	290	2.08	294	0.030	0.000	20.3	43	7.3	19.2	8.25	1.2059	0.00	117	1	100.0	5
06/04/26	9:45	10.1	10.1	9.8	81	6.9	3.2	SE	0.27	9.7	ESE	10.1	10.1	10.1	---	1025.6	0.00	0.0	302	2.16	308	0.029	0.000	20.3	43	7.3	19.2	8.25	1.2059	0.00	116	1	100.0	5
06/04/26	9:50	10.3	10.3	10.1	80	7.0	6.4	SE	0.54	16.1	SE	9.7	10.2	9.7	---	1025.5	0.00	0.0	317	2.27	322	0.028	0.000	20.3	43	7.3	19.2	8.25	1.2058	0.00	114	1	100.0	5
06/04/26	9:55	10.4	10.5	10.3	80	7.1	6.4	ESE	0.54	16.1	E	9.9	10.3	9.8	---	1025.5	0.00	0.0	329	2.36	336	0.027	0.000	20.3	43	7.3	19.1	8.25	1.2060	0.00	114	1	100.0	5
06/04/26	10:00	10.7	10.7	10.5	79	7.2	8.0	ESE	0.67	16.1	SE	9.8	10.6	9.7	---	1025.5	0.00	0.0	343	2.46	348	0.027	0.000	20.3	43	7.3	19.2	8.25	1.2057	0.13	117	1	100.0	5
06/04/26	10:05	10.9	10.9	10.7	79	7.4	4.8	SE	0.40	9.7	SSE	10.9	10.8	10.8	---	1025.5	0.00	0.0	356	2.55	362	0.026	0.000	20.3	43	7.3	19.2	8.25	1.2057	0.00	117	1	100.0	5
06/04/26	10:10	11.3	11.3	10.9	78	7.6	4.8	ESE	0.40	14.5	E	11.2	11.1	11.1	---	1025.6	0.00	0.0	370	2.65	376	0.024	0.000	20.3	43	7.3	19.2	8.25	1.2058	0.00	117	1	100.0	5
06/04/26	10:15	11.6	11.6	11.3	77	7.7	6.4	SE	0.54	20.9	ESE	11.2	11.3	10.9	---	1025.5	0.00	0.0	382	2.74	387	0.024	0.000	20.3	43	7.3	19.1	8.25	1.2060	0.00	116	1	100.0	5
06/04/26	10:20	11.8	11.8	11.6	77	7.9	4.8	ESE	0.40	16.1	ESE	11.8	11.6	11.6	---	1025.5	0.00	0.0	394	2.82	399	0.023	0.000	20.3	43	7.3	19.2	8.25	1.2057	0.00	115	1	100.0	5
06/04/26	10:25	12.1	12.1	11.8	77	8.1	3.2	E	0.27	8.0	SSE	12.1	11.8	11.8	---	1025.5	0.00	0.0	405	2.90	411	0.022	0.000	20.3	44	7.6	19.2	8.35	1.2058	0.00	115	1	100.0	5
06/04/26	10:30	12.3	12.3	12.1	75	8.0	4.8	SE	0.40	11.3	SSE	12.3	12.0	12.0	---	1025.5	0.00	0.0	419	3.00	424	0.021	0.000	20.3	44	7.7	19.2	8.35	1.2055	0.00	118	1	100.0	5
06/04/26	10:35	12.4	12.5	12.3	75	8.1	6.4	SE	0.54	12.9	SE	12.2	12.1	11.8	---	1025.6	0.00	0.0	431	3.09	436	0.020	0.000	20.3	44	7.7	19.2	8.35	1.2055	0.00	116	1	100.0	5
06/04/26	10:40	12.6	12.6	12.4	76	8.4	6.4	SE	0.54	14.5	ESE	12.3	12.3	12.1	---	1025.6	0.00	0.0	443	3.18	448	0.020	0.000	20.3	44	7.7	19.2	8.35	1.2056	0.00	117	1	100.0	5
06/04/26	10:45	12.7	12.7	12.6	75	8.4	8.0	SE	0.67	14.5	SE	12.2	12.4	11.9	---	1025.5	0.00	0.0	456	3.27	461	0.019	0.000	20.3	44	7.6	19.2	8.35	1.2057	0.00	117	1	100.0	5
06/04/26	10:50	12.8	12.8	12.7	75	8.5	8.0	ESE	0.67	19.3	ESE	12.3	12.5	12.0	---	1025.5	0.00	0.0	465	3.33	468	0.019	0.000	20.3	44	7.7	19.2	8.35	1.2055	0.00	113	1	99.1	5
06/04/26	10:55	13.0	13.0	12.8	75	8.7	8.0	ESE	0.67	19.3	ENE	12.6	12.7	12.2	---	1025.7	0.00	0.0	477	3.42	482	0.019	0.000	20.3	44	7.7	19.2	8.35	1.2057	0.00	116	1	100.0	5
06/04/26	11:00	13.2	13.2	13.0	75	8.9	6.4	ESE	0.54	16.1	E	13.1	12.9	12.8	---	1025.6	0.00	0.0	488	3.50	492	0.018	0.000	20.3	44	7.7	19.2	8.35	1.2056	0.23	117	1	100.0	5
06/04/26	11:05	13.6	13.6	13.2	74	9.0	6.4	ESE	0.54	17.7	ESE	13.5	13.2	13.1	---	1025.7	0.00	0.0	499	3.58	504	0.017	0.000	20.3	44	7.7	19.2	8.35	1.2057	0.00	117	1	100.0	5
06/04/26	11:10	13.9	13.9	13.6	74	9.3	4.8	SE	0.40	16.1	SE	13.9	13.5	13.5	---	1025.7	0.00	0.0	511	3.66	517	0.015	0.000	20.3	44	7.7	19.2	8.35	1.2057	0.00	117	1	100.0	5
06/04/26	11:15	14.1	14.1	13.9	73	9.3	8.0	ESE	0.67	17.7	ENE	13.8	13.7	13.4	---	1025.6	0.00	0.0	523	3.75	527	0.015	0.000	20.3	44	7.7	19.2	8.35	1.2055	0.00	115	1	100.0	5
06/04/26	11:20	14.2	14.2	14.0	73	9.4	6.4	ESE	0.54	14.5	E	14.2	13.8	13.8	---	1025.5	0.00	0.0	532	3.81	536	0.014	0.000	20.3	45	8.0	19.3	8.48	1.2052	0.00	113	1	99.1	5
06/04/26	11:25	14.4	14.4	14.2	72	9.5	6.4	SE	0.54	16.1	SSE	14.4	14.0	14.0	---	1025.6	0.00	0.0	542	3.88	547	0.014	0.000	20.3	45	8.0	19.3	8.48	1.2053	0.00	116	1	100.0	5
06/04/26	11:30	14.6	14.6	14.4	72	9.6	4.8	SSE	0.40	14.5	SSE	14.6	14.1	14.1	---	1025.5	0.00	0.0	554	3.97	559	0.013	0.000	20.3	45	8.0	19.3	8.48	1.2052	0.00	117	1	100.0	5
06/04/26	11:35	15.0	15.0	14.6	73	10.2	3.2	SE	0.27	12.9	SE	15.0	14.6	14.6	---	1025.4	0.00	0.0	563	4.04	566	0.012	0.000	20.3	45	8.0	19.3	8.48	1.2051	0.00	118	1	100.0	5
06/04/26	11:40	15.2	15.2	15.0	70	9.8	6.4	SSE	0.54	17.7	SE	15.2	14.7	14.7	---	1025.5	0.00	0.0	574	4.11	578	0.011	0.000	20.3	45	8.0	19.3	8.48	1.2051	0.00	116	1	100.0	5
06/04/26	11:45	15.2	15.2	15.1	71	9.9	6.4	SE	0.54	16.1	ESE	15.2	14.7	14.7	---	1025.4	0.00	0.0	584	4.19	587	0.011	0.000	20.3	45	8.0	19.3	8.48	1.2050	0.00	114	1	100.0	5
06/04/26	11:50	15.3	15.3	15.2	71	10.1	6.4	ESE	0.54	14.5	ENE	15.3	14.9	14.9	---	1025.4	0.00	0.0	592	4.24	596	0.010	0.000	20.3	45	8.0	19.3	8.48	1.2051	0.00	116	1	100.0	5
06/04/26	11:55	15.6	15.6	15.3	70	10.1	4.8	SE	0.40	14.5	ESE	15.6	15.1	15.1	---	1025.2	0.00	0.0	600	4.30	603	0.010	0.000	20.4	45	8.1	19.3	8.48	1.2046	0.00	117	1	100.0	5
06/04/26	12:00	15.8	15.8	15.6	70	10.3	6.4	ESE	0.54	12.9	SE	15.8	15.3	15.3	---	1025.3	0.00	0.0	608	4.36	612	0.009	0.000	20.4	45	8.1	19.3	8.48	1.2046	0.33	117	1	100.0	5
06/04/26	12:05	15.9	15.9	15.8	69	10.2	6.4	SE	0.54	16.1	SSE	15.9	15.4	15.4	---	1025.2	0.00	0.0	618	4.43	622	0.008	0.000	20.4	46	8.4	19.4	8.65	1.2043	0.00	116	1	100.0	5
06/04/26	12:10	16.2	16.2	15.9	69	10.5	4.8	ESE	0.40	12.9	SE	16.2	15.7	15.7	---	1025.3	0.00	0.0	626	4.49	631	0.008	0.000	20.4	46	8.4	19.4	8.65	1.2043	0.00	114	1	100.0	5
06/04/26	12:15	16.3	16.3	16.2	69	10.6	6.4	ESE	0.54	14.5	ESE	16.3	15.9	15.9	---	1025.3	0.00	0.0	634	4.54	638	0.007	0.000	20.4	46	8.4	19.4	8.65	1.2043	0.00	115	1	100.0	5
06/04/26	12:20	16.6	16.6	16.3	68	10.7	4.8	SE	0.40	14.5	SE	16.6	16.2	16.2	---	1025.1	0.00	0.0	640	4.59	645	0.006	0.000	20.4	46	8.4	19.4	8.65	1.2041	0.00	117	1	100.0	5
06/04/26	12:25	16.8	16.8	16.7	68	10.8	6.4	ESE	0.54	17.7	SE	16.8	16.4	16.4	---	1025.1	0.00	0.0	649	4.65	652	0.005	0.000	20.4	46	8.4	19.4	8.65	1.2038	0.00	117	1	100.0	5
06/04/26	12:30	16.9	16.9	16.8	67	10.7	6.4	ESE	0.54	16.1	SE	16.9	16.4	16.4	---	1025.0	0.00	0.0	653	4.68	656	0.005	0.000	20.4	46	8.4	19.4	8.65	1.2040	0.00	116	1	100.0	5
06/04/26	12:35	17.0	17.0	16.9	67	10.8	8.0	SE	0.67	16.1	ESE	17.0	16.6	16.6	---	1024.9	0.00	0.0	659	4.72	661	0.005	0.000	20.4	46	8.4	19.4	8.65	1.2037	0.00	115	1	100.0	5
06/04/26	12:40	17.3	17.3	17.0	67	11.1	6.4	SE	0.54	19.3	ESE	17.3	16.9	16.9	---	1024.8	0.00	0.0	664	4.76	668	0.004	0.000	20.4	46	8.4	19.4	8.65	1.2035	0.00	116	1	100.0	5
06/04/26	12:45	17.7	17.7	17.3	66	11.2	4.8	SE	0.40	19.3	ESE	17.7	17.3	17.3	---	1024.7	0.00	0.0	670	4.80	673	0.002	0.000	20.4	46	8.4	19.4	8.65	1.2034	0.00	116	1	100.0	5
06/04/26	12:50	17.7	17.7	17.6	66	11.2	9.7	ESE	0.80	20.9	ESE	17.7	17.3	17.3	---	1024.7	0.00	0.0	678	4.86	680	0.002	0.000	20.4	46	8.4	19.4	8.65	1.2034	0.00	116	1	100.0	5
06/04/26	12:55	17.6	17.7	17.6	66	11.2	11.3	SE	0.94	22.5	SSE	17.6	17.2	17.2	---	1024.7	0.00	0.0	682	4.89	682	0.003	0.000	20.5	46	8.5	19.4	8.65	1.2031	0.00	117	1	100.0	5
06/04/26	13:00	17.9	17.9	17.6	66	11.5	4.8	ESE	0.40	19.3	S	17.9	17.6	17.6	---	1024.6	0.00	0.0	683	4.90	686	0.001	0.000	20.4	46	8.4	19.4	8.65	1.2033	0.43	116	1	100.0	5
06/04/26	13:05	18.4	18.4	18.0	65	11.7	4.8	ESE	0.40	11.3	E	18.4	18.1	18.1	---	1024.6	0.00	0.0	687	4.92	689	0.000	0.000	20.5	46	8.5	19.4	8.65	1.2030	0.00	115	1	100.0	5
06/04/26	13:10	18.4	18.6	18.4	64	11.5	9.7	SSE	0.80	22.5	ESE	18.4	18.1	18.1	---	1024.6	0.00	0.0	694	4.97	698	0.000	0.000	20.5	46	8.5	19.4	8.65	1.2030	0.00	115	1	100.0	5
06/04/26	13:15	18.4	18.4	18.3	65	11.7	9.7	SSE	0.80	24.1	SSE	18.4	18.1	18.1	---	1024.6	0.00	0.0	699	5.01	700	0.000	0.000	20.5	47	8.8	19.5	8.77	1.2027	0.00	117	1	100.0	5
06/04/26	13:20	18.6	18.7	18.4	62	11.2	11.3	SE	0.94	27.4	SE	18.6	18.2	18.2	---	1024.5	0.00	0.0	702	5.03	705	0.000	0.001	20.5	47	8.8	19.5	8.77	1.2025	0.00	114	1	100.0	5
06/04/26	13:25	18.6	18.7	18.6	62	11.1	14.5	SE	1.21	30.6	SSE	17.8	18.1	17.3	---	1024.5	0.00	0.0	707	5.07	708	0.000	0.001	20.6	47	8.8	19.6	8.77	1.2023	0.00	116	1	100.0	5
06/04/26	13:30	18.6	18.6	18.4	61	10.9	11.3	SSE	0.94	32.2	SSE	18.6	18.1	18.1	---	1024.4	0.00	0.0	710	5.09	712	0.000	0.001	20.6	47	8.8	19.6	8.77	1.2022	0.00	113	1	99.1	5
06/04/26	13:35	18.8	18.8	18.6	61	11.1	12.9	SE	1.07	27.4	SSE	18.4	18.3	18.0	---	1024.5	0.00	0.0	712	5.10	714	0.000	0.002	20.6	47	8.8	19.6	8.77	1.2023	0.00	115	1	100.0	5
06/04/26	13:40	18.8	18.8	18.7	60	10.8	12.9	SSE	1.07	35.4	SSE	18.4	18.3	17.9	---	1024.4	0.00	0.0	713	5.11	714	0.000	0.002	20.6	47	8.8	19.6	8.77	1.2022	0.00	117	1	100.0	5
06/04/26	13:45	18.9	19.0	18.8	60	11.0	12.9	SSE	1.07	24.1	SE	18.6	18.4	18.1	---	1024.4	0.00	0.0	714	5.12	715	0.000	0.002	20.6	47	8.9	19.6	8.77	1.2019	0.00	117	1	100.0	5
06/04/26	13:50	19.1	19.1	18.9	60	11.2	9.7	SE	0.80	20.9	SE	19.1	18.7	18.7	---	1024.4	0.00	0.0	716	5.13	717	0.000	0.003	20.6	47	8.9	19.6	8.77	1.2019	0.00	116	1	100.0	5
06/04/26	13:55	19.5	19.5	19.1	60	11.5	4.8	ESE	0.40	12.9	E	19.5	19.1	19.1	---	1024.3	0.00	0.0	716	5.13	719	0.000	0.004	20.6	47	8.9	19.6	8.77	1.2018	0.00	115	1	100.0	5
06/04/26	14:00	19.9	19.9	19.5	59	11.7	4.8	SE	0.40	14.5	ESE	19.9	19.6	19.6	---	1024.1	0.00	0.0	714	5.12	717	0.000	0.006	20.6	47	8.9	19.6	8.77	1.2016	0.51	114	1	100.0	5
06/04/26	14:05	20.1	20.1	19.9	60	12.0	8.0	ESE	0.67	16.1	ENE	20.1	19.8	19.8	---	1024.1	0.00	0.0	714	5.12	714	0.000	0.006	20.7	47	8.9	19.7	8.77	1.2014	0.00	117	1	100.0	5
06/04/26	14:10	20.1	20.2	20.1	58	11.6	9.7	ESE	0.80	20.9	SE	20.1	19.7	19.7	---	1024.1	0.00	0.0	712	5.10	715	0.000	0.006	20.7	47	8.9	19.7	8.77	1.2014	0.00	117	1	100.0	5
06/04/26	14:15	20.2	20.2	20.1	59	11.9	4.8	SSE	0.40	11.3	SE	20.2	19.9	19.9	---	1024.0	0.00	0.0	712	5.10	715	0.000	0.007	20.7	47	8.9	19.7	8.77	1.2012	0.00	117	1	100.0	5
06/04/26	14:20	20.6	20.6	20.2	58	12.1	6.4	SSE	0.54	16.1	SSE	20.6	20.2	20.2	---	1023.9	0.00	0.0	713	5.11	717	0.000	0.008	20.7	47	9.0	19.7	8.76	1.2009	0.00	116	1	100.0	5
06/04/26	14:25	20.8	20.8	20.6	55	11.4	8.0	SE	0.67	14.5	S	20.8	20.2	20.2	---	1023.9	0.00	0.0	714	5.12	715	0.000	0.008	20.7	47	9.0	19.7	8.76	1.2008	0.00	114	1	100.0	5
06/04/26	14:30	20.6	20.7	20.6	56	11.5	8.0	SE	0.67	17.7	SE	20.6	20.1	20.1	---	1023.7	0.00	0.0	712	5.10	714	0.000	0.008	20.7	47	9.0	19.7	8.76	1.2006	0.00	117	1	100.0	5
06/04/26	14:35	21.1	21.1	20.6	55	11.7	4.8	SSE	0.40	14.5	ESE	21.1	20.5	20.5	---	1023.8	0.00	0.0	709	5.08	710	0.000	0.010	20.8	47	9.0	19.7	8.76	1.2004	0.00	117	1	100.0	5
06/04/26	14:40	21.2	21.2	21.1	55	11.8	4.8	SE	0.40	16.1	SE	21.2	20.6	20.6	---	1023.6	0.00	0.0	708	5.07	710	0.000	0.010	20.8	47	9.0	19.7	8.76	1.2001	0.00	117	1	100.0	5
06/04/26	14:45	21.1	21.2	21.1	54	11.4	9.7	SSE	0.80	25.7	SSE	21.1	20.4	20.4	---	1023.5	0.00	0.0	705	5.05	707	0.000	0.009	20.8	47	9.0	19.7	8.76	1.2000	0.00	116	1	100.0	5
06/04/26	14:50	21.3	21.3	21.0	54	11.6	4.8	SE	0.40	14.5	SE	21.3	20.7	20.7	---	1023.3	0.00	0.0	700	5.02	701	0.000	0.010	20.8	47	9.0	19.7	8.76	1.1999	0.00	114	1	100.0	5
06/04/26	14:55	21.4	21.4	21.3	53	11.4	6.4	ESE	0.54	20.9	SE	21.4	20.7	20.7	---	1023.4	0.00	0.0	698	5.00	700	0.000	0.011	20.8	47	9.0	19.7	8.76	1.1999	0.00	117	1	100.0	5
06/04/26	15:00	21.3	21.4	21.3	53	11.4	8.0	SE	0.67	20.9	ESE	21.3	20.7	20.7	---	1023.4	0.00	0.0	693	4.97	700	0.000	0.010	20.8	47	9.0	19.7	8.76	1.1999	0.51	116	1	100.0	5
06/04/26	15:05	21.4	21.4	21.3	54	11.7	6.4	E	0.54	16.1	E	21.4	20.8	20.8	---	1023.2	0.00	0.0	686	4.92	689	0.000	0.011	20.8	47	9.1	19.8	8.76	1.1994	0.00	117	1	100.0	5
06/04/26	15:10	21.4	21.5	21.4	52	11.2	8.0	ESE	0.67	22.5	SSE	21.4	20.7	20.7	---	1023.1	0.00	0.0	686	4.92	687	0.000	0.011	20.8	47	9.1	19.8	8.76	1.1993	0.00	116	1	100.0	5
06/04/26	15:15	21.6	21.7	21.4	53	11.6	6.4	SE	0.54	17.7	SE	21.6	21.0	21.0	---	1023.1	0.00	0.0	679	4.87	682	0.000	0.011	20.8	47	9.1	19.8	8.76	1.1993	0.00	114	1	100.0	5
06/04/26	15:20	21.8	21.8	21.6	52	11.5	8.0	SSE	0.67	17.7	SE	21.8	21.3	21.3	---	1023.1	0.00	0.0	672	4.82	675	0.000	0.012	20.8	47	9.1	19.8	8.76	1.1993	0.00	116	1	100.0	5
06/04/26	15:25	21.7	21.8	21.7	52	11.4	9.7	E	0.80	20.9	ENE	21.7	21.1	21.1	---	1023.0	0.00	0.0	669	4.80	673	0.000	0.012	20.9	47	9.2	19.8	8.76	1.1989	0.00	117	1	100.0	5
06/04/26	15:30	21.8	21.8	21.6	52	11.5	4.8	ESE	0.40	14.5	E	21.8	21.2	21.2	---	1023.0	0.00	0.0	664	4.76	666	0.000	0.012	20.9	47	9.2	19.8	8.76	1.1989	0.00	117	1	100.0	5
06/04/26	15:35	21.7	21.8	21.7	52	11.4	8.0	E	0.67	19.3	E	21.7	21.1	21.1	---	1022.9	0.00	0.0	659	4.72	661	0.000	0.012	20.9	47	9.2	19.8	8.76	1.1988	0.00	117	1	100.0	5
06/04/26	15:40	21.8	21.8	21.6	51	11.2	6.4	ESE	0.54	16.1	ESE	21.8	21.2	21.2	---	1022.9	0.00	0.0	650	4.66	652	0.000	0.012	20.9	47	9.2	19.8	8.76	1.1988	0.00	114	1	100.0	5
06/04/26	15:45	22.3	22.3	21.8	51	11.7	4.8	SE	0.40	12.9	SSE	22.3	21.8	21.8	---	1022.9	0.00	0.0	644	4.62	650	0.000	0.014	20.9	47	9.2	19.8	8.76	1.1988	0.00	115	1	100.0	5
06/04/26	15:50	22.5	22.6	22.3	50	11.6	4.8	SSE	0.40	16.1	SSE	22.5	22.1	22.1	---	1022.8	0.00	0.0	635	4.55	638	0.000	0.014	20.9	47	9.2	19.9	8.76	1.1984	0.00	118	1	100.0	5
06/04/26	15:55	22.4	22.5	22.4	50	11.5	6.4	ENE	0.54	20.9	E	22.4	22.1	22.1	---	1022.7	0.00	0.0	630	4.52	635	0.000	0.014	20.9	47	9.2	19.8	8.76	1.1985	0.00	117	1	100.0	5
06/04/26	16:00	22.4	22.6	22.4	50	11.5	6.4	SE	0.54	14.5	SSE	22.4	22.1	22.1	---	1022.6	0.00	0.0	624	4.47	628	0.000	0.014	20.9	47	9.2	19.9	8.76	1.1982	0.48	117	1	100.0	5
06/04/26	16:05	22.4	22.6	22.4	49	11.2	8.0	SSE	0.67	17.7	SE	22.4	22.0	22.0	---	1022.6	0.00	0.0	614	4.40	619	0.000	0.014	20.9	47	9.2	19.9	8.76	1.1982	0.00	114	1	100.0	5
06/04/26	16:10	22.6	22.6	22.4	50	11.6	6.4	SSE	0.54	12.9	S	22.6	22.2	22.2	---	1022.6	0.00	0.0	606	4.34	608	0.000	0.015	20.9	47	9.2	19.9	8.76	1.1982	0.00	114	1	100.0	5
06/04/26	16:15	23.1	23.1	22.6	42	9.4	3.2	SSW	0.27	12.9	S	23.1	22.4	22.4	---	1022.5	0.00	0.0	603	4.32	605	0.000	0.016	21.0	46	8.9	19.9	8.65	1.1981	0.00	117	1	100.0	5
06/04/26	16:20	23.4	23.4	23.1	42	9.8	4.8	SSE	0.40	14.5	SSE	23.4	22.9	22.9	---	1022.5	0.00	0.0	598	4.29	601	0.000	0.018	20.9	46	8.9	19.8	8.65	1.1983	0.00	117	1	100.0	5
06/04/26	16:25	23.1	23.4	23.1	44	10.1	8.0	SSE	0.67	19.3	SSE	23.1	22.6	22.6	---	1022.5	0.00	0.0	584	4.19	587	0.000	0.016	20.9	46	8.9	19.8	8.65	1.1983	0.00	117	1	100.0	5
06/04/26	16:30	23.2	23.2	23.0	44	10.2	3.2	SSE	0.27	9.7	ESE	23.2	22.7	22.7	---	1022.4	0.00	0.0	575	4.12	578	0.000	0.017	21.0	46	8.9	19.9	8.65	1.1979	0.00	115	1	100.0	5
06/04/26	16:35	23.3	23.4	23.2	43	10.0	6.4	SSE	0.54	16.1	SE	23.3	22.8	22.8	---	1022.4	0.00	0.0	566	4.06	570	0.000	0.017	21.0	46	8.9	19.9	8.65	1.1979	0.00	115	1	100.0	5
06/04/26	16:40	23.0	23.4	23.0	42	9.4	9.7	SSE	0.80	19.3	SE	23.0	22.4	22.4	---	1022.4	0.00	0.0	558	4.00	563	0.000	0.016	21.0	46	8.9	19.9	8.65	1.1979	0.00	117	1	100.0	5
06/04/26	16:45	22.7	23.0	22.7	41	8.8	9.7	SSE	0.80	19.3	SE	22.7	22.0	22.0	---	1022.3	0.00	0.0	546	3.91	552	0.000	0.015	21.0	45	8.6	19.8	8.45	1.1981	0.00	116	1	100.0	5
06/04/26	16:50	22.9	22.9	22.7	45	10.3	4.8	ESE	0.40	12.9	ESE	22.9	22.4	22.4	---	1022.2	0.00	0.0	535	3.83	540	0.000	0.016	21.0	45	8.6	19.8	8.45	1.1980	0.00	115	1	100.0	5
06/04/26	16:55	23.2	23.2	22.9	44	10.2	6.4	ESE	0.54	12.9	ENE	23.2	22.7	22.7	---	1022.1	0.00	0.0	521	3.73	522	0.000	0.017	21.1	45	8.7	19.9	8.45	1.1976	0.00	117	1	100.0	5
06/04/26	17:00	23.3	23.3	23.1	43	10.0	6.4	SE	0.54	12.9	SE	23.3	22.8	22.8	---	1022.0	0.00	0.0	515	3.69	520	0.000	0.017	21.1	45	8.7	19.9	8.45	1.1975	0.43	112	1	98.2	5
06/04/26	17:05	23.3	23.4	23.3	43	10.0	6.4	SE	0.54	16.1	SE	23.3	22.8	22.8	---	1022.0	0.00	0.0	506	3.63	510	0.000	0.017	21.1	45	8.7	19.9	8.45	1.1975	0.00	117	1	100.0	5
06/04/26	17:10	23.2	23.4	23.2	43	9.9	8.0	ESE	0.67	19.3	ESE	23.2	22.7	22.7	---	1021.9	0.00	0.0	493	3.53	499	0.000	0.017	21.1	45	8.7	19.9	8.45	1.1974	0.00	117	1	100.0	5
06/04/26	17:15	22.9	23.2	22.9	44	10.0	8.0	SSE	0.67	19.3	SE	22.9	22.4	22.4	---	1021.9	0.00	0.0	481	3.45	485	0.000	0.016	21.1	45	8.7	19.9	8.45	1.1974	0.00	117	1	100.0	5
06/04/26	17:20	23.1	23.1	22.9	45	10.5	6.4	ESE	0.54	14.5	ESE	23.1	22.7	22.7	---	1021.9	0.00	0.0	469	3.36	475	0.000	0.017	21.1	45	8.7	19.9	8.45	1.1974	0.00	116	1	100.0	5
06/04/26	17:25	23.2	23.2	23.1	46	11.0	6.4	SE	0.54	16.1	ESE	23.2	22.9	22.9	---	1021.9	0.00	0.0	457	3.28	461	0.000	0.017	21.1	45	8.7	19.9	8.45	1.1971	0.00	114	1	100.0	5
06/04/26	17:30	23.4	23.4	23.2	45	10.8	3.2	ESE	0.27	8.0	S	23.4	23.0	23.0	---	1021.7	0.00	0.0	444	3.18	448	0.000	0.018	21.1	45	8.7	19.9	8.45	1.1969	0.00	117	1	100.0	5
06/04/26	17:35	23.7	23.7	23.4	43	10.3	4.8	SSE	0.40	14.5	SSE	23.7	23.2	23.2	---	1021.7	0.00	0.0	432	3.10	436	0.000	0.019	21.1	45	8.7	19.9	8.45	1.1969	0.00	116	1	100.0	5
06/04/26	17:40	23.6	23.7	23.6	42	9.9	8.0	SE	0.67	17.7	SSE	23.6	23.0	23.0	---	1021.7	0.00	0.0	421	3.02	425	0.000	0.018	21.1	45	8.7	19.9	8.45	1.1968	0.00	117	1	100.0	5
06/04/26	17:45	23.6	23.6	23.5	42	9.9	6.4	SE	0.54	16.1	SSE	23.6	23.0	23.0	---	1021.6	0.00	0.0	411	2.95	417	0.000	0.018	21.1	45	8.7	19.9	8.45	1.1968	0.00	117	1	100.0	5
06/04/26	17:50	23.8	23.8	23.6	42	10.1	4.8	ESE	0.40	12.9	E	23.8	23.3	23.3	---	1021.6	0.00	0.0	396	2.84	403	0.000	0.019	21.1	45	8.7	19.9	8.45	1.1967	0.00	115	1	100.0	5
06/04/26	17:55	23.6	23.8	23.6	41	9.5	6.4	SSE	0.54	20.9	SSE	23.6	22.9	22.9	---	1021.6	0.00	0.0	383	2.75	388	0.000	0.018	21.2	45	8.8	20.0	8.45	1.1965	0.00	114	1	100.0	5
06/04/26	18:00	23.4	23.6	23.4	42	9.8	6.4	SE	0.54	17.7	SE	23.4	22.9	22.9	---	1021.6	0.00	0.0	369	2.64	374	0.000	0.018	21.2	45	8.8	20.0	8.45	1.1964	0.33	118	1	100.0	5
06/04/26	18:05	23.4	23.4	23.3	42	9.8	6.4	SSE	0.54	16.1	SE	23.4	22.9	22.9	---	1021.5	0.00	0.0	356	2.55	362	0.000	0.018	21.2	44	8.4	19.9	8.35	1.1966	0.00	117	1	100.0	5
06/04/26	18:10	23.3	23.4	23.3	43	10.0	6.4	SE	0.54	14.5	SE	23.3	22.8	22.8	---	1021.4	0.00	0.0	343	2.46	348	0.000	0.017	21.2	44	8.4	19.9	8.35	1.1966	0.00	117	1	100.0	5
06/04/26	18:15	23.4	23.4	23.3	44	10.4	4.8	ESE	0.40	14.5	SSE	23.4	22.9	22.9	---	1021.4	0.00	0.0	327	2.34	332	0.000	0.018	21.2	44	8.4	19.9	8.35	1.1965	0.00	115	1	100.0	5
06/04/26	18:20	23.4	23.4	23.3	44	10.5	6.4	ESE	0.54	14.5	ESE	23.4	23.0	23.0	---	1021.3	0.00	0.0	314	2.25	316	0.000	0.018	21.2	44	8.4	19.9	8.35	1.1964	0.00	115	1	100.0	5
06/04/26	18:25	23.3	23.4	23.3	44	10.4	8.0	SE	0.67	19.3	SE	23.3	22.9	22.9	---	1021.4	0.00	0.0	301	2.16	308	0.000	0.017	21.2	44	8.4	19.9	8.35	1.1965	0.00	117	1	100.0	5
06/04/26	18:30	23.3	23.4	23.3	43	10.0	8.0	SSE	0.67	17.7	SSE	23.3	22.8	22.8	---	1021.3	0.00	0.0	287	2.06	292	0.000	0.017	21.2	44	8.4	19.9	8.35	1.1964	0.00	117	1	100.0	5
06/04/26	18:35	23.3	23.3	23.3	44	10.4	4.8	SE	0.40	14.5	SSE	23.3	22.9	22.9	---	1021.3	0.00	0.0	275	1.97	279	0.000	0.017	21.2	44	8.4	19.9	8.35	1.1964	0.00	117	1	100.0	5
06/04/26	18:40	23.3	23.4	23.3	44	10.4	4.8	SE	0.40	16.1	ESE	23.3	22.9	22.9	---	1021.2	0.00	0.0	261	1.87	267	0.000	0.017	21.2	44	8.4	19.9	8.35	1.1963	0.00	116	1	100.0	5
06/04/26	18:45	23.4	23.4	23.3	43	10.1	6.4	SE	0.54	16.1	SE	23.4	22.9	22.9	---	1021.1	0.00	0.0	248	1.78	253	0.000	0.018	21.2	44	8.4	19.9	8.35	1.1962	0.00	114	1	100.0	5
06/04/26	18:50	23.3	23.4	23.3	44	10.3	8.0	SE	0.67	16.1	SSE	23.3	22.8	22.8	---	1021.1	0.00	0.0	236	1.69	241	0.000	0.017	21.2	44	8.4	19.9	8.35	1.1962	0.00	117	1	100.0	5
06/04/26	18:55	23.2	23.3	23.2	44	10.3	6.4	SE	0.54	16.1	ESE	23.2	22.8	22.8	---	1021.1	0.00	0.0	221	1.58	227	0.000	0.017	21.2	44	8.4	19.9	8.35	1.1962	0.00	117	1	100.0	5
06/04/26	19:00	23.2	23.3	23.1	44	10.2	8.0	SE	0.67	17.7	SE	23.2	22.7	22.7	---	1021.1	0.00	0.0	207	1.48	211	0.000	0.017	21.2	44	8.4	19.9	8.35	1.1962	0.23	117	1	100.0	5
06/04/26	19:05	23.1	23.2	23.1	44	10.2	8.0	SE	0.67	14.5	SE	23.1	22.6	22.6	---	1021.1	0.00	0.0	193	1.38	199	0.000	0.017	21.2	44	8.5	20.1	8.35	1.1960	0.00	117	1	100.0	5
06/04/26	19:10	23.0	23.1	23.0	45	10.4	6.4	SE	0.54	14.5	ESE	23.0	22.6	22.6	---	1021.1	0.00	0.0	176	1.26	183	0.000	0.016	21.2	44	8.5	20.1	8.35	1.1959	0.00	113	1	99.1	5
06/04/26	19:15	23.1	23.1	23.0	45	10.5	4.8	ESE	0.40	11.3	SSE	23.1	22.6	22.6	---	1021.2	0.00	0.0	161	1.15	167	0.000	0.016	21.2	44	8.4	19.9	8.35	1.1963	0.00	116	1	100.0	5
06/04/26	19:20	23.1	23.1	23.1	44	10.1	6.4	SE	0.54	14.5	SE	23.1	22.6	22.6	---	1021.1	0.00	0.0	147	1.05	151	0.000	0.016	21.2	44	8.4	19.9	8.35	1.1961	0.00	116	1	100.0	5
06/04/26	19:25	23.1	23.1	23.1	44	10.1	4.8	SE	0.40	12.9	SE	23.1	22.6	22.6	---	1021.1	0.00	0.0	131	0.94	139	0.000	0.016	21.2	44	8.5	20.1	8.35	1.1960	0.00	117	1	100.0	5
06/04/26	19:30	23.0	23.1	22.9	44	10.1	4.8	SSE	0.40	9.7	S	23.0	22.5	22.5	---	1021.1	0.00	0.0	115	0.82	121	0.000	0.016	21.2	44	8.4	19.9	8.35	1.1962	0.00	117	1	100.0	5
06/04/26	19:35	22.8	23.0	22.8	44	9.9	8.0	SSE	0.67	19.3	SE	22.8	22.3	22.3	---	1021.0	0.00	0.0	100	0.72	105	0.000	0.016	21.2	44	8.4	19.9	8.35	1.1961	0.00	114	1	100.0	5
06/04/26	19:40	22.7	22.8	22.7	44	9.8	4.8	SSE	0.40	12.9	SSE	22.7	22.2	22.2	---	1021.1	0.00	0.0	86	0.62	91	0.000	0.015	21.2	44	8.4	19.9	8.35	1.1961	0.00	116	1	100.0	5
06/04/26	19:45	22.7	22.8	22.7	44	9.8	4.8	SSE	0.40	12.9	SE	22.7	22.1	22.1	---	1021.1	0.00	0.0	72	0.52	77	0.000	0.015	21.2	44	8.4	19.9	8.35	1.1961	0.00	117	1	100.0	5
06/04/26	19:50	22.6	22.7	22.6	44	9.7	4.8	SSE	0.40	11.3	ESE	22.6	22.0	22.0	---	1021.0	0.00	0.0	59	0.42	65	0.000	0.015	21.2	44	8.4	19.9	8.35	1.1961	0.00	117	1	100.0	5
06/04/26	19:55	22.5	22.6	22.5	45	10.0	6.4	SE	0.54	17.7	SE	22.5	21.8	21.8	---	1021.0	0.00	0.0	49	0.35	53	0.000	0.014	21.2	44	8.4	19.9	8.35	1.1961	0.00	116	1	100.0	5
06/04/26	20:00	22.3	22.5	22.3	45	9.8	6.4	SE	0.54	16.1	ESE	22.3	21.6	21.6	---	1020.9	0.00	0.0	27	0.19	42	0.000	0.014	21.1	44	8.4	19.9	8.35	1.1962	0.08	115	1	100.0	5
06/04/26	20:05	22.2	22.3	22.2	46	10.0	4.8	SE	0.40	11.3	SSE	22.2	21.5	21.5	---	1020.9	0.00	0.0	19	0.14	19	0.000	0.014	21.1	44	8.4	19.9	8.35	1.1963	0.00	114	1	100.0	5
06/04/26	20:10	22.1	22.2	22.1	47	10.2	3.2	SE	0.27	11.3	SSE	22.1	21.3	21.3	---	1020.9	0.00	0.0	17	0.12	18	0.000	0.013	21.1	44	8.4	19.9	8.35	1.1962	0.00	118	1	100.0	5
06/04/26	20:15	21.9	22.1	21.9	48	10.4	3.2	ESE	0.27	9.7	ESE	21.9	21.2	21.2	---	1020.8	0.00	0.0	15	0.11	16	0.000	0.012	21.1	45	8.7	19.9	8.45	1.1958	0.00	117	1	100.0	5
06/04/26	20:20	21.6	21.8	21.6	49	10.4	3.2	ESE	0.27	9.7	ESE	21.6	20.8	20.8	---	1020.7	0.00	0.0	12	0.09	14	0.000	0.011	21.1	45	8.7	19.9	8.45	1.1959	0.00	117	1	100.0	5
06/04/26	20:25	21.4	21.7	21.4	50	10.6	3.2	ESE	0.27	8.0	E	21.4	20.6	20.6	---	1020.7	0.00	0.0	10	0.07	11	0.000	0.011	21.1	45	8.7	19.9	8.45	1.1960	0.00	115	1	100.0	5
06/04/26	20:30	21.2	21.4	21.2	51	10.7	3.2	ESE	0.27	8.0	SE	21.2	20.4	20.4	---	1020.6	0.00	0.0	8	0.06	9	0.000	0.010	21.1	45	8.7	19.9	8.45	1.1959	0.00	115	1	100.0	5
06/04/26	20:35	21.0	21.2	21.0	51	10.5	3.2	ESE	0.27	6.4	SE	21.0	20.2	20.2	---	1020.6	0.00	0.0	5	0.04	7	0.000	0.009	21.1	45	8.7	19.9	8.45	1.1959	0.00	117	1	100.0	5
06/04/26	20:40	20.8	21.0	20.8	51	10.3	3.2	ESE	0.27	6.4	ESE	20.8	20.0	20.0	---	1020.7	0.00	0.0	0	0.00	0	0.000	0.009	21.0	45	8.6	19.8	8.45	1.1962	0.00	117	1	100.0	5
06/04/26	20:45	20.7	20.8	20.7	51	10.2	4.8	ESE	0.40	11.3	ESE	20.7	19.9	19.9	---	1020.6	0.00	0.0	0	0.00	0	0.000	0.008	21.0	45	8.6	19.8	8.45	1.1961	0.00	115	1	100.0	5
06/04/26	20:50	20.6	20.8	20.6	52	10.4	3.2	ESE	0.27	11.3	ESE	20.6	19.9	19.9	---	1020.7	0.00	0.0	0	0.00	0	0.000	0.008	21.0	45	8.6	19.8	8.45	1.1963	0.00	116	1	100.0	5
06/04/26	20:55	20.4	20.6	20.4	52	10.3	4.8	ESE	0.40	11.3	ESE	20.4	19.7	19.7	---	1020.7	0.00	0.0	0	0.00	0	0.000	0.007	21.0	45	8.6	19.8	8.45	1.1963	0.00	114	1	100.0	5
06/04/26	21:00	20.3	20.4	20.3	52	10.1	4.8	ESE	0.40	9.7	ESE	20.3	19.6	19.6	---	1020.7	0.00	0.0	0	0.00	0	0.000	0.007	20.9	45	8.6	19.8	8.46	1.1965	0.03	117	1	100.0	5
06/04/26	21:05	20.1	20.3	20.1	53	10.2	3.2	ESE	0.27	11.3	ESE	20.1	19.5	19.5	---	1020.8	0.00	0.0	0	0.00	0	0.000	0.006	20.9	45	8.6	19.8	8.46	1.1966	0.00	117	1	100.0	5
06/04/26	21:10	19.9	20.1	19.9	53	10.1	3.2	ESE	0.27	6.4	ESE	19.9	19.3	19.3	---	1020.8	0.00	0.0	0	0.00	0	0.000	0.006	20.9	45	8.6	19.8	8.46	1.1967	0.00	118	1	100.0	5
06/04/26	21:15	19.8	19.9	19.8	53	9.9	3.2	ESE	0.27	9.7	ESE	19.8	19.2	19.2	---	1020.8	0.00	0.0	0	0.00	0	0.000	0.005	20.9	45	8.6	19.8	8.46	1.1967	0.00	117	1	100.0	5
06/04/26	21:20	19.7	19.8	19.7	54	10.1	3.2	ESE	0.27	11.3	ESE	19.7	19.1	19.1	---	1020.8	0.00	0.0	0	0.00	0	0.000	0.005	20.9	45	8.5	19.7	8.46	1.1969	0.00	114	1	100.0	5
06/04/26	21:25	19.6	19.7	19.6	54	10.0	3.2	ESE	0.27	11.3	ESE	19.6	18.9	18.9	---	1021.0	0.00	0.0	0	0.00	0	0.000	0.004	20.9	45	8.5	19.7	8.46	1.1972	0.00	115	1	100.0	5
06/04/26	21:30	19.4	19.6	19.4	54	9.9	3.2	ESE	0.27	12.9	SE	19.4	18.8	18.8	---	1020.9	0.00	0.0	0	0.00	0	0.000	0.004	20.9	45	8.5	19.7	8.46	1.1970	0.00	117	1	100.0	5
06/04/26	21:35	19.3	19.4	19.3	55	10.0	3.2	ESE	0.27	9.7	ESE	19.3	18.7	18.7	---	1021.1	0.00	0.0	0	0.00	0	0.000	0.003	20.9	45	8.5	19.7	8.46	1.1972	0.00	117	1	100.0	5
06/04/26	21:40	19.1	19.3	19.1	55	9.9	3.2	ESE	0.27	9.7	E	19.1	18.5	18.5	---	1021.0	0.00	0.0	0	0.00	0	0.000	0.003	20.9	45	8.5	19.7	8.46	1.1972	0.00	117	1	100.0	5
06/04/26	21:45	19.0	19.1	19.0	55	9.8	3.2	ESE	0.27	8.0	ESE	19.0	18.3	18.3	---	1021.0	0.00	0.0	0	0.00	0	0.000	0.002	20.9	45	8.5	19.7	8.46	1.1971	0.00	115	1	100.0	5
06/04/26	21:50	18.9	19.0	18.9	55	9.6	4.8	ESE	0.40	9.7	ESE	18.9	18.2	18.2	---	1021.0	0.00	0.0	0	0.00	0	0.000	0.002	20.9	45	8.5	19.7	8.46	1.1972	0.00	115	1	100.0	5
06/04/26	21:55	18.8	18.9	18.8	55	9.5	3.2	ESE	0.27	9.7	ESE	18.8	18.1	18.1	---	1021.0	0.00	0.0	0	0.00	0	0.000	0.002	20.8	45	8.5	19.7	8.46	1.1974	0.00	116	1	100.0	5
06/04/26	22:00	18.7	18.8	18.7	55	9.4	3.2	ESE	0.27	9.7	ESE	18.7	18.0	18.0	---	1021.0	0.00	0.0	0	0.00	0	0.000	0.001	20.9	45	8.5	19.7	8.46	1.1972	0.03	117	1	100.0	5
06/04/26	22:05	18.5	18.7	18.5	56	9.6	3.2	ESE	0.27	9.7	E	18.5	17.8	17.8	---	1021.0	0.00	0.0	0	0.00	0	0.000	0.001	20.8	45	8.5	19.7	8.46	1.1974	0.00	116	1	100.0	5
06/04/26	22:10	18.3	18.5	18.3	57	9.6	3.2	ESE	0.27	4.8	E	18.3	17.6	17.6	---	1021.0	0.00	0.0	0	0.00	0	0.000	0.000	20.8	45	8.5	19.7	8.46	1.1974	0.00	117	1	100.0	5
06/04/26	22:15	18.1	18.3	18.1	57	9.5	3.2	ESE	0.27	11.3	E	18.1	17.4	17.4	---	1021.0	0.00	0.0	0	0.00	0	0.001	0.000	20.8	45	8.5	19.7	8.46	1.1974	0.00	116	1	100.0	5
06/04/26	22:20	17.9	18.1	17.9	59	9.8	1.6	ESE	0.13	9.7	E	17.9	17.3	17.3	---	1021.1	0.00	0.0	0	0.00	0	0.001	0.000	20.8	45	8.5	19.7	8.46	1.1975	0.00	115	1	100.0	5
06/04/26	22:25	17.8	17.9	17.8	60	10.0	4.8	ESE	0.40	14.5	E	17.8	17.2	17.2	---	1021.0	0.00	0.0	0	0.00	0	0.002	0.000	20.8	45	8.5	19.7	8.46	1.1974	0.00	116	1	100.0	5
06/04/26	22:30	17.7	17.8	17.7	62	10.3	4.8	ESE	0.40	11.3	ESE	17.7	17.1	17.1	---	1021.0	0.00	0.0	0	0.00	0	0.002	0.000	20.8	45	8.5	19.7	8.46	1.1974	0.00	117	1	100.0	5
06/04/26	22:35	17.6	17.7	17.6	63	10.4	4.8	ESE	0.40	12.9	E	17.6	17.1	17.1	---	1021.0	0.00	0.0	0	0.00	0	0.003	0.000	20.8	45	8.5	19.7	8.46	1.1974	0.00	117	1	100.0	5
06/04/26	22:40	17.4	17.6	17.4	64	10.6	3.2	ESE	0.27	9.7	ESE	17.4	17.0	17.0	---	1021.1	0.00	0.0	0	0.00	0	0.003	0.000	20.8	45	8.4	19.7	8.46	1.1977	0.00	116	1	100.0	5
06/04/26	22:45	17.3	17.4	17.3	65	10.6	3.2	ESE	0.27	6.4	ESE	17.3	16.8	16.8	---	1021.0	0.00	0.0	0	0.00	0	0.004	0.000	20.8	45	8.5	19.7	8.46	1.1974	0.00	114	1	100.0	5
06/04/26	22:50	17.2	17.3	17.2	66	10.8	4.8	ESE	0.40	12.9	SE	17.2	16.7	16.7	---	1021.0	0.00	0.0	0	0.00	0	0.004	0.000	20.8	45	8.4	19.7	8.46	1.1977	0.00	116	1	100.0	5
06/04/26	22:55	17.1	17.2	17.1	67	10.9	4.8	ESE	0.40	14.5	ESE	17.1	16.7	16.7	---	1021.0	0.00	0.0	0	0.00	0	0.004	0.000	20.8	45	8.4	19.7	8.46	1.1977	0.00	117	1	100.0	5
06/04/26	23:00	17.0	17.1	16.9	67	10.8	4.8	ESE	0.40	16.1	E	17.0	16.6	16.6	---	1020.9	0.00	0.0	0	0.00	0	0.005	0.000	20.8	45	8.4	19.7	8.46	1.1975	0.03	117	1	100.0	5
06/04/26	23:05	17.0	17.0	16.9	67	10.8	8.0	ESE	0.67	17.7	ESE	17.0	16.6	16.6	---	1021.0	0.00	0.0	0	0.00	0	0.005	0.000	20.8	45	8.4	19.7	8.46	1.1976	0.00	117	1	100.0	5
06/04/26	23:10	16.9	17.0	16.9	68	11.0	4.8	ESE	0.40	16.1	ESE	16.9	16.6	16.6	---	1020.9	0.00	0.0	0	0.00	0	0.005	0.000	20.8	45	8.4	19.7	8.46	1.1976	0.00	115	1	100.0	5
06/04/26	23:15	16.9	17.0	16.9	68	11.0	4.8	ESE	0.40	11.3	ESE	16.9	16.6	16.6	---	1021.0	0.00	0.0	0	0.00	0	0.005	0.000	20.8	45	8.4	19.7	8.46	1.1976	0.00	114	1	100.0	5
06/04/26	23:20	16.9	16.9	16.8	68	10.9	3.2	ESE	0.27	11.3	ESE	16.9	16.5	16.5	---	1021.0	0.00	0.0	0	0.00	0	0.005	0.000	20.8	45	8.4	19.7	8.46	1.1977	0.00	118	1	100.0	5
06/04/26	23:25	16.8	16.9	16.8	68	10.8	3.2	ESE	0.27	11.3	SE	16.8	16.4	16.4	---	1020.9	0.00	0.0	0	0.00	0	0.005	0.000	20.8	45	8.4	19.7	8.46	1.1975	0.00	117	1	100.0	5
06/04/26	23:30	16.6	16.8	16.6	69	10.9	3.2	ESE	0.27	11.3	E	16.6	16.2	16.2	---	1020.8	0.00	0.0	0	0.00	0	0.006	0.000	20.7	45	8.4	19.6	8.46	1.1977	0.00	117	1	100.0	5
06/04/26	23:35	16.6	16.7	16.6	69	10.8	3.2	ESE	0.27	9.7	ESE	16.6	16.2	16.2	---	1020.8	0.00	0.0	0	0.00	0	0.006	0.000	20.7	45	8.4	19.6	8.46	1.1977	0.00	116	1	100.0	5
06/04/26	23:40	16.4	16.6	16.4	69	10.7	4.8	ESE	0.40	11.3	E	16.4	16.1	16.1	---	1020.7	0.00	0.0	0	0.00	0	0.007	0.000	20.8	45	8.4	19.7	8.46	1.1973	0.00	114	1	100.0	5
06/04/26	23:45	16.4	16.5	16.4	70	10.9	3.2	ESE	0.27	8.0	ENE	16.4	16.0	16.0	---	1020.8	0.00	0.0	0	0.00	0	0.007	0.000	20.7	45	8.4	19.6	8.46	1.1977	0.00	115	1	100.0	5
06/04/26	23:50	16.3	16.4	16.3	70	10.8	3.2	ESE	0.27	9.7	ESE	16.3	15.9	15.9	---	1020.7	0.00	0.0	0	0.00	0	0.007	0.000	20.7	45	8.4	19.6	8.46	1.1976	0.00	117	1	100.0	5
06/04/26	23:55	16.2	16.3	16.2	70	10.7	4.8	ESE	0.40	11.3	ESE	16.2	15.8	15.8	---	1020.8	0.00	0.0	0	0.00	0	0.007	0.000	20.7	45	8.4	19.6	8.46	1.1977	0.00	117	1	100.0	5
07/04/26	00:00	16.2	16.3	16.2	70	10.7	3.2	ESE	0.27	8.0	SE	16.2	15.8	15.8	---	1020.8	0.00	0.0	0	0.00	0	0.007	0.000	20.7	45	8.4	19.6	8.46	1.1977	0.00	116	1	100.0	5
07/04/26	0:05	16.2	16.2	16.1	70	10.7	1.6	ESE	0.13	6.4	ESE	16.2	15.8	15.8	---	1020.8	0.00	0.0	0	0.00	0	0.008	0.000	20.7	45	8.4	19.6	8.46	1.1977	0.00	114	1	100.0	5
07/04/26	0:10	16.1	16.2	16.1	70	10.6	3.2	ESE	0.27	9.7	ESE	16.1	15.7	15.7	---	1020.8	0.00	0.0	0	0.00	0	0.008	0.000	20.7	46	8.7	19.7	8.65	1.1974	0.00	113	1	99.1	5
07/04/26	0:15	15.9	16.1	15.9	71	10.7	3.2	ESE	0.27	12.9	ESE	15.9	15.6	15.6	---	1020.8	0.00	0.0	0	0.00	0	0.008	0.000	20.7	45	8.4	19.6	8.46	1.1977	0.00	117	1	100.0	5
07/04/26	0:20	15.9	16.0	15.9	71	10.6	4.8	ESE	0.40	14.5	ESE	15.9	15.5	15.5	---	1020.7	0.00	0.0	0	0.00	0	0.008	0.000	20.7	46	8.7	19.7	8.65	1.1972	0.00	117	1	100.0	5
07/04/26	0:25	15.8	15.9	15.8	71	10.6	3.2	ESE	0.27	14.5	ESE	15.8	15.4	15.4	---	1020.7	0.00	0.0	0	0.00	0	0.009	0.000	20.7	46	8.6	19.6	8.65	1.1975	0.00	117	1	100.0	5
07/04/26	0:30	15.8	15.8	15.8	71	10.5	3.2	ESE	0.27	9.7	ESE	15.8	15.4	15.4	---	1020.6	0.00	0.0	0	0.00	0	0.009	0.000	20.7	46	8.7	19.7	8.65	1.1972	0.00	117	1	100.0	5
07/04/26	0:35	15.6	15.8	15.6	72	10.6	3.2	ESE	0.27	9.7	ESE	15.6	15.2	15.2	---	1020.6	0.00	0.0	0	0.00	0	0.009	0.000	20.7	46	8.6	19.6	8.65	1.1974	0.00	114	1	100.0	5
07/04/26	0:40	15.6	15.7	15.6	72	10.5	3.2	ESE	0.27	11.3	ESE	15.6	15.2	15.2	---	1020.7	0.00	0.0	0	0.00	0	0.010	0.000	20.7	46	8.6	19.6	8.65	1.1975	0.00	115	1	100.0	5
07/04/26	0:45	15.4	15.6	15.4	72	10.4	3.2	ESE	0.27	11.3	ESE	15.4	15.1	15.1	---	1020.6	0.00	0.0	0	0.00	0	0.010	0.000	20.7	46	8.6	19.6	8.65	1.1975	0.00	117	1	100.0	5
07/04/26	0:50	15.4	15.5	15.4	72	10.4	4.8	ESE	0.40	11.3	ESE	15.4	15.1	15.1	---	1020.6	0.00	0.0	0	0.00	0	0.010	0.000	20.7	46	8.6	19.6	8.65	1.1975	0.00	117	1	100.0	5
07/04/26	0:55	15.4	15.4	15.3	72	10.4	3.2	ESE	0.27	11.3	SE	15.4	15.0	15.0	---	1020.6	0.00	0.0	0	0.00	0	0.010	0.000	20.7	46	8.7	19.7	8.65	1.1971	0.00	117	1	100.0	5
07/04/26	1:00	15.3	15.4	15.3	72	10.3	3.2	ESE	0.27	9.7	ESE	15.3	14.9	14.9	---	1020.6	0.00	0.0	0	0.00	0	0.010	0.000	20.7	46	8.6	19.6	8.65	1.1974	0.00	116	1	100.0	5
07/04/26	1:05	15.3	15.3	15.3	72	10.3	4.8	ESE	0.40	11.3	ESE	15.3	14.9	14.9	---	1020.5	0.00	0.0	0	0.00	0	0.011	0.000	20.7	46	8.7	19.7	8.65	1.1970	0.00	115	1	100.0	5
07/04/26	1:10	15.2	15.3	15.2	73	10.4	4.8	ESE	0.40	11.3	ESE	15.2	14.8	14.8	---	1020.4	0.00	0.0	0	0.00	0	0.011	0.000	20.7	46	8.6	19.6	8.65	1.1972	0.00	114	1	100.0	5
07/04/26	1:15	15.2	15.3	15.2	72	10.2	4.8	ESE	0.40	12.9	E	15.2	14.8	14.8	---	1020.5	0.00	0.0	0	0.00	0	0.011	0.000	20.7	46	8.6	19.6	8.65	1.1973	0.00	117	1	100.0	5
07/04/26	1:20	15.2	15.2	15.1	73	10.4	4.8	SE	0.40	12.9	ESE	15.2	14.8	14.8	---	1020.4	0.00	0.0	0	0.00	0	0.011	0.000	20.7	46	8.6	19.6	8.65	1.1972	0.00	117	1	100.0	5
07/04/26	1:25	15.1	15.2	15.1	73	10.3	4.8	ESE	0.40	11.3	SE	15.1	14.7	14.7	---	1020.4	0.00	0.0	0	0.00	0	0.011	0.000	20.7	46	8.6	19.6	8.65	1.1972	0.00	117	1	100.0	5
07/04/26	1:30	15.1	15.1	15.0	73	10.3	4.8	ESE	0.40	11.3	ESE	15.1	14.7	14.7	---	1020.3	0.00	0.0	0	0.00	0	0.011	0.000	20.7	46	8.6	19.6	8.65	1.1971	0.00	116	1	100.0	5
07/04/26	1:35	14.9	15.0	14.9	73	10.1	3.2	ESE	0.27	11.3	ESE	14.9	14.6	14.6	---	1020.3	0.00	0.0	0	0.00	0	0.012	0.000	20.7	46	8.6	19.6	8.65	1.1970	0.00	114	1	100.0	5
07/04/26	1:40	14.8	14.9	14.8	73	10.0	4.8	ESE	0.40	12.9	ESE	14.8	14.4	14.4	---	1020.3	0.00	0.0	0	0.00	0	0.012	0.000	20.7	46	8.6	19.6	8.65	1.1971	0.00	116	1	100.0	5
07/04/26	1:45	14.7	14.8	14.7	74	10.1	4.8	SE	0.40	8.0	ESE	14.7	14.3	14.3	---	1020.3	0.00	0.0	0	0.00	0	0.013	0.000	20.7	46	8.6	19.6	8.65	1.1971	0.00	117	1	100.0	5
07/04/26	1:50	14.6	14.7	14.6	74	10.0	3.2	SE	0.27	6.4	ESE	14.6	14.2	14.2	---	1020.3	0.00	0.0	0	0.00	0	0.013	0.000	20.7	46	8.6	19.6	8.65	1.1971	0.00	116	1	100.0	5
07/04/26	1:55	14.5	14.6	14.5	74	9.9	3.2	SE	0.27	9.7	ESE	14.5	14.1	14.1	---	1020.3	0.00	0.0	0	0.00	0	0.013	0.000	20.7	46	8.6	19.6	8.65	1.1971	0.00	117	1	100.0	5
07/04/26	2:00	14.4	14.5	14.4	74	9.8	3.2	ESE	0.27	6.4	E	14.4	14.0	14.0	---	1020.2	0.00	0.0	0	0.00	0	0.014	0.000	20.7	46	8.6	19.6	8.65	1.1970	0.00	116	1	100.0	5
07/04/26	2:05	14.3	14.4	14.3	75	10.0	4.8	ESE	0.40	11.3	ESE	14.3	14.0	14.0	---	1020.2	0.00	0.0	0	0.00	0	0.014	0.000	20.7	46	8.6	19.6	8.65	1.1970	0.00	114	1	100.0	5
07/04/26	2:10	14.3	14.3	14.3	75	10.0	4.8	ESE	0.40	9.7	ESE	14.3	14.0	14.0	---	1020.3	0.00	0.0	0	0.00	0	0.014	0.000	20.7	46	8.6	19.6	8.65	1.1971	0.00	117	1	100.0	5
07/04/26	2:15	14.3	14.3	14.3	75	9.9	4.8	ESE	0.40	11.3	ESE	14.3	13.9	13.9	---	1020.2	0.00	0.0	0	0.00	0	0.014	0.000	20.6	46	8.6	19.6	8.65	1.1972	0.00	117	1	100.0	5
07/04/26	2:20	14.2	14.3	14.2	75	9.9	3.2	ESE	0.27	6.4	ESE	14.2	13.9	13.9	---	1020.1	0.00	0.0	0	0.00	0	0.014	0.000	20.7	46	8.6	19.6	8.65	1.1968	0.00	117	1	100.0	5
07/04/26	2:25	14.2	14.3	14.2	75	9.9	3.2	SE	0.27	11.3	ESE	14.2	13.9	13.9	---	1020.1	0.00	0.0	0	0.00	0	0.014	0.000	20.7	46	8.6	19.6	8.65	1.1968	0.00	117	1	100.0	5
07/04/26	2:30	14.1	14.2	14.1	75	9.7	3.2	ESE	0.27	11.3	ESE	14.1	13.8	13.8	---	1020.0	0.00	0.0	0	0.00	0	0.015	0.000	20.7	46	8.6	19.6	8.65	1.1967	0.00	114	1	100.0	5
07/04/26	2:35	14.1	14.2	14.1	75	9.7	3.2	ESE	0.27	8.0	SE	14.1	13.8	13.8	---	1019.9	0.00	0.0	0	0.00	0	0.015	0.000	20.6	46	8.6	19.6	8.65	1.1969	0.00	115	1	100.0	5
07/04/26	2:40	14.1	14.1	14.0	75	9.7	3.2	ESE	0.27	11.3	ESE	14.1	13.7	13.7	---	1019.9	0.00	0.0	0	0.00	0	0.015	0.000	20.6	46	8.6	19.6	8.65	1.1969	0.00	117	1	100.0	5
07/04/26	2:45	14.0	14.1	14.0	76	9.8	3.2	ESE	0.27	6.4	ESE	14.0	13.7	13.7	---	1019.9	0.00	0.0	0	0.00	0	0.015	0.000	20.6	46	8.6	19.6	8.65	1.1969	0.00	117	1	100.0	5
07/04/26	2:50	13.9	14.0	13.9	76	9.8	3.2	ESE	0.27	6.4	ESE	13.9	13.7	13.7	---	1019.8	0.00	0.0	0	0.00	0	0.015	0.000	20.7	46	8.6	19.6	8.65	1.1965	0.00	116	1	100.0	5
07/04/26	2:55	13.9	13.9	13.9	76	9.7	4.8	ESE	0.40	12.9	ESE	13.9	13.6	13.6	---	1019.8	0.00	0.0	0	0.00	0	0.015	0.000	20.6	46	8.6	19.6	8.65	1.1968	0.00	117	1	100.0	5
07/04/26	3:00	13.8	13.9	13.8	76	9.7	3.2	ESE	0.27	9.7	ESE	13.8	13.6	13.6	---	1019.7	0.00	0.0	0	0.00	0	0.016	0.000	20.6	46	8.6	19.6	8.65	1.1967	0.00	114	1	100.0	5
07/04/26	3:05	13.8	13.8	13.8	76	9.7	3.2	ESE	0.27	9.7	E	13.8	13.6	13.6	---	1019.7	0.00	0.0	0	0.00	0	0.016	0.000	20.6	46	8.6	19.6	8.65	1.1966	0.00	114	1	100.0	5
07/04/26	3:10	13.8	13.8	13.8	76	9.7	4.8	ESE	0.40	14.5	SE	13.8	13.6	13.6	---	1019.6	0.00	0.0	0	0.00	0	0.016	0.000	20.6	46	8.6	19.6	8.65	1.1965	0.00	117	1	100.0	5
07/04/26	3:15	13.8	13.8	13.8	76	9.6	3.2	ESE	0.27	11.3	SE	13.8	13.5	13.5	---	1019.6	0.00	0.0	0	0.00	0	0.016	0.000	20.6	46	8.6	19.6	8.65	1.1965	0.00	117	1	100.0	5
07/04/26	3:20	13.7	13.8	13.7	76	9.6	3.2	ESE	0.27	12.9	ESE	13.7	13.4	13.4	---	1019.5	0.00	0.0	0	0.00	0	0.016	0.000	20.6	46	8.6	19.6	8.65	1.1964	0.00	117	1	100.0	5
07/04/26	3:25	13.7	13.7	13.7	76	9.6	4.8	ESE	0.40	11.3	ESE	13.7	13.4	13.4	---	1019.5	0.00	0.0	0	0.00	0	0.016	0.000	20.6	46	8.6	19.6	8.65	1.1964	0.00	116	1	100.0	5
07/04/26	3:30	13.7	13.7	13.7	76	9.5	3.2	ESE	0.27	11.3	ESE	13.7	13.4	13.4	---	1019.5	0.00	0.0	0	0.00	0	0.016	0.000	20.6	46	8.5	19.5	8.65	1.1967	0.00	116	1	100.0	5
07/04/26	3:35	13.6	13.7	13.6	77	9.7	3.2	ESE	0.27	9.7	E	13.6	13.3	13.3	---	1019.4	0.00	0.0	0	0.00	0	0.016	0.000	20.6	46	8.6	19.6	8.65	1.1963	0.00	114	1	100.0	5
07/04/26	3:40	13.5	13.6	13.4	77	9.5	1.6	E	0.13	4.8	E	13.5	13.2	13.2	---	1019.4	0.00	0.0	0	0.00	0	0.017	0.000	20.6	46	8.6	19.6	8.65	1.1963	0.00	118	1	100.0	5
07/04/26	3:45	13.3	13.5	13.3	77	9.4	3.2	ESE	0.27	9.7	ESE	13.3	13.1	13.1	---	1019.4	0.00	0.0	0	0.00	0	0.017	0.000	20.6	46	8.5	19.5	8.65	1.1966	0.00	117	1	100.0	5
07/04/26	3:50	13.2	13.3	13.2	78	9.5	1.6	ESE	0.13	8.0	E	13.2	13.0	13.0	---	1019.4	0.00	0.0	0	0.00	0	0.018	0.000	20.6	46	8.6	19.6	8.65	1.1963	0.00	117	1	100.0	5
07/04/26	3:55	13.1	13.2	13.1	78	9.4	3.2	ESE	0.27	6.4	ESE	13.1	12.9	12.9	---	1019.3	0.00	0.0	0	0.00	0	0.018	0.000	20.6	46	8.5	19.5	8.65	1.1965	0.00	117	1	100.0	5
07/04/26	4:00	13.0	13.1	13.0	78	9.3	1.6	ESE	0.13	6.4	ESE	13.0	12.8	12.8	---	1019.3	0.00	0.0	0	0.00	0	0.019	0.000	20.6	46	8.6	19.6	8.65	1.1962	0.00	115	1	100.0	5
07/04/26	4:05	13.0	13.1	12.9	79	9.4	1.6	ESE	0.13	9.7	ESE	13.0	12.8	12.8	---	1019.3	0.00	0.0	0	0.00	0	0.019	0.000	20.6	46	8.5	19.5	8.65	1.1965	0.00	114	1	100.0	5
07/04/26	4:10	12.9	12.9	12.9	79	9.3	1.6	ESE	0.13	4.8	ESE	12.9	12.7	12.7	---	1019.3	0.00	0.0	0	0.00	0	0.019	0.000	20.6	46	8.6	19.6	8.65	1.1962	0.00	116	1	100.0	5
07/04/26	4:15	12.8	12.9	12.8	79	9.3	3.2	ESE	0.27	6.4	ESE	12.8	12.6	12.6	---	1019.2	0.00	0.0	0	0.00	0	0.019	0.000	20.6	46	8.5	19.5	8.65	1.1963	0.00	117	1	100.0	5
07/04/26	4:20	12.7	12.8	12.7	79	9.2	4.8	ESE	0.40	11.3	ESE	12.7	12.5	12.5	---	1019.2	0.00	0.0	0	0.00	0	0.019	0.000	20.6	46	8.5	19.5	8.65	1.1963	0.00	117	1	100.0	5
07/04/26	4:25	12.7	12.7	12.7	79	9.2	3.2	SE	0.27	6.4	ESE	12.7	12.5	12.5	---	1019.2	0.00	0.0	0	0.00	0	0.019	0.000	20.6	46	8.5	19.5	8.65	1.1964	0.00	117	1	100.0	5
07/04/26	4:30	12.7	12.7	12.7	79	9.2	3.2	ESE	0.27	6.4	ESE	12.7	12.5	12.5	---	1019.2	0.00	0.0	0	0.00	0	0.019	0.000	20.6	46	8.5	19.5	8.65	1.1964	0.00	115	1	100.0	5
07/04/26	4:35	12.7	12.7	12.7	79	9.2	3.2	ESE	0.27	9.7	E	12.7	12.5	12.5	---	1019.1	0.00	0.0	0	0.00	0	0.019	0.000	20.6	46	8.5	19.5	8.65	1.1963	0.00	114	1	100.0	5
07/04/26	4:40	12.7	12.7	12.7	79	9.2	1.6	ESE	0.13	6.4	ESE	12.7	12.5	12.5	---	1019.2	0.00	0.0	0	0.00	0	0.019	0.000	20.6	46	8.5	19.5	8.65	1.1963	0.00	118	1	100.0	5
07/04/26	4:45	12.7	12.7	12.7	79	9.1	3.2	ESE	0.27	6.4	E	12.7	12.4	12.4	---	1019.1	0.00	0.0	0	0.00	0	0.020	0.000	20.6	46	8.5	19.5	8.65	1.1962	0.00	117	1	100.0	5
07/04/26	4:50	12.6	12.7	12.6	79	9.1	3.2	ESE	0.27	6.4	ESE	12.6	12.4	12.4	---	1019.1	0.00	0.0	0	0.00	0	0.020	0.000	20.6	46	8.5	19.5	8.65	1.1962	0.00	117	1	100.0	5
07/04/26	4:55	12.6	12.7	12.6	79	9.1	3.2	ESE	0.27	9.7	ESE	12.6	12.4	12.4	---	1019.1	0.00	0.0	0	0.00	0	0.020	0.000	20.6	46	8.5	19.5	8.65	1.1963	0.00	115	1	100.0	5
07/04/26	5:00	12.6	12.6	12.6	79	9.1	3.2	ESE	0.27	11.3	ESE	12.6	12.4	12.4	---	1019.1	0.00	0.0	0	0.00	0	0.020	0.000	20.6	46	8.5	19.5	8.65	1.1962	0.00	115	1	100.0	5
07/04/26	5:05	12.6	12.6	12.6	79	9.1	3.2	SE	0.27	11.3	SE	12.6	12.4	12.4	---	1019.1	0.00	0.0	0	0.00	0	0.020	0.000	20.6	46	8.5	19.5	8.65	1.1962	0.00	114	1	100.0	5
07/04/26	5:10	12.6	12.6	12.6	79	9.0	1.6	ESE	0.13	9.7	ESE	12.6	12.3	12.3	---	1019.1	0.00	0.0	0	0.00	0	0.020	0.000	20.6	46	8.5	19.5	8.65	1.1962	0.00	116	1	100.0	5
07/04/26	5:15	12.5	12.6	12.5	79	9.0	1.6	ESE	0.13	4.8	E	12.5	12.3	12.3	---	1019.1	0.00	0.0	0	0.00	0	0.020	0.000	20.6	46	8.5	19.5	8.65	1.1962	0.00	117	1	100.0	5
07/04/26	5:20	12.4	12.5	12.4	79	8.8	3.2	ESE	0.27	6.4	ESE	12.4	12.2	12.2	---	1019.0	0.00	0.0	0	0.00	0	0.021	0.000	20.6	46	8.5	19.5	8.65	1.1961	0.00	115	1	100.0	5
07/04/26	5:25	12.3	12.4	12.3	80	9.0	3.2	ESE	0.27	6.4	ESE	12.3	12.2	12.2	---	1019.0	0.00	0.0	0	0.00	0	0.021	0.000	20.6	46	8.5	19.5	8.65	1.1961	0.00	117	1	100.0	5
07/04/26	5:30	12.2	12.3	12.2	80	8.9	1.6	ESE	0.13	6.4	ESE	12.2	12.1	12.1	---	1019.0	0.00	0.0	0	0.00	0	0.021	0.000	20.6	46	8.5	19.5	8.65	1.1961	0.00	117	1	100.0	5
07/04/26	5:35	12.2	12.2	12.2	80	8.8	1.6	E	0.13	6.4	ESE	12.2	12.0	12.0	---	1018.9	0.00	0.0	0	0.00	0	0.021	0.000	20.5	46	8.5	19.4	8.65	1.1962	0.00	114	1	100.0	5
07/04/26	5:40	12.1	12.2	12.1	81	8.9	1.6	ESE	0.13	6.4	ESE	12.1	11.9	11.9	---	1019.1	0.00	0.0	0	0.00	0	0.022	0.000	20.6	46	8.5	19.5	8.65	1.1962	0.00	114	1	100.0	5
07/04/26	5:45	12.0	12.1	12.0	81	8.8	1.6	SSE	0.13	6.4	SE	12.0	11.8	11.8	---	1019.1	0.00	0.0	0	0.00	0	0.022	0.000	20.6	46	8.5	19.5	8.65	1.1962	0.00	118	1	100.0	5
07/04/26	5:50	12.1	12.1	12.0	81	8.9	1.6	SSE	0.13	6.4	SSE	12.1	11.9	11.9	---	1019.1	0.00	0.0	0	0.00	0	0.022	0.000	20.5	46	8.5	19.4	8.65	1.1964	0.00	117	1	100.0	5
07/04/26	5:55	12.1	12.1	12.0	81	8.9	1.6	SE	0.13	4.8	ESE	12.1	11.9	11.9	---	1019.0	0.00	0.0	0	0.00	0	0.022	0.000	20.5	46	8.5	19.4	8.65	1.1964	0.00	117	1	100.0	5
07/04/26	6:00	12.0	12.1	12.0	81	8.8	3.2	ESE	0.27	9.7	ESE	12.0	11.8	11.8	---	1018.9	0.00	0.0	0	0.00	0	0.022	0.000	20.5	46	8.5	19.4	8.65	1.1962	0.00	116	1	100.0	5
07/04/26	6:05	11.9	12.0	11.9	81	8.8	1.6	ESE	0.13	6.4	ESE	11.9	11.8	11.8	---	1018.9	0.00	0.0	0	0.00	0	0.022	0.000	20.5	46	8.5	19.4	8.65	1.1963	0.00	114	1	100.0	5
07/04/26	6:10	11.9	11.9	11.9	81	8.8	1.6	ESE	0.13	6.4	ESE	11.9	11.8	11.8	---	1018.9	0.00	0.0	0	0.00	0	0.022	0.000	20.6	46	8.5	19.5	8.65	1.1960	0.00	114	1	100.0	5
07/04/26	6:15	11.9	11.9	11.9	81	8.7	1.6	ESE	0.13	4.8	ESE	11.9	11.7	11.7	---	1018.8	0.00	0.0	0	0.00	0	0.022	0.000	20.6	46	8.5	19.5	8.65	1.1959	0.00	117	1	100.0	5
07/04/26	6:20	11.8	11.9	11.8	81	8.6	1.6	ESE	0.13	6.4	E	11.8	11.6	11.6	---	1018.8	0.00	0.0	0	0.00	0	0.023	0.000	20.5	46	8.5	19.4	8.65	1.1961	0.00	116	1	100.0	5
07/04/26	6:25	11.8	11.8	11.8	81	8.6	3.2	SE	0.27	9.7	E	11.8	11.6	11.6	---	1018.8	0.00	0.0	0	0.00	0	0.023	0.000	20.5	46	8.5	19.4	8.65	1.1961	0.00	116	1	100.0	5
07/04/26	6:30	11.7	11.8	11.7	81	8.6	3.2	ESE	0.27	6.4	SE	11.7	11.6	11.6	---	1018.7	0.00	0.0	0	0.00	0	0.023	0.000	20.6	46	8.5	19.5	8.65	1.1957	0.00	117	1	100.0	5
07/04/26	6:35	11.7	11.7	11.7	81	8.5	3.2	ESE	0.27	6.4	ESE	11.7	11.5	11.5	---	1018.7	0.00	0.0	0	0.00	0	0.023	0.000	20.5	46	8.5	19.4	8.65	1.1960	0.00	115	1	100.0	5
07/04/26	6:40	11.6	11.7	11.6	82	8.6	1.6	ESE	0.13	4.8	ESE	11.6	11.5	11.5	---	1018.7	0.00	0.0	0	0.00	0	0.023	0.000	20.5	46	8.5	19.4	8.65	1.1960	0.00	115	1	100.0	5
07/04/26	6:45	11.6	11.6	11.6	82	8.6	1.6	ESE	0.13	6.4	ESE	11.6	11.4	11.4	---	1018.8	0.00	0.0	0	0.00	0	0.024	0.000	20.5	46	8.5	19.4	8.65	1.1962	0.00	116	1	100.0	5
07/04/26	6:50	11.5	11.6	11.5	82	8.5	3.2	ESE	0.27	6.4	ESE	11.5	11.4	11.4	---	1018.8	0.00	0.0	0	0.00	0	0.024	0.000	20.5	46	8.5	19.4	8.65	1.1962	0.00	118	1	100.0	5
07/04/26	6:55	11.4	11.5	11.4	82	8.5	1.6	ESE	0.13	4.8	ESE	11.4	11.3	11.3	---	1018.8	0.00	0.0	0	0.00	0	0.024	0.000	20.5	47	8.8	19.5	8.77	1.1958	0.00	116	1	100.0	5
07/04/26	7:00	11.3	11.4	11.3	82	8.4	1.6	ESE	0.13	3.2	ESE	11.3	11.2	11.2	---	1018.9	0.00	0.0	0	0.00	0	0.024	0.000	20.5	47	8.8	19.5	8.77	1.1959	0.00	117	1	100.0	5
07/04/26	7:05	11.3	11.3	11.3	83	8.5	0.0	ESE	0.00	3.2	ESE	11.3	11.2	11.2	---	1018.8	0.00	0.0	0	0.00	0	0.024	0.000	20.5	47	8.8	19.5	8.77	1.1959	0.00	117	1	100.0	5
07/04/26	7:10	11.2	11.2	11.2	83	8.4	1.6	ESE	0.13	3.2	ESE	11.2	11.1	11.1	---	1018.8	0.00	0.0	0	0.00	0	0.025	0.000	20.6	47	8.8	19.6	8.77	1.1955	0.00	114	1	100.0	5
07/04/26	7:15	11.1	11.2	11.1	83	8.3	0.0	ESE	0.00	3.2	ESE	11.1	11.0	11.0	---	1018.8	0.00	0.0	0	0.00	0	0.025	0.000	20.5	47	8.8	19.5	8.77	1.1958	0.00	115	1	100.0	5
07/04/26	7:20	11.1	11.1	11.1	84	8.5	1.6	ESE	0.13	4.8	ESE	11.1	11.1	11.1	---	1018.7	0.00	0.0	0	0.00	0	0.025	0.000	20.5	47	8.8	19.5	8.77	1.1957	0.00	117	1	100.0	5
07/04/26	7:25	11.1	11.1	11.1	84	8.5	1.6	ESE	0.13	4.8	ESE	11.1	11.1	11.1	---	1018.7	0.00	0.0	0	0.00	0	0.025	0.000	20.5	46	8.5	19.4	8.65	1.1960	0.00	117	1	100.0	5
07/04/26	7:30	11.1	11.1	11.1	84	8.5	0.0	SE	0.00	3.2	SE	11.1	11.1	11.1	---	1018.7	0.00	0.0	1	0.01	5	0.025	0.000	20.5	47	8.8	19.5	8.77	1.1958	0.00	117	1	100.0	5
07/04/26	7:35	11.1	11.1	11.1	84	8.5	1.6	ESE	0.13	4.8	ESE	11.1	11.1	11.1	---	1018.7	0.00	0.0	6	0.04	7	0.025	0.000	20.5	47	8.8	19.5	8.77	1.1958	0.00	117	1	100.0	5
07/04/26	7:40	11.1	11.1	11.1	84	8.5	1.6	ESE	0.13	6.4	SE	11.1	11.1	11.1	---	1018.8	0.00	0.0	8	0.06	9	0.025	0.000	20.4	47	8.7	19.4	8.77	1.1961	0.00	115	1	100.0	5
07/04/26	7:45	11.1	11.1	11.1	84	8.5	1.6	ESE	0.13	4.8	ESE	11.1	11.1	11.1	---	1018.8	0.00	0.0	11	0.08	12	0.025	0.000	20.5	47	8.8	19.5	8.77	1.1959	0.00	114	1	100.0	5
07/04/26	7:50	11.2	11.2	11.1	84	8.6	1.6	ESE	0.13	6.4	E	11.2	11.1	11.1	---	1018.8	0.00	0.0	13	0.09	14	0.025	0.000	20.5	47	8.8	19.5	8.77	1.1958	0.00	116	1	100.0	5
07/04/26	7:55	11.3	11.3	11.2	84	8.7	1.6	ESE	0.13	4.8	ESE	11.3	11.2	11.2	---	1018.8	0.00	0.0	17	0.12	19	0.024	0.000	20.4	47	8.7	19.4	8.77	1.1961	0.00	117	1	100.0	5
07/04/26	8:00	11.3	11.3	11.3	83	8.5	1.6	ESE	0.13	9.7	ESE	11.3	11.3	11.3	---	1018.8	0.00	0.0	23	0.16	26	0.024	0.000	20.5	47	8.8	19.5	8.77	1.1958	0.00	117	1	100.0	5
07/04/26	8:05	11.3	11.3	11.3	83	8.5	3.2	ESE	0.27	6.4	ESE	11.3	11.3	11.3	---	1018.9	0.00	0.0	31	0.22	35	0.024	0.000	20.5	47	8.8	19.5	8.77	1.1960	0.00	117	1	100.0	5
07/04/26	8:10	11.3	11.3	11.3	83	8.5	3.2	ESE	0.27	6.4	ESE	11.3	11.3	11.3	---	1018.9	0.00	0.0	40	0.29	44	0.024	0.000	20.5	47	8.8	19.5	8.77	1.1960	0.00	114	1	100.0	5
07/04/26	8:15	11.4	11.4	11.3	83	8.6	1.6	ESE	0.13	4.8	ESE	11.4	11.3	11.3	---	1018.9	0.00	0.0	50	0.36	54	0.024	0.000	20.5	47	8.8	19.5	8.77	1.1960	0.00	115	1	100.0	5
07/04/26	8:20	11.5	11.5	11.4	83	8.7	1.6	ESE	0.13	6.4	E	11.5	11.4	11.4	---	1018.9	0.00	0.0	63	0.45	69	0.024	0.000	20.5	47	8.8	19.5	8.77	1.1960	0.00	116	1	100.0	5
07/04/26	8:25	11.6	11.6	11.5	83	8.8	1.6	ESE	0.13	4.8	E	11.6	11.5	11.5	---	1018.9	0.00	0.0	74	0.53	79	0.023	0.000	20.5	47	8.8	19.5	8.77	1.1960	0.00	117	1	100.0	5
07/04/26	8:30	11.8	11.8	11.6	82	8.8	1.6	ESE	0.13	4.8	ESE	11.8	11.7	11.7	---	1019.0	0.00	0.0	87	0.62	93	0.023	0.000	20.5	47	8.8	19.5	8.77	1.1960	0.00	117	1	100.0	5
07/04/26	8:35	11.9	11.9	11.7	82	8.9	0.0	ESE	0.00	4.8	ENE	11.9	11.8	11.8	---	1018.9	0.00	0.0	101	0.72	107	0.022	0.000	20.5	47	8.8	19.5	8.77	1.1960	0.00	117	1	100.0	5
07/04/26	8:40	12.1	12.1	11.9	82	9.1	1.6	E	0.13	4.8	ENE	12.1	11.9	11.9	---	1018.9	0.00	0.0	117	0.84	123	0.022	0.000	20.6	47	8.8	19.6	8.77	1.1957	0.00	115	1	100.0	5
07/04/26	8:45	12.2	12.2	12.1	81	9.0	1.6	E	0.13	6.4	ESE	12.2	12.0	12.0	---	1018.9	0.00	0.0	132	0.95	139	0.021	0.000	20.6	47	8.8	19.6	8.77	1.1957	0.00	114	1	100.0	5
07/04/26	8:50	12.3	12.3	12.2	81	9.2	1.6	E	0.13	4.8	ENE	12.3	12.2	12.2	---	1019.0	0.00	0.0	149	1.07	156	0.021	0.000	20.6	47	8.8	19.6	8.77	1.1958	0.00	116	1	100.0	5
07/04/26	8:55	12.5	12.5	12.3	80	9.1	1.6	ESE	0.13	9.7	ESE	12.5	12.3	12.3	---	1019.0	0.00	0.0	167	1.20	174	0.020	0.000	20.6	47	8.9	19.6	8.77	1.1955	0.00	117	1	100.0	5
07/04/26	9:00	12.7	12.7	12.6	80	9.4	3.2	SE	0.27	11.3	ESE	12.7	12.6	12.6	---	1019.0	0.00	0.0	183	1.31	188	0.019	0.000	20.6	47	8.8	19.6	8.77	1.1958	0.05	118	1	100.0	5
07/04/26	9:05	12.7	12.8	12.7	79	9.2	6.4	ESE	0.54	12.9	ESE	12.5	12.5	12.3	---	1019.0	0.00	0.0	198	1.42	206	0.019	0.000	20.6	47	8.9	19.6	8.77	1.1955	0.00	117	1	100.0	5
07/04/26	9:10	12.9	12.9	12.7	79	9.3	4.8	ESE	0.40	12.9	SE	12.9	12.7	12.7	---	1019.1	0.00	0.0	214	1.53	220	0.019	0.000	20.6	47	8.9	19.6	8.77	1.1956	0.00	115	1	100.0	5
07/04/26	9:15	12.9	12.9	12.9	79	9.4	6.4	SE	0.54	14.5	ESE	12.8	12.7	12.6	---	1019.1	0.00	0.0	229	1.64	236	0.019	0.000	20.6	47	8.9	19.6	8.77	1.1957	0.00	114	1	100.0	5
07/04/26	9:20	13.1	13.1	12.9	79	9.5	4.8	ESE	0.40	12.9	ESE	13.1	12.9	12.9	---	1019.2	0.00	0.0	243	1.74	248	0.018	0.000	20.6	47	8.9	19.6	8.77	1.1957	0.00	117	1	100.0	5
07/04/26	9:25	13.4	13.4	13.1	78	9.6	3.2	ESE	0.27	11.3	ESE	13.4	13.2	13.2	---	1019.0	0.00	0.0	258	1.85	262	0.017	0.000	20.7	47	8.9	19.7	8.77	1.1952	0.00	115	1	100.0	5
07/04/26	9:30	13.7	13.7	13.4	77	9.7	4.8	ESE	0.40	14.5	E	13.7	13.4	13.4	---	1019.0	0.00	0.0	270	1.94	276	0.016	0.000	20.7	47	8.9	19.7	8.77	1.1953	0.00	117	1	100.0	5
07/04/26	9:35	13.9	13.9	13.7	76	9.7	6.4	SE	0.54	16.1	ESE	13.9	13.6	13.6	---	1019.1	0.00	0.0	284	2.04	288	0.015	0.000	20.7	48	9.3	19.8	8.86	1.1948	0.00	117	1	100.0	5
07/04/26	9:40	14.2	14.2	13.9	75	9.9	4.8	SE	0.40	14.5	ESE	14.2	13.9	13.9	---	1019.0	0.00	0.0	295	2.11	299	0.014	0.000	20.7	48	9.3	19.8	8.86	1.1947	0.00	113	1	99.1	5
07/04/26	9:45	14.4	14.4	14.2	75	10.1	4.8	SE	0.40	12.9	SE	14.4	14.1	14.1	---	1019.0	0.00	0.0	311	2.23	316	0.014	0.000	20.8	48	9.4	19.8	8.86	1.1945	0.00	115	1	100.0	5
07/04/26	9:50	14.8	14.8	14.4	74	10.2	4.8	ESE	0.40	17.7	ESE	14.8	14.4	14.4	---	1019.1	0.00	0.0	325	2.33	330	0.012	0.000	20.8	48	9.4	19.8	8.86	1.1945	0.00	117	1	100.0	5
07/04/26	9:55	14.8	14.8	14.8	73	10.0	8.0	ESE	0.67	17.7	E	14.6	14.4	14.2	---	1019.1	0.00	0.0	338	2.42	343	0.012	0.000	20.8	48	9.4	19.8	8.86	1.1945	0.00	117	1	100.0	5
07/04/26	10:00	14.9	14.9	14.8	73	10.1	8.0	SE	0.67	16.1	SE	14.8	14.5	14.4	---	1019.1	0.00	0.0	350	2.51	355	0.012	0.000	20.8	48	9.4	19.8	8.86	1.1942	0.15	116	1	100.0	5
07/04/26	10:05	15.1	15.1	14.9	73	10.3	4.8	SE	0.40	12.9	SSE	15.1	14.7	14.7	---	1019.0	0.00	0.0	363	2.60	369	0.011	0.000	20.8	48	9.4	19.8	8.86	1.1942	0.00	117	1	100.0	5
07/04/26	10:10	15.3	15.3	15.1	73	10.5	6.4	ESE	0.54	17.7	ESE	15.3	14.9	14.9	---	1019.1	0.00	0.0	376	2.70	380	0.010	0.000	20.8	48	9.4	19.8	8.86	1.1945	0.00	114	1	100.0	5
07/04/26	10:15	15.5	15.6	15.3	72	10.5	6.4	ESE	0.54	17.7	ESE	15.5	15.1	15.1	---	1019.0	0.00	0.0	387	2.77	392	0.010	0.000	20.8	48	9.4	19.8	8.86	1.1945	0.00	117	1	100.0	5
07/04/26	10:20	15.7	15.7	15.6	72	10.7	6.4	ESE	0.54	14.5	ESE	15.7	15.3	15.3	---	1019.1	0.00	0.0	401	2.87	406	0.009	0.000	20.8	48	9.4	19.8	8.86	1.1945	0.00	117	1	100.0	5
07/04/26	10:25	15.9	15.9	15.7	71	10.6	6.4	ESE	0.54	14.5	SE	15.9	15.5	15.5	---	1019.1	0.00	0.0	414	2.97	418	0.008	0.000	20.8	48	9.4	19.8	8.86	1.1946	0.00	117	1	100.0	5
07/04/26	10:30	15.9	15.9	15.9	71	10.7	8.0	SE	0.67	16.1	SSE	15.9	15.6	15.6	---	1019.2	0.00	0.0	427	3.06	431	0.008	0.000	20.8	48	9.4	19.8	8.86	1.1946	0.00	117	1	100.0	5
07/04/26	10:35	16.2	16.2	15.9	71	10.9	4.8	ESE	0.40	16.1	ESE	16.2	15.8	15.8	---	1019.1	0.00	0.0	438	3.14	441	0.008	0.000	20.8	48	9.4	19.8	8.86	1.1945	0.00	102	1	89.5	5
07/04/26	10:40	16.4	16.4	16.2	69	10.7	6.4	SE	0.54	16.1	SSE	16.4	16.1	16.1	---	1019.2	0.00	0.0	452	3.24	457	0.007	0.000	20.8	48	9.4	19.8	8.86	1.1946	0.00	112	1	98.2	5
07/04/26	10:45	16.5	16.6	16.4	69	10.8	6.4	SE	0.54	14.5	SSE	16.5	16.1	16.1	---	1019.2	0.00	0.0	463	3.32	468	0.006	0.000	20.8	48	9.4	19.8	8.86	1.1946	0.00	117	1	100.0	5
07/04/26	10:50	16.8	16.8	16.6	69	11.1	6.4	SE	0.54	16.1	ESE	16.8	16.4	16.4	---	1019.2	0.00	0.0	473	3.39	478	0.005	0.000	20.8	48	9.4	19.8	8.86	1.1944	0.00	117	1	100.0	5
07/04/26	10:55	17.0	17.0	16.8	68	11.0	6.4	SSE	0.54	12.9	SE	17.0	16.6	16.6	---	1019.1	0.00	0.0	485	3.48	489	0.005	0.000	20.8	48	9.4	19.8	8.86	1.1943	0.00	115	1	100.0	5
07/04/26	11:00	17.2	17.2	17.0	68	11.2	6.4	SE	0.54	16.1	SE	17.2	16.8	16.8	---	1019.1	0.00	0.0	496	3.56	501	0.004	0.000	20.8	48	9.4	19.8	8.86	1.1943	0.28	113	1	99.1	5
07/04/26	11:05	17.5	17.5	17.2	67	11.3	6.4	SE	0.54	14.5	ESE	17.5	17.2	17.2	---	1019.2	0.00	0.0	508	3.64	513	0.003	0.000	20.9	48	9.5	19.9	8.86	1.1941	0.00	110	1	96.5	5
07/04/26	11:10	17.7	17.7	17.5	67	11.5	4.8	SE	0.40	14.5	SE	17.7	17.4	17.4	---	1019.2	0.00	0.0	518	3.71	524	0.002	0.000	20.9	48	9.5	19.9	8.86	1.1941	0.00	117	1	100.0	5
07/04/26	11:15	18.1	18.1	17.7	65	11.4	4.8	SE	0.40	16.1	SE	18.1	17.8	17.8	---	1019.3	0.00	0.0	529	3.79	533	0.001	0.000	20.9	48	9.5	19.9	8.86	1.1942	0.00	117	1	100.0	5
07/04/26	11:20	18.3	18.3	18.1	65	11.6	3.2	ESE	0.27	6.4	SE	18.3	18.0	18.0	---	1019.4	0.00	0.0	538	3.86	541	0.000	0.000	20.9	48	9.5	19.9	8.86	1.1943	0.00	117	1	100.0	5
07/04/26	11:25	18.4	18.5	18.3	64	11.5	4.8	SSE	0.40	12.9	SSE	18.4	18.1	18.1	---	1019.5	0.00	0.0	546	3.91	550	0.000	0.000	20.9	48	9.5	19.9	8.86	1.1942	0.00	116	1	100.0	5
07/04/26	11:30	18.5	18.5	18.4	65	11.8	4.8	ESE	0.40	11.3	ESE	18.5	18.2	18.2	---	1019.3	0.00	0.0	555	3.98	557	0.000	0.001	20.9	48	9.5	19.9	8.86	1.1940	0.00	83	1	72.8	5
07/04/26	11:35	---	---	---	65	---	0.0	---	0.00	0.0	---	---	---	---	---	1019.2	0.00	0.0	557	3.99	557	---	---	21.2	48	9.8	20.2	8.85	1.1925	0.00	0	1	0.0	5
07/04/26	11:40	---	---	---	65	---	3.2	SE	0.27	3.2	SE	---	---	---	---	1019.2	0.00	0.0	557	3.99	557	---	---	21.4	48	9.9	20.4	8.86	1.1917	0.00	1	1	0.9	5
07/04/26	11:45	---	---	---	65	---	0.0	---	0.00	0.0	---	---	---	---	---	1019.0	0.00	0.0	557	3.99	557	---	---	21.6	48	10.1	20.8	8.87	1.1904	0.00	0	1	0.0	5
07/04/26	11:50	---	---	---	---	---	0.0	---	0.00	0.0	---	---	---	---	---	1019.1	0.00	0.0	---	---	---	---	---	21.6	48	10.1	20.7	8.87	1.1907	0.00	0	1	0.0	5
07/04/26	11:55	---	---	---	---	---	0.0	---	0.00	0.0	---	---	---	---	---	1019.0	0.00	0.0	---	---	---	---	---	21.5	48	10.0	20.6	8.86	1.1909	0.00	0	1	0.0	5
07/04/26	12:00	---	---	---	---	---	0.0	---	0.00	0.0	---	---	---	---	---	1019.0	0.00	0.0	---	---	---	---	---	21.5	49	10.3	20.7	9.05	1.1906	0.00	0	1	0.0	5
07/04/26	12:05	---	---	---	---	---	0.0	---	0.00	0.0	---	---	---	---	---	1019.0	0.00	0.0	---	---	---	---	---	21.6	49	10.4	20.8	9.05	1.1901	0.00	0	1	0.0	5
07/04/26	12:10	---	---	---	---	---	0.0	---	0.00	0.0	---	---	---	---	---	1019.0	0.00	0.0	---	---	---	---	---	21.6	49	10.4	20.8	9.05	1.1901	0.00	0	1	0.0	5
07/04/26	12:15	---	---	---	---	---	0.0	---	0.00	0.0	---	---	---	---	---	1018.9	0.00	0.0	---	---	---	---	---	21.7	49	10.5	20.9	9.05	1.1896	0.00	0	1	0.0	5
07/04/26	12:20	---	---	---	---	---	0.0	---	0.00	0.0	---	---	---	---	---	1018.9	0.00	0.0	---	---	---	---	---	21.7	49	10.5	20.9	9.05	1.1893	0.00	0	1	0.0	5
07/04/26	12:25	---	---	---	---	---	0.0	---	0.00	0.0	---	---	---	---	---	1018.7	0.00	0.0	---	---	---	---	---	21.8	49	10.6	21.1	9.05	1.1886	0.00	0	1	0.0	5
07/04/26	12:30	---	---	---	---	---	0.0	---	0.00	0.0	---	---	---	---	---	1018.8	0.00	0.0	---	---	---	---	---	21.8	49	10.6	21.1	9.05	1.1886	0.00	0	1	0.0	5
07/04/26	12:35	---	---	---	---	---	0.0	---	0.00	0.0	---	---	---	---	---	1018.8	0.00	0.0	---	---	---	---	---	21.8	49	10.6	21.1	9.05	1.1887	0.00	0	1	0.0	5
07/04/26	12:40	21.9	21.9	21.8	54	12.2	4.8	SE	0.40	16.1	SSE	21.9	21.4	21.4	---	1018.7	0.00	0.0	664	4.76	664	0.000	0.012	21.9	49	10.7	21.3	9.05	1.1880	0.00	29	1	25.4	5
07/04/26	12:45	22.1	22.1	21.9	54	12.3	4.8	SSE	0.40	11.3	ESE	22.1	21.7	21.7	---	1018.7	0.00	0.0	664	4.76	664	0.000	0.013	21.9	49	10.7	21.3	9.05	1.1880	0.00	23	1	20.2	5
07/04/26	12:50	22.1	22.1	22.1	54	12.3	3.2	ESE	0.27	3.2	ESE	22.1	21.7	21.7	---	1018.7	0.00	0.0	664	4.76	664	0.000	0.013	22.2	49	10.9	21.6	9.05	1.1869	0.00	3	1	2.6	5
07/04/26	12:55	---	---	---	54	---	0.0	---	0.00	0.0	---	---	---	---	---	1018.6	0.00	0.0	664	4.76	664	---	---	22.4	48	10.9	21.9	8.90	1.1858	0.00	0	1	0.0	5
07/04/26	13:00	---	---	---	---	---	0.0	---	0.00	0.0	---	---	---	---	---	1018.6	0.00	0.0	---	---	---	---	---	22.4	48	10.8	21.8	8.90	1.1860	0.00	0	1	0.0	5
07/04/26	13:05	---	---	---	---	---	0.0	---	0.00	0.0	---	---	---	---	---	1018.6	0.00	0.0	---	---	---	---	---	22.2	48	10.7	21.6	8.89	1.1868	0.00	0	1	0.0	5
07/04/26	13:10	---	---	---	---	---	0.0	---	0.00	0.0	---	---	---	---	---	1018.5	0.00	0.0	---	---	---	---	---	22.2	48	10.6	21.6	8.89	1.1870	0.00	0	1	0.0	5
07/04/26	13:15	23.1	23.1	22.9	53	13.0	6.4	ESE	0.54	12.9	ESE	23.1	23.0	23.0	---	1018.4	0.00	0.0	703	5.04	703	0.000	0.016	22.2	48	10.6	21.6	8.89	1.1869	0.00	39	1	34.2	5
07/04/26	13:20	23.4	23.4	23.1	52	13.0	4.8	SE	0.40	11.3	ESE	23.4	23.4	23.4	---	1018.4	0.00	0.0	702	5.03	703	0.000	0.018	22.1	48	10.6	21.4	8.89	1.1871	0.00	88	1	77.2	5
07/04/26	13:25	23.6	23.6	23.5	51	12.8	8.0	ESE	0.67	16.1	E	23.6	23.5	23.5	---	1018.4	0.00	0.0	705	5.05	707	0.000	0.018	22.1	48	10.5	21.4	8.88	1.1874	0.00	83	1	72.8	5
07/04/26	13:30	23.7	23.7	23.6	51	13.0	6.4	ESE	0.54	17.7	ESE	23.7	23.7	23.7	---	1018.3	0.00	0.0	708	5.07	708	0.000	0.019	22.1	48	10.5	21.4	8.88	1.1873	0.00	84	1	73.7	5
07/04/26	13:35	24.0	24.0	23.8	50	12.9	8.0	SE	0.67	16.1	SE	24.0	23.9	23.9	---	1018.2	0.00	0.0	710	5.09	710	0.000	0.020	22.1	48	10.5	21.4	8.88	1.1872	0.00	76	1	66.7	5
07/04/26	13:40	24.3	24.3	24.0	49	12.9	6.4	SE	0.54	12.9	SE	24.3	24.2	24.2	---	1018.3	0.00	0.0	713	5.11	714	0.000	0.021	22.0	48	10.5	21.3	8.88	1.1875	0.00	75	1	65.8	5
07/04/26	13:45	24.3	24.3	24.3	49	12.9	8.0	SSE	0.67	17.7	ESE	24.3	24.2	24.2	---	1018.2	0.00	0.0	715	5.12	715	0.000	0.021	22.1	48	10.5	21.4	8.88	1.1872	0.00	60	1	52.6	5
07/04/26	13:50	24.8	24.8	24.4	48	13.0	3.2	SE	0.27	6.4	SSE	24.8	24.6	24.6	---	1018.3	0.00	0.0	715	5.12	715	0.000	0.022	22.1	48	10.5	21.4	8.88	1.1873	0.00	46	1	40.4	5
07/04/26	13:55	25.3	25.3	24.8	47	13.2	4.8	SSE	0.40	8.0	SE	25.3	25.1	25.1	---	1018.3	0.00	0.0	715	5.12	715	0.000	0.024	22.1	48	10.6	21.4	8.89	1.1871	0.00	34	1	29.8	5
07/04/26	14:00	25.3	25.3	25.3	47	13.2	6.4	SSE	0.54	11.3	SE	25.3	25.1	25.1	---	1018.3	0.00	0.0	715	5.12	715	0.000	0.024	22.2	48	10.7	21.6	8.89	1.1865	0.43	12	1	10.5	5
07/04/26	14:05	25.2	25.2	25.2	48	13.4	3.2	SE	0.27	14.5	S	25.2	25.0	25.0	---	1018.4	0.00	0.0	715	5.12	715	0.000	0.024	22.5	48	10.9	22.0	8.90	1.1852	0.00	14	1	12.3	5
07/04/26	14:10	24.9	25.2	24.9	48	13.1	9.7	SSE	0.80	17.7	SSE	24.9	24.7	24.7	---	1018.4	0.00	0.0	715	5.12	715	0.000	0.023	22.4	49	11.2	22.0	9.05	1.1851	0.00	47	1	41.2	5
07/04/26	14:15	24.8	24.8	24.7	49	13.3	8.0	SSE	0.67	19.3	SE	24.8	24.7	24.7	---	1018.4	0.00	0.0	714	5.12	714	0.000	0.022	22.6	49	11.3	22.2	9.05	1.1846	0.00	39	1	34.2	5
07/04/26	14:20	24.8	24.9	24.8	49	13.4	8.0	ESE	0.67	14.5	ESE	24.8	24.7	24.7	---	1018.3	0.00	0.0	708	5.07	708	0.000	0.023	22.7	49	11.4	22.3	9.05	1.1839	0.00	43	1	37.7	5
07/04/26	14:25	25.3	25.3	24.8	48	13.5	4.8	SSE	0.40	11.3	E	25.3	25.1	25.1	---	1018.3	0.00	0.0	708	5.07	708	0.000	0.024	22.8	49	11.6	22.5	9.05	1.1832	0.00	30	1	26.3	5
07/04/26	14:30	---	---	---	48	---	9.7	SSE	0.80	9.7	SSE	---	---	---	---	1018.2	0.00	0.0	708	5.07	708	---	---	22.9	49	11.7	22.7	9.05	1.1824	0.00	1	1	0.9	5
07/04/26	14:35	---	---	---	48	---	0.0	---	0.00	0.0	---	---	---	---	---	1018.1	0.00	0.0	708	5.07	708	---	---	23.2	48	11.6	22.9	8.93	1.1813	0.00	0	1	0.0	5
07/04/26	14:40	---	---	---	---	---	0.0	---	0.00	0.0	---	---	---	---	---	1018.3	0.00	0.0	---	---	---	---	---	23.2	48	11.6	22.9	8.93	1.1815	0.00	0	1	0.0	5
07/04/26	14:45	---	---	---	---	---	0.0	---	0.00	0.0	---	---	---	---	---	1018.2	0.00	0.0	---	---	---	---	---	23.2	49	11.9	22.9	9.05	1.1814	0.00	0	1	0.0	5
07/04/26	14:50	---	---	---	---	---	0.0	---	0.00	0.0	---	---	---	---	---	1018.3	0.00	0.0	---	---	---	---	---	23.1	49	11.8	22.9	9.05	1.1817	0.00	0	1	0.0	5
07/04/26	14:55	---	---	---	---	---	0.0	---	0.00	0.0	---	---	---	---	---	1018.2	0.00	0.0	---	---	---	---	---	23.3	48	11.6	23.1	8.93	1.1811	0.00	0	1	0.0	5
07/04/26	15:00	---	---	---	---	---	0.0	---	0.00	0.0	---	---	---	---	---	1018.3	0.00	0.0	---	---	---	---	---	23.2	48	11.6	22.9	8.93	1.1815	0.00	0	1	0.0	5
07/04/26	15:05	---	---	---	---	---	0.0	---	0.00	0.0	---	---	---	---	---	1018.1	0.00	0.0	---	---	---	---	---	23.2	48	11.6	22.9	8.93	1.1813	0.00	0	1	0.0	5
07/04/26	15:10	---	---	---	---	---	0.0	---	0.00	0.0	---	---	---	---	---	1018.1	0.00	0.0	---	---	---	---	---	23.2	48	11.5	22.9	8.92	1.1816	0.00	0	1	0.0	5
07/04/26	15:15	---	---	---	---	---	0.0	---	0.00	0.0	---	---	---	---	---	1018.2	0.00	0.0	---	---	---	---	---	23.3	48	11.6	23.1	8.93	1.1811	0.00	0	1	0.0	5
07/04/26	15:20	---	---	---	---	---	0.0	---	0.00	0.0	---	---	---	---	---	1018.2	0.00	0.0	---	---	---	---	---	23.3	48	11.6	23.1	8.93	1.1812	0.00	0	1	0.0	5
07/04/26	15:25	---	---	---	---	---	0.0	---	0.00	0.0	---	---	---	---	---	1018.1	0.00	0.0	---	---	---	---	---	23.3	48	11.7	23.1	8.93	1.1808	0.00	0	1	0.0	5
07/04/26	15:30	---	---	---	---	---	0.0	---	0.00	0.0	---	---	---	---	---	1018.1	0.00	0.0	---	---	---	---	---	23.4	48	11.8	23.2	8.93	1.1802	0.00	0	1	0.0	5
07/04/26	15:35	---	---	---	---	---	0.0	---	0.00	0.0	---	---	---	---	---	1018.2	0.00	0.0	---	---	---	---	---	23.4	48	11.8	23.2	8.93	1.1803	0.00	0	1	0.0	5
07/04/26	15:40	---	---	---	---	---	0.0	---	0.00	0.0	---	---	---	---	---	1018.0	0.00	0.0	---	---	---	---	---	23.4	48	11.8	23.2	8.93	1.1801	0.00	0	1	0.0	5
07/04/26	15:45	---	---	---	---	---	0.0	---	0.00	0.0	---	---	---	---	---	1018.1	0.00	0.0	---	---	---	---	---	23.6	48	11.9	23.3	8.94	1.1796	0.00	0	1	0.0	5
07/04/26	15:50	---	---	---	---	---	0.0	---	0.00	0.0	---	---	---	---	---	1017.9	0.00	0.0	---	---	---	---	---	23.6	48	11.9	23.3	8.94	1.1794	0.00	0	1	0.0	5
07/04/26	15:55	---	---	---	---	---	0.0	---	0.00	0.0	---	---	---	---	---	1018.0	0.00	0.0	---	---	---	---	---	23.6	48	11.9	23.3	8.94	1.1795	0.00	0	1	0.0	5
07/04/26	16:00	---	---	---	---	---	0.0	---	0.00	0.0	---	---	---	---	---	1018.0	0.00	0.0	---	---	---	---	---	23.6	48	11.9	23.3	8.94	1.1795	0.00	0	1	0.0	5
07/04/26	16:05	---	---	---	---	---	0.0	---	0.00	0.0	---	---	---	---	---	1017.9	0.00	0.0	---	---	---	---	---	23.6	48	11.9	23.3	8.94	1.1794	0.00	0	1	0.0	5
07/04/26	16:10	---	---	---	---	---	0.0	---	0.00	0.0	---	---	---	---	---	1017.9	0.00	0.0	---	---	---	---	---	23.6	48	11.9	23.3	8.94	1.1794	0.00	0	1	0.0	5
07/04/26	16:15	---	---	---	---	---	0.0	---	0.00	0.0	---	---	---	---	---	1018.0	0.00	0.0	---	---	---	---	---	23.6	48	12.0	23.4	8.94	1.1792	0.00	0	1	0.0	5
07/04/26	16:20	---	---	---	---	---	0.0	---	0.00	0.0	---	---	---	---	---	1018.0	0.00	0.0	---	---	---	---	---	23.8	47	11.8	23.6	8.75	1.1785	0.00	0	1	0.0	5
07/04/26	16:25	---	---	---	---	---	0.0	---	0.00	0.0	---	---	---	---	---	1017.9	0.00	0.0	---	---	---	---	---	23.7	47	11.7	23.5	8.75	1.1789	0.00	0	1	0.0	5
07/04/26	16:30	---	---	---	---	---	0.0	---	0.00	0.0	---	---	---	---	---	1017.9	0.00	0.0	---	---	---	---	---	23.7	47	11.7	23.5	8.75	1.1789	0.00	0	1	0.0	5
07/04/26	16:35	---	---	---	---	---	0.0	---	0.00	0.0	---	---	---	---	---	1017.9	0.00	0.0	---	---	---	---	---	23.8	47	11.8	23.6	8.75	1.1786	0.00	0	1	0.0	5
07/04/26	16:40	---	---	---	---	---	0.0	---	0.00	0.0	---	---	---	---	---	1017.9	0.00	0.0	---	---	---	---	---	23.8	48	12.2	23.7	8.95	1.1780	0.00	0	1	0.0	5
07/04/26	16:45	---	---	---	---	---	0.0	---	0.00	0.0	---	---	---	---	---	1017.9	0.00	0.0	---	---	---	---	---	23.8	48	12.2	23.7	8.95	1.1780	0.00	0	1	0.0	5
07/04/26	16:50	---	---	---	---	---	0.0	---	0.00	0.0	---	---	---	---	---	1017.9	0.00	0.0	---	---	---	---	---	23.9	48	12.2	23.7	8.95	1.1777	0.00	0	1	0.0	5
07/04/26	16:55	---	---	---	---	---	0.0	---	0.00	0.0	---	---	---	---	---	1017.6	0.00	0.0	---	---	---	---	---	23.9	48	12.3	23.8	8.95	1.1771	0.00	0	1	0.0	5
07/04/26	17:00	---	---	---	---	---	0.0	---	0.00	0.0	---	---	---	---	---	1017.5	0.00	0.0	---	---	---	---	---	24.0	48	12.3	23.8	8.95	1.1768	0.00	0	1	0.0	5
07/04/26	17:05	---	---	---	---	---	0.0	---	0.00	0.0	---	---	---	---	---	1017.6	0.00	0.0	---	---	---	---	---	24.0	48	12.3	23.8	8.95	1.1769	0.00	0	1	0.0	5
07/04/26	17:10	---	---	---	---	---	0.0	---	0.00	0.0	---	---	---	---	---	1017.6	0.00	0.0	---	---	---	---	---	24.2	47	12.1	23.9	8.74	1.1764	0.00	0	1	0.0	5
07/04/26	17:15	---	---	---	---	---	0.0	---	0.00	0.0	---	---	---	---	---	1017.6	0.00	0.0	---	---	---	---	---	24.1	47	12.1	23.9	8.74	1.1767	0.00	0	1	0.0	5
07/04/26	17:20	---	---	---	---	---	0.0	---	0.00	0.0	---	---	---	---	---	1017.5	0.00	0.0	---	---	---	---	---	24.1	47	12.1	23.9	8.74	1.1766	0.00	0	1	0.0	5
07/04/26	17:25	---	---	---	---	---	0.0	---	0.00	0.0	---	---	---	---	---	1017.6	0.00	0.0	---	---	---	---	---	24.1	48	12.4	23.9	8.94	1.1763	0.00	0	1	0.0	5
07/04/26	17:30	---	---	---	---	---	0.0	---	0.00	0.0	---	---	---	---	---	1017.6	0.00	0.0	---	---	---	---	---	24.2	47	12.1	23.9	8.74	1.1764	0.00	0	1	0.0	5
07/04/26	17:35	---	---	---	---	---	0.0	---	0.00	0.0	---	---	---	---	---	1017.7	0.00	0.0	---	---	---	---	---	24.2	47	12.1	23.9	8.74	1.1765	0.00	0	1	0.0	5
07/04/26	17:40	---	---	---	---	---	0.0	---	0.00	0.0	---	---	---	---	---	1017.7	0.00	0.0	---	---	---	---	---	24.2	48	12.5	24.0	8.94	1.1761	0.00	0	1	0.0	5
07/04/26	17:45	---	---	---	---	---	0.0	---	0.00	0.0	---	---	---	---	---	1017.7	0.00	0.0	---	---	---	---	---	24.3	48	12.6	24.1	8.94	1.1756	0.00	0	1	0.0	5
07/04/26	17:50	---	---	---	---	---	0.0	---	0.00	0.0	---	---	---	---	---	1017.6	0.00	0.0	---	---	---	---	---	24.3	48	12.6	24.1	8.94	1.1755	0.00	0	1	0.0	5
07/04/26	17:55	---	---	---	---	---	0.0	---	0.00	0.0	---	---	---	---	---	1017.7	0.00	0.0	---	---	---	---	---	24.3	48	12.6	24.1	8.94	1.1756	0.00	0	1	0.0	5
07/04/26	18:00	28.4	28.4	28.3	42	14.3	3.2	SW	0.27	8.0	SW	28.4	28.1	28.1	---	1017.7	0.00	0.0	369	2.64	369	0.000	0.035	24.3	48	12.6	24.1	8.94	1.1756	0.38	42	1	36.8	5
07/04/26	18:05	28.3	28.5	28.3	42	14.2	4.8	SSE	0.40	12.9	SE	28.3	27.9	27.9	---	1017.6	0.00	0.0	361	2.59	366	0.000	0.035	24.2	48	12.5	24.1	8.94	1.1758	0.00	113	1	99.1	5
07/04/26	18:10	28.1	28.4	28.1	42	13.9	8.0	SSE	0.67	16.1	SSE	28.1	27.7	27.7	---	1017.7	0.00	0.0	345	2.47	353	0.000	0.034	24.2	48	12.5	24.0	8.94	1.1762	0.00	115	1	100.0	5
07/04/26	18:15	27.7	28.0	27.7	42	13.6	4.8	S	0.40	11.3	S	27.7	27.3	27.3	---	1017.7	0.00	0.0	334	2.39	343	0.000	0.033	24.1	48	12.4	23.9	8.94	1.1767	0.00	115	1	100.0	5
07/04/26	18:20	27.8	27.8	27.7	43	14.1	3.2	S	0.27	9.7	S	27.8	27.5	27.5	---	1017.5	0.00	0.0	303	2.17	316	0.000	0.033	24.0	48	12.3	23.8	8.95	1.1767	0.00	117	1	100.0	5
07/04/26	18:25	27.7	27.8	27.7	43	14.0	4.8	SSE	0.40	12.9	S	27.7	27.3	27.3	---	1017.7	0.00	0.0	287	2.06	301	0.000	0.032	23.9	47	11.9	23.7	8.75	1.1779	0.00	114	1	100.0	5
07/04/26	18:30	27.6	27.7	27.6	43	13.9	4.8	S	0.40	11.3	S	27.6	27.2	27.2	---	1017.7	0.00	0.0	252	1.81	281	0.000	0.032	23.8	47	11.8	23.6	8.75	1.1782	0.00	112	1	98.2	5
07/04/26	18:35	27.6	27.6	27.6	43	13.9	4.8	S	0.40	9.7	SSE	27.6	27.2	27.2	---	1017.7	0.00	0.0	223	1.60	232	0.000	0.032	23.7	47	11.7	23.5	8.75	1.1787	0.00	115	1	100.0	5
07/04/26	18:40	27.6	27.6	27.6	42	13.5	3.2	S	0.27	11.3	SSE	27.6	27.2	27.2	---	1017.7	0.00	0.0	196	1.40	202	0.000	0.032	23.7	47	11.7	23.4	8.75	1.1789	0.00	117	1	100.0	5
07/04/26	18:45	27.4	27.6	27.4	43	13.8	3.2	SSW	0.27	11.3	S	27.4	27.1	27.1	---	1017.8	0.00	0.0	225	1.61	234	0.000	0.032	23.6	47	11.6	23.4	8.75	1.1793	0.00	116	1	100.0	5
07/04/26	18:50	27.5	27.6	27.4	44	14.2	3.2	SSW	0.27	8.0	SSE	27.5	27.2	27.2	---	1017.7	0.00	0.0	202	1.45	218	0.000	0.032	23.6	47	11.6	23.3	8.75	1.1796	0.00	116	1	100.0	5
07/04/26	18:55	27.3	27.5	27.3	43	13.6	4.8	S	0.40	9.7	SSE	27.3	26.8	26.8	---	1017.7	0.00	0.0	186	1.33	202	0.000	0.031	23.5	47	11.5	23.2	8.75	1.1798	0.00	116	1	100.0	5
07/04/26	19:00	27.3	27.3	27.2	44	14.0	1.6	S	0.13	6.4	SSW	27.3	27.0	27.0	---	1017.7	0.00	0.0	196	1.40	211	0.000	0.031	23.4	47	11.5	23.2	8.75	1.1801	0.23	114	1	100.0	5
07/04/26	19:05	27.4	27.5	27.3	43	13.8	1.6	S	0.13	6.4	SSE	27.4	27.1	27.1	---	1017.7	0.00	0.0	178	1.28	179	0.000	0.032	23.4	47	11.4	23.1	8.75	1.1804	0.00	116	1	100.0	5
07/04/26	19:10	27.4	27.5	27.4	43	13.8	1.6	SSW	0.13	4.8	SSW	27.4	27.1	27.1	---	1017.7	0.00	0.0	171	1.23	179	0.000	0.032	23.3	47	11.4	23.1	8.75	1.1806	0.00	117	1	100.0	5
07/04/26	19:15	27.4	27.5	27.3	43	13.7	3.2	S	0.27	4.8	S	27.4	27.0	27.0	---	1017.7	0.00	0.0	136	0.97	153	0.000	0.031	23.3	47	11.4	23.1	8.75	1.1806	0.00	117	1	100.0	5
07/04/26	19:20	27.2	27.4	27.2	43	13.5	3.2	S	0.27	4.8	S	27.2	26.7	26.7	---	1017.7	0.00	0.0	108	0.77	120	0.000	0.031	23.3	47	11.3	23.0	8.75	1.1809	0.00	116	1	100.0	5
07/04/26	19:25	27.2	27.2	27.1	43	13.5	1.6	S	0.13	4.8	SE	27.2	26.7	26.7	---	1017.8	0.00	0.0	131	0.94	134	0.000	0.031	23.2	47	11.3	22.9	8.75	1.1813	0.00	113	1	99.1	5
07/04/26	19:30	27.0	27.1	27.0	44	13.7	1.6	SSE	0.13	6.4	SSE	27.0	26.6	26.6	---	1017.9	0.00	0.0	116	0.83	132	0.000	0.030	23.2	47	11.3	22.9	8.75	1.1813	0.00	115	1	100.0	5
07/04/26	19:35	27.0	27.1	26.9	44	13.7	1.6	SW	0.13	6.4	SSE	27.0	26.6	26.6	---	1017.8	0.00	0.0	81	0.58	93	0.000	0.030	23.2	48	11.5	22.9	8.92	1.1812	0.00	117	1	100.0	5
07/04/26	19:40	26.8	27.0	26.8	44	13.6	1.6	SSW	0.13	4.8	SSW	26.8	26.4	26.4	---	1017.8	0.00	0.0	68	0.49	70	0.000	0.030	23.2	48	11.5	22.9	8.92	1.1812	0.00	116	1	100.0	5
07/04/26	19:45	26.6	26.8	26.6	45	13.7	1.6	SSW	0.13	3.2	SSW	26.6	26.3	26.3	---	1017.9	0.00	0.0	62	0.44	63	0.000	0.029	23.1	48	11.4	22.8	8.92	1.1819	0.00	117	1	100.0	5
07/04/26	19:50	26.4	26.6	26.4	46	13.9	1.6	SSW	0.13	3.2	SSW	26.4	26.2	26.2	---	1018.0	0.00	0.0	49	0.35	53	0.000	0.028	23.1	48	11.4	22.8	8.92	1.1820	0.00	114	1	100.0	5
07/04/26	19:55	26.3	26.4	26.3	46	13.7	1.6	SSW	0.13	3.2	SSW	26.3	26.0	26.0	---	1018.0	0.00	0.0	46	0.33	49	0.000	0.028	23.0	48	11.4	22.7	8.92	1.1823	0.00	114	1	100.0	5
07/04/26	20:00	26.1	26.3	26.1	46	13.6	0.0	SSW	0.00	3.2	SSW	26.1	25.8	25.8	---	1018.1	0.00	0.0	30	0.22	39	0.000	0.027	23.0	48	11.4	22.7	8.92	1.1824	0.08	117	1	100.0	5
07/04/26	20:05	25.9	26.1	25.9	47	13.7	0.0	SSW	0.00	1.6	SSW	25.9	25.7	25.7	---	1018.1	0.00	0.0	24	0.17	25	0.000	0.026	22.9	48	11.3	22.6	8.91	1.1830	0.00	117	1	100.0	5
07/04/26	20:10	25.8	25.9	25.7	47	13.6	0.0	---	0.00	0.0	---	25.8	25.6	25.6	---	1018.1	0.00	0.0	21	0.15	23	0.000	0.026	22.9	48	11.3	22.6	8.91	1.1829	0.00	117	1	100.0	5
07/04/26	20:15	25.6	25.8	25.6	48	13.8	0.0	---	0.00	0.0	---	25.6	25.4	25.4	---	1018.2	0.00	0.0	17	0.12	18	0.000	0.025	22.8	48	11.2	22.5	8.91	1.1834	0.00	115	1	100.0	5
07/04/26	20:20	25.4	25.6	25.4	48	13.6	0.0	---	0.00	0.0	---	25.4	25.3	25.3	---	1018.1	0.00	0.0	13	0.09	14	0.000	0.025	22.8	48	11.2	22.5	8.91	1.1832	0.00	115	1	100.0	5
07/04/26	20:25	25.3	25.4	25.3	49	13.8	0.0	---	0.00	0.0	---	25.3	25.2	25.2	---	1018.2	0.00	0.0	11	0.08	12	0.000	0.024	22.8	48	11.2	22.4	8.91	1.1836	0.00	117	1	100.0	5
07/04/26	20:30	25.1	25.3	25.1	49	13.6	0.0	---	0.00	0.0	---	25.1	24.9	24.9	---	1018.2	0.00	0.0	8	0.06	9	0.000	0.023	22.8	48	11.2	22.4	8.91	1.1836	0.00	117	1	100.0	5
07/04/26	20:35	24.9	25.1	24.8	50	13.8	0.0	---	0.00	0.0	---	24.9	24.8	24.8	---	1018.4	0.00	0.0	6	0.04	7	0.000	0.023	22.7	48	11.1	22.3	8.91	1.1841	0.00	117	1	100.0	5
07/04/26	20:40	24.7	24.9	24.7	51	13.9	0.0	---	0.00	0.0	---	24.7	24.7	24.7	---	1018.3	0.00	0.0	0	0.00	0	0.000	0.022	22.7	48	11.1	22.3	8.91	1.1840	0.00	116	1	100.0	5
07/04/26	20:45	24.6	24.7	24.6	51	13.8	0.0	---	0.00	0.0	---	24.6	24.6	24.6	---	1018.3	0.00	0.0	0	0.00	0	0.000	0.022	22.7	48	11.1	22.3	8.91	1.1843	0.00	114	1	100.0	5
07/04/26	20:50	24.4	24.6	24.4	52	13.9	0.0	---	0.00	0.0	---	24.4	24.4	24.4	---	1018.3	0.00	0.0	0	0.00	0	0.000	0.021	22.7	48	11.1	22.3	8.91	1.1843	0.00	117	1	100.0	5
07/04/26	20:55	24.2	24.4	24.2	53	14.0	0.0	---	0.00	0.0	---	24.2	24.3	24.3	---	1018.3	0.00	0.0	0	0.00	0	0.000	0.020	22.6	48	11.0	22.2	8.90	1.1845	0.00	117	1	100.0	5
07/04/26	21:00	23.9	24.2	23.9	53	13.8	0.0	---	0.00	0.0	---	23.9	24.0	24.0	---	1018.5	0.00	0.0	0	0.00	0	0.000	0.019	22.6	48	11.0	22.2	8.90	1.1847	0.03	117	1	100.0	5
07/04/26	21:05	23.7	23.9	23.7	54	13.8	0.0	---	0.00	0.0	---	23.7	23.7	23.7	---	1018.4	0.00	0.0	0	0.00	0	0.000	0.019	22.6	48	11.0	22.2	8.90	1.1847	0.00	115	1	100.0	5
07/04/26	21:10	23.3	23.6	23.3	54	13.5	0.0	---	0.00	0.0	---	23.3	23.3	23.3	---	1018.5	0.00	0.0	0	0.00	0	0.000	0.017	22.6	48	11.0	22.1	8.90	1.1851	0.00	114	1	100.0	5
07/04/26	21:15	23.2	23.3	23.1	55	13.6	0.0	---	0.00	0.0	---	23.2	23.2	23.2	---	1018.6	0.00	0.0	0	0.00	0	0.000	0.017	22.5	48	10.9	22.0	8.90	1.1855	0.00	114	1	100.0	5
07/04/26	21:20	22.9	23.1	22.9	55	13.4	0.0	---	0.00	0.0	---	22.9	22.9	22.9	---	1018.6	0.00	0.0	0	0.00	0	0.000	0.016	22.5	49	11.2	22.1	9.05	1.1852	0.00	114	1	100.0	5
07/04/26	21:25	22.8	22.9	22.8	55	13.3	0.0	---	0.00	0.0	---	22.8	22.8	22.8	---	1018.7	0.00	0.0	0	0.00	0	0.000	0.016	22.5	49	11.2	22.1	9.05	1.1852	0.00	117	1	100.0	5
07/04/26	21:30	22.7	22.8	22.7	56	13.4	0.0	---	0.00	0.0	---	22.7	22.6	22.6	---	1018.8	0.00	0.0	0	0.00	0	0.000	0.015	22.4	49	11.2	22.0	9.05	1.1856	0.00	117	1	100.0	5
07/04/26	21:35	22.6	22.7	22.6	56	13.3	0.0	---	0.00	0.0	---	22.6	22.4	22.4	---	1018.7	0.00	0.0	0	0.00	0	0.000	0.015	22.4	49	11.2	22.0	9.05	1.1856	0.00	115	1	100.0	5
07/04/26	21:40	22.3	22.6	22.3	57	13.4	0.0	---	0.00	0.0	---	22.3	22.2	22.2	---	1018.8	0.00	0.0	0	0.00	0	0.000	0.014	22.4	49	11.1	21.9	9.05	1.1859	0.00	113	1	99.1	5
07/04/26	21:45	22.2	22.4	22.2	57	13.2	0.0	---	0.00	0.0	---	22.2	21.9	21.9	---	1018.8	0.00	0.0	0	0.00	0	0.000	0.013	22.4	49	11.1	21.9	9.05	1.1860	0.00	117	1	100.0	5
07/04/26	21:50	22.0	22.2	22.0	58	13.4	0.0	---	0.00	0.0	---	22.0	21.8	21.8	---	1018.9	0.00	0.0	0	0.00	0	0.000	0.013	22.3	49	11.1	21.8	9.05	1.1863	0.00	117	1	100.0	5
07/04/26	21:55	21.9	22.1	21.9	58	13.3	0.0	---	0.00	0.0	---	21.9	21.6	21.6	---	1018.9	0.00	0.0	0	0.00	0	0.000	0.012	22.4	49	11.1	21.9	9.05	1.1861	0.00	117	1	100.0	5
07/04/26	22:00	21.7	21.9	21.7	59	13.4	0.0	---	0.00	0.0	---	21.7	21.4	21.4	---	1019.1	0.00	0.0	0	0.00	0	0.000	0.012	22.3	49	11.1	21.8	9.05	1.1866	0.03	116	1	100.0	5
07/04/26	22:05	21.5	21.7	21.5	60	13.4	0.0	---	0.00	0.0	---	21.5	21.2	21.2	---	1019.1	0.00	0.0	0	0.00	0	0.000	0.011	22.3	49	11.1	21.8	9.05	1.1866	0.00	114	1	100.0	5
07/04/26	22:10	21.3	21.5	21.3	61	13.5	0.0	SSW	0.00	1.6	SSW	21.3	21.0	21.0	---	1019.2	0.00	0.0	0	0.00	0	0.000	0.010	22.3	49	11.0	21.7	9.05	1.1870	0.00	116	1	100.0	5
07/04/26	22:15	20.4	21.2	20.4	64	13.4	1.6	SSW	0.13	3.2	SSW	20.4	20.4	20.4	---	1019.2	0.00	0.0	0	0.00	0	0.000	0.007	22.3	49	11.0	21.7	9.05	1.1870	0.00	117	1	100.0	5
07/04/26	22:20	20.3	20.4	20.3	65	13.5	0.0	NE	0.00	3.2	NE	20.3	20.3	20.3	---	1019.3	0.00	0.0	0	0.00	0	0.000	0.007	22.3	49	11.0	21.7	9.05	1.1871	0.00	117	1	100.0	5
07/04/26	22:25	20.3	20.4	20.3	65	13.5	0.0	---	0.00	0.0	---	20.3	20.3	20.3	---	1019.3	0.00	0.0	0	0.00	0	0.000	0.007	22.3	49	11.0	21.7	9.05	1.1870	0.00	117	1	100.0	5
07/04/26	22:30	20.3	20.3	20.3	65	13.5	0.0	---	0.00	0.0	---	20.3	20.3	20.3	---	1019.2	0.00	0.0	0	0.00	0	0.000	0.007	22.2	49	11.0	21.7	9.05	1.1872	0.00	115	1	100.0	5
07/04/26	22:35	20.2	20.3	20.2	65	13.4	0.0	---	0.00	0.0	---	20.2	20.2	20.2	---	1019.3	0.00	0.0	0	0.00	0	0.000	0.007	22.2	49	11.0	21.7	9.05	1.1873	0.00	115	1	100.0	5
07/04/26	22:40	20.2	20.3	20.2	65	13.4	0.0	---	0.00	0.0	---	20.2	20.2	20.2	---	1019.3	0.00	0.0	0	0.00	0	0.000	0.007	22.2	49	11.0	21.7	9.05	1.1874	0.00	116	1	100.0	5
07/04/26	22:45	20.1	20.2	20.1	65	13.3	0.0	---	0.00	0.0	---	20.1	20.1	20.1	---	1019.4	0.00	0.0	0	0.00	0	0.000	0.006	22.2	49	11.0	21.7	9.05	1.1875	0.00	117	1	100.0	5
07/04/26	22:50	20.1	20.2	20.1	65	13.3	0.0	---	0.00	0.0	---	20.1	20.1	20.1	---	1019.4	0.00	0.0	0	0.00	0	0.000	0.006	22.2	49	11.0	21.7	9.05	1.1875	0.00	117	1	100.0	5
07/04/26	22:55	20.0	20.1	20.0	65	13.2	0.0	---	0.00	0.0	---	20.0	19.9	19.9	---	1019.4	0.00	0.0	0	0.00	0	0.000	0.006	22.2	49	10.9	21.6	9.05	1.1878	0.00	116	1	100.0	5
07/04/26	23:00	19.8	20.1	19.8	67	13.5	0.0	---	0.00	0.0	---	19.8	19.8	19.8	---	1019.5	0.00	0.0	0	0.00	0	0.000	0.005	22.2	49	10.9	21.6	9.05	1.1879	0.00	114	1	100.0	5
07/04/26	23:05	19.1	19.8	19.1	69	13.3	1.6	NE	0.13	1.6	NE	19.1	19.1	19.1	---	1019.6	0.00	0.0	0	0.00	0	0.000	0.003	22.2	49	10.9	21.6	9.05	1.1880	0.00	117	1	100.0	5
07/04/26	23:10	18.8	19.1	18.8	71	13.5	0.0	NNE	0.00	1.6	NE	18.8	18.8	18.8	---	1019.7	0.00	0.0	0	0.00	0	0.000	0.002	22.2	49	10.9	21.6	9.05	1.1881	0.00	117	1	100.0	5
07/04/26	23:15	18.7	18.8	18.7	72	13.5	0.0	NNE	0.00	6.4	NE	18.7	18.7	18.7	---	1019.7	0.00	0.0	0	0.00	0	0.000	0.001	22.1	49	10.9	21.5	9.05	1.1883	0.00	117	1	100.0	5
07/04/26	23:20	18.1	18.7	18.1	73	13.2	3.2	NE	0.27	6.4	NE	18.1	18.1	18.1	---	1019.7	0.00	0.0	0	0.00	0	0.001	0.000	22.1	49	10.9	21.5	9.05	1.1884	0.00	117	1	100.0	5
07/04/26	23:25	18.1	18.1	18.1	73	13.2	0.0	ENE	0.00	3.2	ENE	18.1	18.1	18.1	---	1019.7	0.00	0.0	0	0.00	0	0.001	0.000	22.1	49	10.9	21.5	9.05	1.1883	0.00	115	1	100.0	5
07/04/26	23:30	18.1	18.1	18.1	72	13.0	0.0	---	0.00	0.0	---	18.1	18.0	18.0	---	1019.7	0.00	0.0	0	0.00	0	0.001	0.000	22.1	49	10.9	21.5	9.05	1.1884	0.00	115	1	100.0	5
07/04/26	23:35	18.1	18.2	18.1	71	12.8	0.0	---	0.00	0.0	---	18.1	17.9	17.9	---	1019.8	0.00	0.0	0	0.00	0	0.001	0.000	22.1	49	10.9	21.5	9.05	1.1885	0.00	115	1	100.0	5
07/04/26	23:40	18.2	18.2	18.1	71	12.9	0.0	---	0.00	0.0	---	18.2	18.1	18.1	---	1019.7	0.00	0.0	0	0.00	0	0.000	0.000	22.1	49	10.9	21.5	9.05	1.1884	0.00	117	1	100.0	5
07/04/26	23:45	18.2	18.3	18.2	70	12.7	0.0	ENE	0.00	1.6	ENE	18.2	18.1	18.1	---	1019.8	0.00	0.0	0	0.00	0	0.000	0.000	22.1	49	10.9	21.5	9.05	1.1885	0.00	117	1	100.0	5
07/04/26	23:50	18.3	18.3	18.2	69	12.5	0.0	---	0.00	0.0	---	18.3	18.1	18.1	---	1019.8	0.00	0.0	0	0.00	0	0.000	0.000	22.1	49	10.9	21.5	9.05	1.1885	0.00	116	1	100.0	5
07/04/26	23:55	18.2	18.3	18.2	68	12.2	0.0	E	0.00	1.6	E	18.2	18.0	18.0	---	1019.8	0.00	0.0	0	0.00	0	0.000	0.000	22.1	49	10.8	21.4	9.05	1.1888	0.00	115	1	100.0	5
08/04/26	00:00	18.4	18.4	18.2	67	12.1	0.0	E	0.00	3.2	E	18.4	18.1	18.1	---	1019.8	0.00	0.0	0	0.00	0	0.000	0.000	22.1	49	10.8	21.4	9.05	1.1888	0.00	115	1	100.0	5
08/04/26	0:05	18.6	18.6	18.4	67	12.3	0.0	---	0.00	0.0	---	18.6	18.3	18.3	---	1019.8	0.00	0.0	0	0.00	0	0.000	0.001	22.1	49	10.8	21.4	9.05	1.1888	0.00	71	1	62.3	5
08/04/26	0:10	18.5	18.6	18.5	67	12.3	0.0	---	0.00	0.0	---	18.5	18.3	18.3	---	1019.9	0.00	0.0	0	0.00	0	0.000	0.001	22.1	49	10.8	21.4	9.05	1.1889	0.00	117	1	100.0	5
08/04/26	0:15	18.4	18.6	18.4	68	12.4	0.0	---	0.00	0.0	---	18.4	18.2	18.2	---	1019.9	0.00	0.0	0	0.00	0	0.000	0.000	22.1	49	10.8	21.4	9.05	1.1889	0.00	117	1	100.0	5
08/04/26	0:20	18.3	18.4	18.3	68	12.3	0.0	---	0.00	0.0	---	18.3	18.1	18.1	---	1019.9	0.00	0.0	0	0.00	0	0.000	0.000	22.1	49	10.8	21.4	9.05	1.1889	0.00	116	1	100.0	5
08/04/26	0:25	18.4	18.4	18.3	68	12.4	0.0	---	0.00	0.0	---	18.4	18.2	18.2	---	1020.0	0.00	0.0	0	0.00	0	0.000	0.000	22.1	49	10.8	21.4	9.05	1.1890	0.00	113	1	99.1	5
08/04/26	0:30	18.4	18.4	18.4	68	12.4	0.0	---	0.00	0.0	---	18.4	18.2	18.2	---	1020.1	0.00	0.0	0	0.00	0	0.000	0.000	22.1	49	10.8	21.4	9.05	1.1891	0.00	117	1	100.0	5
08/04/26	0:35	18.5	18.5	18.4	67	12.3	0.0	---	0.00	0.0	---	18.5	18.3	18.3	---	1020.0	0.00	0.0	0	0.00	0	0.000	0.001	22.0	49	10.8	21.3	9.05	1.1892	0.00	117	1	100.0	5
08/04/26	0:40	18.6	18.6	18.5	67	12.3	0.0	---	0.00	0.0	---	18.6	18.3	18.3	---	1020.0	0.00	0.0	0	0.00	0	0.000	0.001	22.0	49	10.8	21.3	9.05	1.1893	0.00	117	1	100.0	5
08/04/26	0:45	18.7	18.7	18.5	67	12.4	0.0	---	0.00	0.0	---	18.7	18.4	18.4	---	1020.0	0.00	0.0	0	0.00	0	0.000	0.001	21.9	49	10.7	21.3	9.05	1.1896	0.00	117	1	100.0	5
08/04/26	0:50	18.7	18.8	18.6	66	12.2	0.0	---	0.00	0.0	---	18.7	18.5	18.5	---	1020.0	0.00	0.0	0	0.00	0	0.000	0.001	22.0	49	10.8	21.3	9.05	1.1893	0.00	114	1	100.0	5
08/04/26	0:55	18.9	18.9	18.8	65	12.2	0.0	---	0.00	0.0	---	18.9	18.7	18.7	---	1020.0	0.00	0.0	0	0.00	0	0.000	0.002	21.9	49	10.7	21.3	9.05	1.1896	0.00	115	1	100.0	5
08/04/26	1:00	19.1	19.1	18.9	64	12.1	0.0	ESE	0.00	1.6	ESE	19.1	18.9	18.9	---	1020.0	0.00	0.0	0	0.00	0	0.000	0.003	21.9	49	10.7	21.3	9.05	1.1896	0.00	117	1	100.0	5
08/04/26	1:05	19.3	19.3	19.1	64	12.3	0.0	---	0.00	0.0	---	19.3	19.1	19.1	---	1020.1	0.00	0.0	0	0.00	0	0.000	0.003	21.9	49	10.7	21.3	9.05	1.1896	0.00	117	1	100.0	5
08/04/26	1:10	19.3	19.3	19.3	63	12.1	0.0	---	0.00	0.0	---	19.3	19.0	19.0	---	1020.2	0.00	0.0	0	0.00	0	0.000	0.003	21.9	49	10.7	21.3	9.05	1.1898	0.00	117	1	100.0	5
08/04/26	1:15	19.2	19.3	19.2	64	12.2	0.0	---	0.00	0.0	---	19.2	19.0	19.0	---	1020.2	0.00	0.0	0	0.00	0	0.000	0.003	21.9	49	10.7	21.3	9.05	1.1897	0.00	116	1	100.0	5
08/04/26	1:20	18.8	19.2	18.8	65	12.1	0.0	---	0.00	0.0	---	18.8	18.6	18.6	---	1020.2	0.00	0.0	0	0.00	0	0.000	0.002	21.9	49	10.7	21.3	9.05	1.1898	0.00	112	1	98.2	5
08/04/26	1:25	18.3	18.8	18.3	66	11.9	0.0	---	0.00	0.0	---	18.3	18.1	18.1	---	1020.2	0.00	0.0	0	0.00	0	0.000	0.000	21.9	49	10.7	21.3	9.05	1.1898	0.00	116	1	100.0	5
08/04/26	1:30	17.9	18.3	17.9	68	11.9	0.0	---	0.00	0.0	---	17.9	17.6	17.6	---	1020.3	0.00	0.0	0	0.00	0	0.002	0.000	21.9	49	10.7	21.3	9.05	1.1899	0.00	117	1	100.0	5
08/04/26	1:35	17.6	17.8	17.6	69	11.9	0.0	---	0.00	0.0	---	17.6	17.3	17.3	---	1020.3	0.00	0.0	0	0.00	0	0.003	0.000	21.9	49	10.7	21.3	9.05	1.1899	0.00	116	1	100.0	5
08/04/26	1:40	17.3	17.6	17.3	70	11.8	0.0	---	0.00	0.0	---	17.3	17.1	17.1	---	1020.4	0.00	0.0	0	0.00	0	0.003	0.000	21.9	49	10.7	21.3	9.05	1.1900	0.00	117	1	100.0	5
08/04/26	1:45	17.2	17.3	17.2	70	11.6	0.0	---	0.00	0.0	---	17.2	16.9	16.9	---	1020.4	0.00	0.0	0	0.00	0	0.004	0.000	21.9	49	10.7	21.3	9.05	1.1900	0.00	115	1	100.0	5
08/04/26	1:50	16.9	17.2	16.9	71	11.6	0.0	---	0.00	0.0	---	16.9	16.6	16.6	---	1020.5	0.00	0.0	0	0.00	0	0.005	0.000	21.9	49	10.7	21.3	9.05	1.1901	0.00	115	1	100.0	5
08/04/26	1:55	16.7	16.9	16.7	72	11.6	0.0	---	0.00	0.0	---	16.7	16.4	16.4	---	1020.4	0.00	0.0	0	0.00	0	0.006	0.000	21.9	49	10.7	21.3	9.05	1.1900	0.00	117	1	100.0	5
08/04/26	2:00	16.5	16.7	16.5	72	11.4	0.0	---	0.00	0.0	---	16.5	16.2	16.2	---	1020.5	0.00	0.0	0	0.00	0	0.006	0.000	21.9	49	10.7	21.3	9.05	1.1901	0.00	117	1	100.0	5
08/04/26	2:05	16.3	16.5	16.3	73	11.4	0.0	---	0.00	0.0	---	16.3	16.0	16.0	---	1020.5	0.00	0.0	0	0.00	0	0.007	0.000	21.9	49	10.7	21.3	9.05	1.1902	0.00	116	1	100.0	5
08/04/26	2:10	16.2	16.3	16.1	74	11.5	0.0	---	0.00	0.0	---	16.2	15.9	15.9	---	1020.5	0.00	0.0	0	0.00	0	0.008	0.000	21.9	49	10.7	21.2	9.05	1.1904	0.00	118	1	100.0	5
08/04/26	2:15	15.9	16.1	15.9	75	11.5	0.0	---	0.00	0.0	---	15.9	15.7	15.7	---	1020.5	0.00	0.0	0	0.00	0	0.008	0.000	21.9	49	10.7	21.2	9.05	1.1904	0.00	114	1	100.0	5
08/04/26	2:20	15.8	15.9	15.8	76	11.6	0.0	---	0.00	0.0	---	15.8	15.6	15.6	---	1020.5	0.00	0.0	0	0.00	0	0.009	0.000	21.9	49	10.7	21.2	9.05	1.1904	0.00	113	1	99.1	5
08/04/26	2:25	15.8	15.8	15.8	76	11.6	0.0	---	0.00	0.0	---	15.8	15.6	15.6	---	1020.5	0.00	0.0	0	0.00	0	0.009	0.000	21.9	49	10.7	21.2	9.05	1.1904	0.00	117	1	100.0	5
08/04/26	2:30	15.7	15.8	15.7	76	11.5	0.0	---	0.00	0.0	---	15.7	15.5	15.5	---	1020.5	0.00	0.0	0	0.00	0	0.009	0.000	21.9	49	10.7	21.2	9.05	1.1904	0.00	116	1	100.0	5
08/04/26	2:35	15.5	15.7	15.5	77	11.5	0.0	---	0.00	0.0	---	15.5	15.3	15.3	---	1020.6	0.00	0.0	0	0.00	0	0.010	0.000	21.9	49	10.7	21.2	9.05	1.1905	0.00	117	1	100.0	5
08/04/26	2:40	15.2	15.5	15.2	78	11.4	0.0	---	0.00	0.0	---	15.2	15.0	15.0	---	1020.6	0.00	0.0	0	0.00	0	0.011	0.000	21.8	49	10.6	21.1	9.05	1.1908	0.00	117	1	100.0	5
08/04/26	2:45	15.0	15.2	15.0	79	11.4	0.0	---	0.00	0.0	---	15.0	14.8	14.8	---	1020.6	0.00	0.0	0	0.00	0	0.012	0.000	21.8	49	10.6	21.1	9.05	1.1908	0.00	114	1	100.0	5
08/04/26	2:50	14.9	15.0	14.9	80	11.5	0.0	---	0.00	0.0	---	14.9	14.8	14.8	---	1020.7	0.00	0.0	0	0.00	0	0.012	0.000	21.9	49	10.7	21.2	9.05	1.1906	0.00	115	1	100.0	5
08/04/26	2:55	14.8	14.9	14.8	80	11.4	0.0	---	0.00	0.0	---	14.8	14.7	14.7	---	1020.6	0.00	0.0	0	0.00	0	0.012	0.000	21.8	49	10.6	21.1	9.05	1.1908	0.00	117	1	100.0	5
08/04/26	3:00	14.8	14.8	14.8	80	11.4	0.0	---	0.00	0.0	---	14.8	14.7	14.7	---	1020.7	0.00	0.0	0	0.00	0	0.012	0.000	21.8	49	10.6	21.1	9.05	1.1909	0.00	117	1	100.0	5
08/04/26	3:05	14.8	14.8	14.8	80	11.4	0.0	---	0.00	0.0	---	14.8	14.7	14.7	---	1020.6	0.00	0.0	0	0.00	0	0.012	0.000	21.8	49	10.6	21.1	9.05	1.1908	0.00	117	1	100.0	5
08/04/26	3:10	14.7	14.8	14.7	80	11.3	0.0	---	0.00	0.0	---	14.7	14.6	14.6	---	1020.6	0.00	0.0	0	0.00	0	0.013	0.000	21.8	49	10.6	21.1	9.05	1.1908	0.00	117	1	100.0	5
08/04/26	3:15	14.7	14.8	14.7	80	11.3	0.0	---	0.00	0.0	---	14.7	14.6	14.6	---	1020.7	0.00	0.0	0	0.00	0	0.013	0.000	21.8	49	10.6	21.1	9.05	1.1909	0.00	115	1	100.0	5
08/04/26	3:20	14.6	14.7	14.6	80	11.1	0.0	---	0.00	0.0	---	14.6	14.4	14.4	---	1020.6	0.00	0.0	0	0.00	0	0.013	0.000	21.8	49	10.6	21.1	9.05	1.1908	0.00	115	1	100.0	5
08/04/26	3:25	14.4	14.6	14.4	81	11.2	0.0	---	0.00	0.0	---	14.4	14.2	14.2	---	1020.5	0.00	0.0	0	0.00	0	0.014	0.000	21.8	49	10.6	21.1	9.05	1.1907	0.00	116	1	100.0	5
08/04/26	3:30	14.4	14.4	14.3	82	11.4	0.0	---	0.00	0.0	---	14.4	14.3	14.3	---	1020.6	0.00	0.0	0	0.00	0	0.014	0.000	21.8	49	10.6	21.1	9.05	1.1908	0.00	117	1	100.0	5
08/04/26	3:35	14.4	14.4	14.4	81	11.2	0.0	---	0.00	0.0	---	14.4	14.2	14.2	---	1020.6	0.00	0.0	0	0.00	0	0.014	0.000	21.8	49	10.6	21.1	9.05	1.1908	0.00	117	1	100.0	5
08/04/26	3:40	14.4	14.4	14.3	81	11.2	0.0	---	0.00	0.0	---	14.4	14.2	14.2	---	1020.6	0.00	0.0	0	0.00	0	0.014	0.000	21.8	49	10.6	21.1	9.05	1.1908	0.00	117	1	100.0	5
08/04/26	3:45	14.3	14.4	14.3	81	11.1	1.6	ENE	0.13	4.8	ENE	14.3	14.2	14.2	---	1020.6	0.00	0.0	0	0.00	0	0.014	0.000	21.8	49	10.6	21.1	9.05	1.1908	0.00	114	1	100.0	5
08/04/26	3:50	14.4	14.4	14.3	81	11.2	3.2	ENE	0.27	6.4	NE	14.4	14.2	14.2	---	1020.6	0.00	0.0	0	0.00	0	0.014	0.000	21.8	49	10.6	21.1	9.05	1.1908	0.00	115	1	100.0	5
08/04/26	3:55	14.4	14.4	14.3	81	11.2	1.6	NE	0.13	6.4	NE	14.4	14.2	14.2	---	1020.5	0.00	0.0	0	0.00	0	0.014	0.000	21.8	49	10.6	21.1	9.05	1.1910	0.00	117	1	100.0	5
08/04/26	4:00	14.3	14.4	14.3	81	11.1	0.0	NE	0.00	4.8	ENE	14.3	14.2	14.2	---	1020.4	0.00	0.0	0	0.00	0	0.014	0.000	21.8	49	10.6	21.1	9.05	1.1906	0.00	117	1	100.0	5
08/04/26	4:05	14.3	14.3	14.3	81	11.1	3.2	NE	0.27	6.4	NE	14.3	14.1	14.1	---	1020.5	0.00	0.0	0	0.00	0	0.014	0.000	21.8	49	10.6	21.1	9.05	1.1909	0.00	117	1	100.0	5
08/04/26	4:10	14.2	14.3	14.2	81	11.0	3.2	NE	0.27	6.4	ENE	14.2	14.1	14.1	---	1020.4	0.00	0.0	0	0.00	0	0.014	0.000	21.8	49	10.6	21.1	9.05	1.1908	0.00	117	1	100.0	5
08/04/26	4:15	14.1	14.2	14.1	82	11.1	3.2	ENE	0.27	8.0	ENE	14.1	14.0	14.0	---	1020.5	0.00	0.0	0	0.00	0	0.015	0.000	21.8	49	10.6	21.1	9.05	1.1910	0.00	115	1	100.0	5
08/04/26	4:20	14.0	14.1	14.0	82	11.0	1.6	ENE	0.13	4.8	ENE	14.0	13.8	13.8	---	1020.4	0.00	0.0	0	0.00	0	0.015	0.000	21.8	49	10.6	21.1	9.05	1.1908	0.00	116	1	100.0	5
08/04/26	4:25	13.9	14.0	13.9	82	10.9	3.2	NE	0.27	6.4	ENE	13.9	13.7	13.7	---	1020.3	0.00	0.0	0	0.00	0	0.015	0.000	21.8	49	10.6	21.1	9.05	1.1907	0.00	117	1	100.0	5
08/04/26	4:30	13.8	13.9	13.8	83	10.9	0.0	NE	0.00	3.2	NE	13.8	13.7	13.7	---	1020.4	0.00	0.0	0	0.00	0	0.016	0.000	21.8	49	10.6	21.1	9.05	1.1909	0.00	117	1	100.0	5
08/04/26	4:35	13.8	13.8	13.7	83	10.9	0.0	---	0.00	0.0	---	13.8	13.7	13.7	---	1020.4	0.00	0.0	0	0.00	0	0.016	0.000	21.8	49	10.6	21.1	9.05	1.1908	0.00	117	1	100.0	5
08/04/26	4:40	13.7	13.7	13.7	83	10.8	0.0	---	0.00	0.0	---	13.7	13.6	13.6	---	1020.4	0.00	0.0	0	0.00	0	0.016	0.000	21.7	49	10.5	20.9	9.05	1.1911	0.00	117	1	100.0	5
08/04/26	4:45	13.6	13.7	13.5	83	10.7	0.0	---	0.00	0.0	---	13.6	13.4	13.4	---	1020.4	0.00	0.0	0	0.00	0	0.017	0.000	21.8	49	10.6	21.1	9.05	1.1908	0.00	115	1	100.0	5
08/04/26	4:50	13.4	13.5	13.4	84	10.8	1.6	NE	0.13	6.4	NE	13.4	13.3	13.3	---	1020.5	0.00	0.0	0	0.00	0	0.017	0.000	21.7	49	10.5	20.9	9.05	1.1912	0.00	114	1	100.0	5
08/04/26	4:55	13.3	13.4	13.3	84	10.7	1.6	NE	0.13	6.4	NE	13.3	13.2	13.2	---	1020.4	0.00	0.0	0	0.00	0	0.017	0.000	21.7	49	10.5	20.9	9.05	1.1911	0.00	116	1	100.0	5
08/04/26	5:00	13.3	13.3	13.3	84	10.7	1.6	NE	0.13	3.2	NE	13.3	13.2	13.2	---	1020.5	0.00	0.0	0	0.00	0	0.017	0.000	21.8	49	10.6	21.1	9.05	1.1909	0.00	116	1	100.0	5
08/04/26	5:05	13.2	13.3	13.2	84	10.6	0.0	NE	0.00	3.2	NE	13.2	13.1	13.1	---	1020.5	0.00	0.0	0	0.00	0	0.018	0.000	21.7	49	10.5	20.9	9.05	1.1912	0.00	117	1	100.0	5
08/04/26	5:10	13.1	13.2	13.1	85	10.6	1.6	NE	0.13	3.2	NE	13.1	13.0	13.0	---	1020.5	0.00	0.0	0	0.00	0	0.018	0.000	21.7	49	10.5	20.9	9.05	1.1912	0.00	116	1	100.0	5
08/04/26	5:15	13.0	13.1	13.0	85	10.5	1.6	NE	0.13	3.2	NE	13.0	12.9	12.9	---	1020.6	0.00	0.0	0	0.00	0	0.019	0.000	21.7	49	10.5	20.9	9.05	1.1913	0.00	115	1	100.0	5
08/04/26	5:20	12.9	13.0	12.9	85	10.4	0.0	NE	0.00	4.8	NE	12.9	12.8	12.8	---	1020.6	0.00	0.0	0	0.00	0	0.019	0.000	21.7	49	10.5	20.9	9.05	1.1913	0.00	113	1	99.1	5
08/04/26	5:25	12.8	12.9	12.8	86	10.5	0.0	NE	0.00	3.2	NE	12.8	12.8	12.8	---	1020.5	0.00	0.0	0	0.00	0	0.019	0.000	21.7	49	10.5	20.9	9.05	1.1912	0.00	118	1	100.0	5
08/04/26	5:30	12.9	12.9	12.8	86	10.6	0.0	NE	0.00	4.8	NE	12.9	12.8	12.8	---	1020.5	0.00	0.0	0	0.00	0	0.019	0.000	21.7	49	10.5	20.9	9.05	1.1913	0.00	116	1	100.0	5
08/04/26	5:35	12.8	12.9	12.8	86	10.5	0.0	NE	0.00	3.2	NE	12.8	12.8	12.8	---	1020.6	0.00	0.0	0	0.00	0	0.019	0.000	21.7	49	10.5	20.9	9.05	1.1914	0.00	117	1	100.0	5
08/04/26	5:40	12.9	12.9	12.8	86	10.6	1.6	NE	0.13	3.2	NNE	12.9	12.8	12.8	---	1020.8	0.00	0.0	0	0.00	0	0.019	0.000	21.7	49	10.5	20.9	9.05	1.1915	0.00	117	1	100.0	5
08/04/26	5:45	12.9	12.9	12.9	86	10.7	0.0	NE	0.00	1.6	NE	12.9	12.9	12.9	---	1020.9	0.00	0.0	0	0.00	0	0.019	0.000	21.7	49	10.5	20.9	9.05	1.1919	0.00	115	1	100.0	5
08/04/26	5:50	12.9	12.9	12.9	86	10.7	0.0	NE	0.00	1.6	NE	12.9	12.9	12.9	---	1020.8	0.00	0.0	0	0.00	0	0.019	0.000	21.7	49	10.5	20.9	9.05	1.1919	0.00	114	1	100.0	5
08/04/26	5:55	12.9	12.9	12.9	86	10.6	0.0	---	0.00	0.0	---	12.9	12.8	12.8	---	1020.8	0.00	0.0	0	0.00	0	0.019	0.000	21.7	49	10.5	20.9	9.05	1.1915	0.00	116	1	100.0	5
08/04/26	6:00	12.9	12.9	12.9	86	10.6	0.0	---	0.00	0.0	---	12.9	12.8	12.8	---	1020.7	0.00	0.0	0	0.00	0	0.019	0.000	21.7	49	10.5	20.9	9.05	1.1915	0.00	117	1	100.0	5
08/04/26	6:05	12.8	12.9	12.8	86	10.5	0.0	NE	0.00	1.6	NE	12.8	12.7	12.7	---	1020.7	0.00	0.0	0	0.00	0	0.019	0.000	21.7	49	10.5	20.9	9.05	1.1917	0.00	117	1	100.0	5
08/04/26	6:10	12.8	12.8	12.7	86	10.5	1.6	NE	0.13	4.8	ENE	12.8	12.7	12.7	---	1020.7	0.00	0.0	0	0.00	0	0.019	0.000	21.7	49	10.5	20.9	9.05	1.1915	0.00	117	1	100.0	5
08/04/26	6:15	12.7	12.8	12.7	86	10.4	1.6	NE	0.13	4.8	NE	12.7	12.6	12.6	---	1020.9	0.00	0.0	0	0.00	0	0.020	0.000	21.7	49	10.5	20.9	9.05	1.1919	0.00	116	1	100.0	5
08/04/26	6:20	12.6	12.7	12.6	87	10.5	3.2	NE	0.27	4.8	NE	12.6	12.6	12.6	---	1020.9	0.00	0.0	0	0.00	0	0.020	0.000	21.7	49	10.5	20.9	9.05	1.1920	0.00	113	1	99.1	5
08/04/26	6:25	12.6	12.6	12.6	87	10.4	1.6	NE	0.13	4.8	ENE	12.6	12.5	12.5	---	1020.9	0.00	0.0	0	0.00	0	0.020	0.000	21.7	49	10.5	20.9	9.05	1.1920	0.00	115	1	100.0	5
08/04/26	6:30	12.4	12.6	12.4	87	10.3	0.0	NE	0.00	1.6	NE	12.4	12.4	12.4	---	1020.9	0.00	0.0	0	0.00	0	0.020	0.000	21.7	49	10.5	20.9	9.05	1.1920	0.00	118	1	100.0	5
08/04/26	6:35	12.4	12.5	12.4	87	10.3	0.0	NE	0.00	3.2	NE	12.4	12.4	12.4	---	1021.0	0.00	0.0	0	0.00	0	0.021	0.000	21.7	49	10.5	20.9	9.05	1.1921	0.00	116	1	100.0	5
08/04/26	6:40	12.3	12.4	12.3	87	10.2	0.0	ENE	0.00	3.2	ENE	12.3	12.3	12.3	---	1020.9	0.00	0.0	0	0.00	0	0.021	0.000	21.7	49	10.5	20.9	9.05	1.1919	0.00	116	1	100.0	5
08/04/26	6:45	12.2	12.3	12.2	87	10.1	0.0	ENE	0.00	1.6	ENE	12.2	12.2	12.2	---	1020.9	0.00	0.0	0	0.00	0	0.021	0.000	21.7	49	10.5	20.9	9.05	1.1920	0.00	117	1	100.0	5
08/04/26	6:50	12.2	12.3	12.2	88	10.3	0.0	ENE	0.00	4.8	NE	12.2	12.2	12.2	---	1020.9	0.00	0.0	0	0.00	0	0.021	0.000	21.7	49	10.5	20.9	9.05	1.1920	0.00	114	1	100.0	5
08/04/26	6:55	12.2	12.2	12.2	88	10.2	1.6	NE	0.13	4.8	NE	12.2	12.2	12.2	---	1020.9	0.00	0.0	0	0.00	0	0.021	0.000	21.7	49	10.5	20.9	9.05	1.1920	0.00	115	1	100.0	5
08/04/26	7:00	12.2	12.2	12.2	88	10.2	3.2	NE	0.27	4.8	NE	12.2	12.2	12.2	---	1021.0	0.00	0.0	0	0.00	0	0.021	0.000	21.7	49	10.5	20.9	9.05	1.1921	0.00	117	1	100.0	5
08/04/26	7:05	12.2	12.2	12.2	88	10.2	1.6	NE	0.13	6.4	ENE	12.2	12.2	12.2	---	1021.1	0.00	0.0	0	0.00	0	0.021	0.000	21.7	49	10.5	20.9	9.05	1.1922	0.00	116	1	100.0	5
08/04/26	7:10	12.2	12.2	12.2	89	10.4	1.6	NE	0.13	3.2	ENE	12.2	12.2	12.2	---	1021.1	0.00	0.0	0	0.00	0	0.021	0.000	21.7	49	10.5	20.9	9.05	1.1922	0.00	117	1	100.0	5
08/04/26	7:15	12.2	12.2	12.2	89	10.4	0.0	ENE	0.00	3.2	ENE	12.2	12.2	12.2	---	1021.1	0.00	0.0	0	0.00	0	0.021	0.000	21.7	49	10.5	20.9	9.05	1.1923	0.00	117	1	100.0	5
08/04/26	7:20	12.2	12.2	12.2	89	10.4	0.0	NE	0.00	4.8	NE	12.2	12.2	12.2	---	1021.2	0.00	0.0	0	0.00	0	0.021	0.000	21.6	49	10.4	20.8	9.05	1.1926	0.00	114	1	100.0	5
08/04/26	7:25	12.2	12.2	12.2	88	10.2	0.0	---	0.00	0.0	---	12.2	12.2	12.2	---	1021.2	0.00	0.0	0	0.00	0	0.021	0.000	21.6	49	10.4	20.8	9.05	1.1926	0.00	114	1	100.0	5
08/04/26	7:30	12.2	12.2	12.2	88	10.2	0.0	---	0.00	0.0	---	12.2	12.2	12.2	---	1021.3	0.00	0.0	3	0.02	5	0.021	0.000	21.6	49	10.4	20.8	9.05	1.1927	0.00	116	1	100.0	5
08/04/26	7:35	12.2	12.2	12.2	89	10.4	0.0	---	0.00	0.0	---	12.2	12.2	12.2	---	1021.3	0.00	0.0	7	0.05	7	0.021	0.000	21.6	49	10.4	20.8	9.05	1.1927	0.00	118	1	100.0	5
08/04/26	7:40	12.2	12.2	12.2	89	10.4	0.0	---	0.00	0.0	---	12.2	12.2	12.2	---	1021.3	0.00	0.0	10	0.07	11	0.021	0.000	21.6	49	10.4	20.8	9.05	1.1927	0.00	116	1	100.0	5
08/04/26	7:45	12.3	12.3	12.2	88	10.3	0.0	ENE	0.00	1.6	ENE	12.3	12.3	12.3	---	1021.3	0.00	0.0	12	0.09	12	0.021	0.000	21.6	49	10.4	20.7	9.05	1.1931	0.00	117	1	100.0	5
08/04/26	7:50	12.4	12.4	12.3	88	10.5	1.6	ENE	0.13	6.4	ENE	12.4	12.4	12.4	---	1021.5	0.00	0.0	14	0.10	16	0.021	0.000	21.6	49	10.4	20.7	9.05	1.1932	0.00	117	1	100.0	5
08/04/26	7:55	12.6	12.6	12.4	88	10.6	1.6	ENE	0.13	6.4	ENE	12.6	12.6	12.6	---	1021.5	0.00	0.0	21	0.15	25	0.020	0.000	21.6	49	10.4	20.8	9.05	1.1929	0.00	114	1	100.0	5
08/04/26	8:00	12.6	12.7	12.5	87	10.5	1.6	ENE	0.13	8.0	ENE	12.6	12.6	12.6	---	1021.4	0.00	0.0	29	0.21	32	0.020	0.000	21.6	49	10.4	20.7	9.05	1.1932	0.00	115	1	100.0	5
08/04/26	8:05	12.7	12.7	12.6	87	10.6	3.2	ENE	0.27	8.0	E	12.7	12.6	12.6	---	1021.5	0.00	0.0	36	0.26	40	0.020	0.000	21.6	50	10.7	20.8	9.25	1.1929	0.00	116	1	100.0	5
08/04/26	8:10	12.7	12.8	12.7	87	10.6	3.2	ENE	0.27	6.4	ENE	12.7	12.7	12.7	---	1021.6	0.00	0.0	45	0.32	49	0.019	0.000	21.6	50	10.7	20.9	9.25	1.1928	0.00	117	1	100.0	5
08/04/26	8:15	12.8	12.9	12.7	86	10.5	1.6	ENE	0.13	6.4	ENE	12.8	12.8	12.8	---	1021.5	0.00	0.0	56	0.40	62	0.019	0.000	21.6	50	10.7	20.9	9.25	1.1927	0.00	117	1	100.0	5
08/04/26	8:20	12.9	12.9	12.8	86	10.7	1.6	ENE	0.13	8.0	E	12.9	12.9	12.9	---	1021.6	0.00	0.0	68	0.49	72	0.019	0.000	21.6	50	10.7	20.9	9.25	1.1928	0.00	116	1	100.0	5
08/04/26	8:25	13.1	13.1	12.9	86	10.8	1.6	NE	0.13	4.8	E	13.1	13.0	13.0	---	1021.6	0.00	0.0	80	0.57	86	0.018	0.000	21.6	50	10.7	20.9	9.25	1.1928	0.00	113	1	99.1	5
08/04/26	8:30	13.2	13.2	13.1	85	10.8	1.6	ENE	0.13	3.2	E	13.2	13.1	13.1	---	1021.7	0.00	0.0	94	0.67	100	0.018	0.000	21.6	50	10.7	20.9	9.25	1.1930	0.00	116	1	100.0	5
08/04/26	8:35	13.3	13.4	13.3	84	10.7	1.6	ENE	0.13	8.0	ENE	13.3	13.2	13.2	---	1021.8	0.00	0.0	109	0.78	116	0.017	0.000	21.6	50	10.7	20.9	9.25	1.1930	0.00	117	1	100.0	5
08/04/26	8:40	13.5	13.5	13.4	84	10.8	3.2	ENE	0.27	8.0	NE	13.5	13.4	13.4	---	1021.8	0.00	0.0	125	0.90	132	0.017	0.000	21.6	50	10.7	20.9	9.25	1.1931	0.00	118	1	100.0	5
08/04/26	8:45	13.6	13.6	13.4	84	11.0	1.6	ESE	0.13	8.0	ENE	13.6	13.5	13.5	---	1021.8	0.00	0.0	141	1.01	148	0.016	0.000	21.7	50	10.8	20.9	9.25	1.1928	0.00	117	1	100.0	5
08/04/26	8:50	13.7	13.7	13.6	83	10.9	3.2	E	0.27	11.3	ENE	13.7	13.6	13.6	---	1022.0	0.00	0.0	158	1.13	165	0.016	0.000	21.7	50	10.8	20.9	9.25	1.1930	0.00	116	1	100.0	5
08/04/26	8:55	13.9	13.9	13.8	82	10.9	1.6	ENE	0.13	6.4	ENE	13.9	13.7	13.7	---	1022.0	0.00	0.0	173	1.24	179	0.015	0.000	21.7	50	10.8	20.9	9.25	1.1930	0.00	114	1	100.0	5
08/04/26	9:00	14.1	14.1	13.9	82	11.0	1.6	E	0.13	6.4	ESE	14.1	13.9	13.9	---	1022.0	0.00	0.0	188	1.35	195	0.015	0.000	21.7	50	10.8	20.9	9.25	1.1930	0.05	117	1	100.0	5
08/04/26	9:05	14.3	14.3	14.1	81	11.1	3.2	ESE	0.27	12.9	ESE	14.3	14.1	14.1	---	1022.0	0.00	0.0	205	1.47	211	0.014	0.000	21.7	50	10.8	20.9	9.25	1.1930	0.00	117	1	100.0	5
08/04/26	9:10	14.4	14.4	14.3	80	11.0	3.2	ESE	0.27	12.9	ESE	14.4	14.3	14.3	---	1022.0	0.00	0.0	220	1.58	227	0.014	0.000	21.7	50	10.8	21.0	9.25	1.1928	0.00	116	1	100.0	5
08/04/26	9:15	14.6	14.6	14.4	80	11.1	3.2	E	0.27	9.7	ESE	14.6	14.4	14.4	---	1022.0	0.00	0.0	235	1.68	241	0.013	0.000	21.7	50	10.8	21.0	9.25	1.1927	0.00	117	1	100.0	5
08/04/26	9:20	14.6	14.6	14.6	79	11.0	4.8	E	0.40	11.3	E	14.6	14.4	14.4	---	1022.0	0.00	0.0	248	1.78	253	0.013	0.000	21.7	50	10.8	21.0	9.25	1.1927	0.00	114	1	100.0	5
08/04/26	9:25	14.7	14.7	14.6	79	11.1	3.2	E	0.27	9.7	ESE	14.7	14.5	14.5	---	1022.0	0.00	0.0	262	1.88	267	0.013	0.000	21.7	50	10.8	21.0	9.25	1.1927	0.00	115	1	100.0	5
08/04/26	9:30	14.8	14.8	14.7	79	11.2	1.6	ESE	0.13	6.4	ESE	14.8	14.7	14.7	---	1022.0	0.00	0.0	275	1.97	279	0.012	0.000	21.7	50	10.8	21.0	9.25	1.1928	0.00	116	1	100.0	5
08/04/26	9:35	15.1	15.1	14.8	78	11.2	1.6	ENE	0.13	4.8	ENE	15.1	14.8	14.8	---	1022.1	0.00	0.0	287	2.06	294	0.011	0.000	21.7	50	10.8	21.0	9.25	1.1928	0.00	117	1	100.0	5
08/04/26	9:40	15.0	15.1	14.9	78	11.2	3.2	ENE	0.27	6.4	NE	15.0	14.8	14.8	---	1022.1	0.00	0.0	301	2.16	306	0.012	0.000	21.7	50	10.8	21.0	9.25	1.1928	0.00	117	1	100.0	5
08/04/26	9:45	15.1	15.1	14.9	79	11.4	1.6	NE	0.13	6.4	ENE	15.1	14.9	14.9	---	1022.2	0.00	0.0	314	2.25	320	0.011	0.000	21.7	50	10.8	21.0	9.25	1.1929	0.00	117	1	100.0	5
08/04/26	9:50	15.3	15.3	15.1	79	11.7	1.6	ENE	0.13	4.8	NE	15.3	15.1	15.1	---	1022.2	0.00	0.0	328	2.35	334	0.011	0.000	21.7	50	10.8	20.9	9.25	1.1932	0.00	115	1	100.0	5
08/04/26	9:55	15.6	15.6	15.3	78	11.7	1.6	ENE	0.13	4.8	NE	15.6	15.4	15.4	---	1022.1	0.00	0.0	342	2.45	348	0.010	0.000	21.7	50	10.8	20.9	9.25	1.1931	0.00	116	1	100.0	5
08/04/26	10:00	15.8	15.8	15.6	77	11.8	1.6	ESE	0.13	4.8	ENE	15.8	15.7	15.7	---	1022.3	0.00	0.0	355	2.54	360	0.009	0.000	21.7	50	10.8	20.9	9.25	1.1933	0.15	116	1	100.0	5
08/04/26	10:05	16.1	16.1	15.8	76	11.9	1.6	E	0.13	4.8	NE	16.1	15.9	15.9	---	1022.2	0.00	0.0	367	2.63	371	0.008	0.000	21.7	50	10.8	20.9	9.25	1.1932	0.00	117	1	100.0	5
08/04/26	10:10	16.4	16.4	16.1	76	12.1	3.2	ESE	0.27	4.8	ESE	16.4	16.2	16.2	---	1022.3	0.00	0.0	379	2.72	385	0.007	0.000	21.7	50	10.8	20.9	9.25	1.1933	0.00	115	1	100.0	5
08/04/26	10:15	16.6	16.6	16.4	75	12.2	3.2	E	0.27	9.7	ESE	16.6	16.4	16.4	---	1022.3	0.00	0.0	392	2.81	397	0.006	0.000	21.7	50	10.8	20.9	9.25	1.1933	0.00	114	1	100.0	5
08/04/26	10:20	16.9	16.9	16.6	73	12.0	3.2	ESE	0.27	9.7	ESE	16.9	16.7	16.7	---	1022.3	0.00	0.0	405	2.90	411	0.005	0.000	21.7	50	10.8	20.9	9.25	1.1933	0.00	115	1	100.0	5
08/04/26	10:25	17.2	17.2	16.9	73	12.3	3.2	E	0.27	9.7	ESE	17.2	17.1	17.1	---	1022.3	0.00	0.0	418	3.00	424	0.004	0.000	21.7	50	10.8	20.9	9.25	1.1933	0.00	116	1	100.0	5
08/04/26	10:30	17.5	17.5	17.2	72	12.4	3.2	SE	0.27	8.0	SSE	17.5	17.3	17.3	---	1022.3	0.00	0.0	429	3.07	434	0.003	0.000	21.7	50	10.8	20.9	9.25	1.1934	0.00	117	1	100.0	5
08/04/26	10:35	17.8	17.8	17.5	71	12.5	1.6	SSE	0.13	6.4	SE	17.8	17.7	17.7	---	1022.4	0.00	0.0	443	3.18	448	0.002	0.000	21.7	50	10.8	20.9	9.25	1.1934	0.00	116	1	100.0	5
08/04/26	10:40	18.2	18.2	17.8	70	12.6	3.2	ESE	0.27	9.7	ESE	18.2	18.0	18.0	---	1022.4	0.00	0.0	454	3.25	459	0.001	0.000	21.7	50	10.8	20.9	9.25	1.1934	0.00	115	1	100.0	5
08/04/26	10:45	18.3	18.3	18.2	69	12.5	3.2	SSE	0.27	9.7	ESE	18.3	18.1	18.1	---	1022.3	0.00	0.0	466	3.34	471	0.000	0.000	21.7	50	10.8	20.9	9.25	1.1934	0.00	114	1	100.0	5
08/04/26	10:50	18.5	18.5	18.3	69	12.7	3.2	ESE	0.27	6.4	ESE	18.5	18.3	18.3	---	1022.4	0.00	0.0	478	3.43	482	0.000	0.001	21.7	50	10.8	20.9	9.25	1.1934	0.00	118	1	100.0	5
08/04/26	10:55	18.5	18.6	18.5	68	12.5	4.8	SE	0.40	11.3	SE	18.5	18.3	18.3	---	1022.4	0.00	0.0	489	3.50	494	0.000	0.001	21.7	50	10.8	20.9	9.25	1.1934	0.00	116	1	100.0	5
08/04/26	11:00	18.7	18.7	18.5	69	12.9	1.6	SSE	0.13	8.0	ENE	18.7	18.6	18.6	---	1022.4	0.00	0.0	500	3.58	504	0.000	0.001	21.7	51	11.1	21.0	9.43	1.1931	0.25	117	1	100.0	5
08/04/26	11:05	18.8	18.8	18.7	68	12.8	1.6	ESE	0.13	6.4	ESE	18.8	18.7	18.7	---	1022.4	0.00	0.0	511	3.66	517	0.000	0.002	21.7	50	10.8	20.9	9.25	1.1934	0.00	115	1	100.0	5
08/04/26	11:10	19.1	19.1	18.9	67	12.8	3.2	ESE	0.27	6.4	E	19.1	18.9	18.9	---	1022.5	0.00	0.0	522	3.74	527	0.000	0.003	21.7	51	11.1	21.1	9.43	1.1930	0.00	114	1	100.0	5
08/04/26	11:15	19.1	19.1	19.1	68	13.0	1.6	ENE	0.13	6.4	ENE	19.1	18.9	18.9	---	1022.5	0.00	0.0	531	3.81	534	0.000	0.003	21.7	51	11.1	21.1	9.43	1.1930	0.00	116	1	100.0	5
08/04/26	11:20	19.4	19.4	19.1	68	13.3	0.0	SE	0.00	3.2	SE	19.4	19.4	19.4	---	1022.5	0.00	0.0	541	3.88	545	0.000	0.004	21.7	51	11.1	21.1	9.43	1.1930	0.00	117	1	100.0	5
08/04/26	11:25	19.6	19.6	19.4	68	13.5	3.2	ENE	0.27	6.4	ENE	19.6	19.6	19.6	---	1022.4	0.00	0.0	551	3.95	555	0.000	0.004	21.7	51	11.1	21.1	9.43	1.1929	0.00	117	1	100.0	5
08/04/26	11:30	19.4	19.6	19.4	68	13.3	3.2	NE	0.27	8.0	NE	19.4	19.4	19.4	---	1022.4	0.00	0.0	561	4.02	564	0.000	0.004	21.8	51	11.2	21.2	9.43	1.1925	0.00	117	1	100.0	5
08/04/26	11:35	19.6	19.6	19.3	68	13.5	3.2	ESE	0.27	8.0	SE	19.6	19.6	19.6	---	1022.4	0.00	0.0	571	4.09	575	0.000	0.004	21.8	51	11.2	21.2	9.42	1.1923	0.00	113	1	99.1	5
08/04/26	11:40	19.9	19.9	19.6	67	13.6	3.2	ESE	0.27	6.4	ESE	19.9	19.9	19.9	---	1022.4	0.00	0.0	579	4.15	584	0.000	0.006	21.8	51	11.2	21.2	9.42	1.1923	0.00	115	1	100.0	5
08/04/26	11:45	20.3	20.3	20.0	66	13.7	3.2	ESE	0.27	6.4	ESE	20.3	20.3	20.3	---	1022.4	0.00	0.0	588	4.21	591	0.000	0.007	21.9	51	11.3	21.3	9.42	1.1920	0.00	117	1	100.0	5
08/04/26	11:50	20.4	20.4	20.3	65	13.6	3.2	ENE	0.27	6.4	ENE	20.4	20.4	20.4	---	1022.5	0.00	0.0	597	4.28	601	0.000	0.007	21.9	51	11.3	21.3	9.42	1.1921	0.00	118	1	100.0	5
08/04/26	11:55	20.6	20.6	20.4	66	14.0	3.2	NE	0.27	8.0	ENE	20.6	20.6	20.6	---	1022.5	0.00	0.0	604	4.33	608	0.000	0.008	21.9	51	11.3	21.3	9.42	1.1921	0.00	117	1	100.0	5
08/04/26	12:00	20.8	20.8	20.6	65	14.0	3.2	ENE	0.27	6.4	ENE	20.8	20.7	20.7	---	1022.5	0.00	0.0	613	4.39	615	0.000	0.008	21.9	51	11.3	21.4	9.42	1.1919	0.38	114	1	100.0	5
08/04/26	12:05	21.1	21.1	20.8	64	14.0	3.2	ESE	0.27	8.0	ESE	21.1	20.9	20.9	---	1022.6	0.00	0.0	621	4.45	624	0.000	0.010	21.9	51	11.3	21.4	9.42	1.1919	0.00	116	1	100.0	5
08/04/26	12:10	21.6	21.6	21.1	64	14.5	3.2	ESE	0.27	9.7	ESE	21.6	21.5	21.5	---	1022.5	0.00	0.0	628	4.50	631	0.000	0.011	21.9	51	11.3	21.4	9.42	1.1918	0.00	117	1	100.0	5
08/04/26	12:15	21.5	21.7	21.5	64	14.4	3.2	NNE	0.27	8.0	NNE	21.5	21.4	21.4	---	1022.4	0.00	0.0	636	4.56	640	0.000	0.011	21.9	51	11.3	21.4	9.42	1.1918	0.00	117	1	100.0	5
08/04/26	12:20	21.7	21.7	21.5	63	14.4	1.6	E	0.13	9.7	ESE	21.7	21.7	21.7	---	1022.5	0.00	0.0	642	4.60	645	0.000	0.012	22.0	51	11.4	21.4	9.42	1.1916	0.00	117	1	100.0	5
08/04/26	12:25	22.2	22.2	21.8	62	14.5	3.2	ESE	0.27	8.0	SE	22.2	22.2	22.2	---	1022.5	0.00	0.0	648	4.64	652	0.000	0.013	22.0	51	11.4	21.4	9.42	1.1916	0.00	115	1	100.0	5
08/04/26	12:30	22.1	22.2	22.1	61	14.2	4.8	NE	0.40	11.3	E	22.1	22.0	22.0	---	1022.4	0.00	0.0	654	4.69	657	0.000	0.013	22.1	51	11.4	21.6	9.42	1.1912	0.00	113	1	99.1	5
08/04/26	12:35	22.2	22.2	22.0	62	14.6	3.2	NE	0.27	9.7	ESE	22.2	22.2	22.2	---	1022.5	0.00	0.0	661	4.74	664	0.000	0.014	22.1	52	11.7	21.6	9.62	1.1910	0.00	117	1	100.0	5
08/04/26	12:40	22.3	22.3	22.2	61	14.4	4.8	ENE	0.40	12.9	ENE	22.3	22.3	22.3	---	1022.4	0.00	0.0	666	4.77	668	0.000	0.014	22.1	52	11.7	21.6	9.62	1.1909	0.00	116	1	100.0	5
08/04/26	12:45	22.6	22.6	22.3	61	14.7	3.2	ENE	0.27	14.5	NNE	22.6	22.7	22.7	---	1022.4	0.00	0.0	673	4.82	675	0.000	0.015	22.1	52	11.8	21.7	9.61	1.1906	0.00	117	1	100.0	5
08/04/26	12:50	22.8	22.8	22.6	56	13.6	8.0	ENE	0.67	17.7	E	22.8	22.8	22.8	---	1022.3	0.00	0.0	680	4.87	682	0.000	0.016	22.2	52	11.8	21.7	9.61	1.1902	0.00	114	1	100.0	5
08/04/26	12:55	22.9	22.9	22.8	56	13.7	8.0	ENE	0.67	19.3	ENE	22.9	22.9	22.9	---	1022.4	0.00	0.0	684	4.90	686	0.000	0.016	22.2	52	11.9	21.8	9.61	1.1900	0.00	110	1	96.5	5
08/04/26	13:00	23.1	23.1	22.9	55	13.5	4.8	NE	0.40	11.3	ENE	23.1	23.1	23.1	---	1022.4	0.00	0.0	688	4.93	689	0.000	0.016	22.2	52	11.9	21.8	9.61	1.1900	0.46	117	1	100.0	5
08/04/26	13:05	23.7	23.7	23.1	53	13.5	4.8	ESE	0.40	12.9	ESE	23.7	23.7	23.7	---	1022.4	0.00	0.0	691	4.95	693	0.000	0.019	22.3	52	11.9	21.9	9.61	1.1897	0.00	117	1	100.0	5
08/04/26	13:10	23.9	23.9	23.7	53	13.7	6.4	ENE	0.54	14.5	ESE	23.9	23.9	23.9	---	1022.4	0.00	0.0	694	4.97	696	0.000	0.019	22.3	52	11.9	21.9	9.61	1.1898	0.00	117	1	100.0	5
08/04/26	13:15	23.7	23.9	23.7	55	14.1	8.0	ENE	0.67	16.1	NE	23.7	23.8	23.8	---	1022.4	0.00	0.0	697	5.00	700	0.000	0.019	22.3	52	11.9	21.9	9.61	1.1898	0.00	116	1	100.0	5
08/04/26	13:20	23.6	23.7	23.6	57	14.6	3.2	ENE	0.27	8.0	NE	23.6	23.8	23.8	---	1022.3	0.00	0.0	700	5.02	701	0.000	0.018	22.3	52	11.9	21.9	9.61	1.1897	0.00	114	1	100.0	5
08/04/26	13:25	23.9	23.9	23.6	56	14.6	3.2	ENE	0.27	9.7	ENE	23.9	24.1	24.1	---	1022.4	0.00	0.0	703	5.04	708	0.000	0.019	22.3	52	12.0	21.9	9.61	1.1894	0.00	116	1	100.0	5
08/04/26	13:30	24.2	24.2	23.9	57	15.1	3.2	NNE	0.27	9.7	NNE	24.2	24.3	24.3	---	1022.2	0.00	0.0	705	5.05	707	0.000	0.020	22.3	52	12.0	21.9	9.61	1.1893	0.00	116	1	100.0	5
08/04/26	13:35	24.3	24.4	24.2	53	14.1	4.8	ENE	0.40	9.7	ENE	24.3	24.4	24.4	---	1022.2	0.00	0.0	708	5.07	710	0.000	0.021	22.3	52	12.0	21.9	9.61	1.1892	0.00	114	1	100.0	5
08/04/26	13:40	24.5	24.5	24.3	55	14.9	4.8	NE	0.40	12.9	NE	24.5	24.6	24.6	---	1022.2	0.00	0.0	709	5.08	712	0.000	0.021	22.4	52	12.0	22.1	9.60	1.1889	0.00	117	1	100.0	5
08/04/26	13:45	25.0	25.0	24.5	54	15.0	3.2	ESE	0.27	6.4	ENE	25.0	25.1	25.1	---	1022.0	0.00	0.0	710	5.09	712	0.000	0.023	22.4	52	12.0	22.1	9.60	1.1887	0.00	114	1	100.0	5
08/04/26	13:50	25.3	25.3	25.0	54	15.4	3.2	ESE	0.27	9.7	ENE	25.3	25.4	25.4	---	1021.9	0.00	0.0	711	5.10	712	0.000	0.024	22.4	52	12.0	22.1	9.60	1.1887	0.00	116	1	100.0	5
08/04/26	13:55	25.3	25.4	25.3	52	14.8	6.4	ENE	0.54	14.5	NNE	25.3	25.4	25.4	---	1021.8	0.00	0.0	711	5.10	712	0.000	0.024	22.4	52	12.1	22.1	9.60	1.1883	0.00	116	1	100.0	5
08/04/26	14:00	25.2	25.3	25.2	53	14.9	4.8	ENE	0.40	12.9	ENE	25.2	25.2	25.2	---	1021.8	0.00	0.0	712	5.10	714	0.000	0.024	22.5	52	12.2	22.2	9.60	1.1880	0.53	116	1	100.0	5
08/04/26	14:05	25.3	25.3	25.2	52	14.8	3.2	NE	0.27	9.7	NNE	25.3	25.4	25.4	---	1021.9	0.00	0.0	713	5.11	714	0.000	0.024	22.5	52	12.2	22.2	9.60	1.1881	0.00	117	1	100.0	5
08/04/26	14:10	25.7	25.7	25.3	50	14.5	4.8	ENE	0.40	11.3	ENE	25.7	25.7	25.7	---	1021.9	0.00	0.0	714	5.12	715	0.000	0.026	22.6	53	12.5	22.4	9.74	1.1872	0.00	115	1	100.0	5
08/04/26	14:15	25.9	25.9	25.7	48	14.1	8.0	ESE	0.67	19.3	E	25.9	25.8	25.8	---	1021.8	0.00	0.0	713	5.11	714	0.000	0.026	22.7	53	12.6	22.6	9.73	1.1865	0.00	115	1	100.0	5
08/04/26	14:20	26.1	26.1	25.9	49	14.5	6.4	ENE	0.54	14.5	ENE	26.1	26.0	26.0	---	1021.7	0.00	0.0	712	5.10	714	0.000	0.027	22.8	53	12.7	22.7	9.73	1.1858	0.00	117	1	100.0	5
08/04/26	14:25	26.3	26.3	26.1	46	13.7	4.8	E	0.40	14.5	ENE	26.3	26.0	26.0	---	1021.7	0.00	0.0	709	5.08	712	0.000	0.028	22.9	53	12.8	22.8	9.72	1.1855	0.00	117	1	100.0	5
08/04/26	14:30	26.4	26.4	26.3	46	13.9	4.8	ENE	0.40	12.9	NNE	26.4	26.2	26.2	---	1021.4	0.00	0.0	708	5.07	710	0.000	0.028	22.9	52	12.6	22.8	9.58	1.1853	0.00	117	1	100.0	5
08/04/26	14:35	26.3	26.4	26.3	45	13.4	4.8	NE	0.40	12.9	ENE	26.3	26.0	26.0	---	1021.5	0.00	0.0	707	5.07	708	0.000	0.028	22.9	52	12.6	22.8	9.58	1.1854	0.00	116	1	100.0	5
08/04/26	14:40	26.4	26.5	26.3	47	14.2	6.4	ENE	0.54	14.5	NE	26.4	26.2	26.2	---	1021.5	0.00	0.0	705	5.05	707	0.000	0.028	23.0	51	12.3	22.8	9.38	1.1854	0.00	115	1	100.0	5
08/04/26	14:45	26.7	26.7	26.3	42	12.7	3.2	ENE	0.27	11.3	ESE	26.7	26.1	26.1	---	1021.4	0.00	0.0	703	5.04	703	0.000	0.029	23.1	51	12.4	22.9	9.38	1.1851	0.00	116	1	100.0	5
08/04/26	14:50	27.3	27.3	26.7	44	14.0	3.2	SE	0.27	12.9	SE	27.3	27.0	27.0	---	1021.3	0.00	0.0	697	5.00	701	0.000	0.031	23.1	51	12.4	22.9	9.38	1.1847	0.00	116	1	100.0	5
08/04/26	14:55	27.0	27.4	27.0	44	13.7	6.4	ENE	0.54	16.1	NNE	27.0	26.6	26.6	---	1021.4	0.00	0.0	683	4.90	694	0.000	0.030	23.2	51	12.5	23.1	9.38	1.1845	0.00	117	1	100.0	5
08/04/26	15:00	26.7	26.9	26.7	43	13.1	6.4	NE	0.54	11.3	NE	26.7	26.2	26.2	---	1021.3	0.00	0.0	690	4.95	693	0.000	0.029	23.2	50	12.2	23.1	9.25	1.1844	0.56	117	1	100.0	5
08/04/26	15:05	26.8	26.8	26.6	44	13.5	6.4	ENE	0.54	12.9	E	26.8	26.4	26.4	---	1021.3	0.00	0.0	685	4.91	686	0.000	0.029	23.3	50	12.3	23.2	9.25	1.1841	0.00	116	1	100.0	5
08/04/26	15:10	26.9	26.9	26.8	40	12.2	4.8	ENE	0.40	16.1	ENE	26.9	26.3	26.3	---	1021.3	0.00	0.0	682	4.89	686	0.000	0.030	23.3	50	12.3	23.2	9.25	1.1838	0.00	115	1	100.0	5
08/04/26	15:15	27.2	27.2	26.9	39	12.1	4.8	ENE	0.40	11.3	E	27.2	26.5	26.5	---	1021.3	0.00	0.0	677	4.85	679	0.000	0.031	23.3	49	12.0	23.2	9.05	1.1841	0.00	114	1	100.0	5
08/04/26	15:20	27.6	27.6	27.2	38	12.0	4.8	ESE	0.40	12.9	ESE	27.6	26.8	26.8	---	1021.3	0.00	0.0	674	4.83	675	0.000	0.032	23.3	49	12.0	23.2	9.05	1.1842	0.00	117	1	100.0	5
08/04/26	15:25	27.9	27.9	27.6	38	12.3	6.4	ESE	0.54	14.5	E	27.9	27.2	27.2	---	1021.2	0.00	0.0	669	4.80	673	0.000	0.033	23.4	49	12.1	23.2	9.05	1.1838	0.00	117	1	100.0	5
08/04/26	15:30	27.6	27.9	27.6	38	12.0	8.0	ENE	0.67	19.3	ENE	27.6	26.8	26.8	---	1021.2	0.00	0.0	665	4.77	668	0.000	0.032	23.4	48	11.8	23.2	8.93	1.1841	0.00	115	1	100.0	5
08/04/26	15:35	27.7	27.7	27.5	38	12.1	6.4	ENE	0.54	16.1	ENE	27.7	26.9	26.9	---	1021.1	0.00	0.0	660	4.73	663	0.000	0.032	23.4	48	11.8	23.2	8.93	1.1838	0.00	114	1	100.0	5
08/04/26	15:40	27.5	27.7	27.5	38	11.9	8.0	ENE	0.67	16.1	ENE	27.5	26.7	26.7	---	1021.1	0.00	0.0	651	4.67	654	0.000	0.032	23.4	47	11.5	23.2	8.75	1.1841	0.00	117	1	100.0	5
08/04/26	15:45	27.6	27.6	27.4	38	12.0	8.0	ENE	0.67	20.9	ENE	27.6	26.8	26.8	---	1021.1	0.00	0.0	643	4.61	645	0.000	0.032	23.5	47	11.5	23.2	8.75	1.1838	0.00	117	1	100.0	5
08/04/26	15:50	27.6	27.6	27.5	38	12.0	6.4	ENE	0.54	16.1	ENE	27.6	26.8	26.8	---	1021.0	0.00	0.0	635	4.55	638	0.000	0.032	23.6	47	11.6	23.3	8.75	1.1834	0.00	117	1	100.0	5
08/04/26	15:55	27.3	27.6	27.3	39	12.2	9.7	ENE	0.80	16.1	NE	27.3	26.6	26.6	---	1021.0	0.00	0.0	627	4.49	631	0.000	0.031	23.6	47	11.6	23.3	8.75	1.1834	0.00	116	1	100.0	5
08/04/26	16:00	27.5	27.6	27.4	39	12.3	6.4	NE	0.54	14.5	E	27.5	26.8	26.8	---	1021.0	0.00	0.0	621	4.45	624	0.000	0.032	23.6	47	11.6	23.3	8.75	1.1833	0.56	114	1	100.0	5
08/04/26	16:05	27.3	27.5	27.3	39	12.2	6.4	NE	0.54	16.1	ENE	27.3	26.6	26.6	---	1021.0	0.00	0.0	613	4.39	615	0.000	0.031	23.5	46	11.2	23.2	8.56	1.1840	0.00	115	1	100.0	5
08/04/26	16:10	27.7	27.7	27.3	39	12.5	6.4	ESE	0.54	22.5	ESE	27.7	27.1	27.1	---	1020.9	0.00	0.0	603	4.32	610	0.000	0.033	23.6	46	11.3	23.2	8.56	1.1836	0.00	118	1	100.0	5
08/04/26	16:15	27.8	27.8	27.7	38	12.2	6.4	ENE	0.54	14.5	ENE	27.8	27.1	27.1	---	1020.9	0.00	0.0	591	4.24	594	0.000	0.033	23.6	46	11.3	23.2	8.56	1.1836	0.00	117	1	100.0	5
08/04/26	16:20	27.9	27.9	27.8	38	12.3	6.4	E	0.54	11.3	ESE	27.9	27.2	27.2	---	1020.8	0.00	0.0	585	4.19	587	0.000	0.033	23.6	46	11.3	23.2	8.56	1.1835	0.00	116	1	100.0	5
08/04/26	16:25	27.8	27.9	27.8	39	12.6	6.4	ENE	0.54	16.1	ENE	27.8	27.1	27.1	---	1020.8	0.00	0.0	576	4.13	580	0.000	0.033	23.5	46	11.2	23.2	8.56	1.1837	0.00	113	1	99.1	5
08/04/26	16:30	27.6	27.7	27.6	39	12.4	6.4	ENE	0.54	16.1	ENE	27.6	26.9	26.9	---	1020.8	0.00	0.0	566	4.06	568	0.000	0.032	23.6	46	11.3	23.2	8.56	1.1834	0.00	114	1	100.0	5
08/04/26	16:35	27.6	27.7	27.5	40	12.7	6.4	ENE	0.54	16.1	ENE	27.6	26.9	26.9	---	1020.7	0.00	0.0	563	4.04	568	0.000	0.032	23.6	46	11.3	23.2	8.56	1.1834	0.00	116	1	100.0	5
08/04/26	16:40	27.7	27.7	27.6	38	12.1	6.4	ENE	0.54	14.5	ENE	27.7	26.9	26.9	---	1020.8	0.00	0.0	549	3.94	557	0.000	0.032	23.6	46	11.3	23.2	8.56	1.1835	0.00	115	1	100.0	5
08/04/26	16:45	27.7	27.7	27.6	38	12.1	4.8	ENE	0.40	12.9	E	27.7	26.9	26.9	---	1020.7	0.00	0.0	540	3.87	545	0.000	0.032	23.6	46	11.3	23.2	8.56	1.1834	0.00	116	1	100.0	5
08/04/26	16:50	27.9	27.9	27.7	38	12.3	4.8	E	0.40	17.7	E	27.9	27.2	27.2	---	1020.8	0.00	0.0	527	3.78	533	0.000	0.033	23.6	46	11.3	23.3	8.56	1.1833	0.00	114	1	100.0	5
08/04/26	16:55	28.1	28.1	27.9	38	12.5	6.4	ESE	0.54	14.5	SE	28.1	27.4	27.4	---	1020.8	0.00	0.0	517	3.71	520	0.000	0.034	23.6	46	11.3	23.3	8.56	1.1832	0.00	113	1	99.1	5
08/04/26	17:00	28.1	28.2	28.1	38	12.5	4.8	ENE	0.40	12.9	E	28.1	27.4	27.4	---	1020.6	0.00	0.0	508	3.64	510	0.000	0.034	23.6	46	11.3	23.2	8.56	1.1833	0.46	117	1	100.0	5
08/04/26	17:05	28.1	28.2	28.1	37	12.0	4.8	ENE	0.40	16.1	ENE	28.1	27.3	27.3	---	1020.7	0.00	0.0	499	3.58	506	0.000	0.034	23.6	46	11.3	23.2	8.56	1.1834	0.00	117	1	100.0	5
08/04/26	17:10	27.9	28.1	27.9	37	11.9	6.4	ENE	0.54	14.5	NE	27.9	27.1	27.1	---	1020.7	0.00	0.0	484	3.47	489	0.000	0.033	23.6	46	11.3	23.2	8.56	1.1834	0.00	116	1	100.0	5
08/04/26	17:15	27.9	27.9	27.9	37	11.9	6.4	ENE	0.54	16.1	ENE	27.9	27.1	27.1	---	1020.7	0.00	0.0	475	3.40	478	0.000	0.033	23.6	46	11.3	23.2	8.56	1.1834	0.00	117	1	100.0	5
08/04/26	17:20	27.9	27.9	27.9	38	12.3	3.2	ENE	0.27	11.3	E	27.9	27.2	27.2	---	1020.6	0.00	0.0	463	3.32	469	0.000	0.033	23.6	46	11.3	23.2	8.56	1.1833	0.00	113	1	99.1	5
08/04/26	17:25	27.8	27.9	27.8	36	11.3	6.4	ENE	0.54	16.1	NE	27.8	26.9	26.9	---	1020.6	0.00	0.0	449	3.22	454	0.000	0.033	23.5	45	10.9	23.1	8.45	1.1839	0.00	117	1	100.0	5
08/04/26	17:30	27.7	27.8	27.7	36	11.3	6.4	ENE	0.54	14.5	E	27.7	26.8	26.8	---	1020.6	0.00	0.0	440	3.15	445	0.000	0.033	23.5	45	10.9	23.1	8.45	1.1839	0.00	117	1	100.0	5
08/04/26	17:35	27.7	27.8	27.7	36	11.2	8.0	NE	0.67	16.1	ENE	27.7	26.8	26.8	---	1020.6	0.00	0.0	430	3.08	434	0.000	0.032	23.5	45	10.9	23.1	8.45	1.1839	0.00	116	1	100.0	5
08/04/26	17:40	27.5	27.7	27.5	35	10.7	8.0	NE	0.67	16.1	NE	27.5	26.6	26.6	---	1020.5	0.00	0.0	420	3.01	425	0.000	0.032	23.5	45	10.9	23.1	8.45	1.1838	0.00	117	1	100.0	5
08/04/26	17:45	27.4	27.5	27.4	36	11.0	9.7	NE	0.80	20.9	ENE	27.4	26.6	26.6	---	1020.5	0.00	0.0	408	2.92	411	0.000	0.032	23.5	45	10.9	23.1	8.45	1.1837	0.00	113	1	99.1	5
08/04/26	17:50	27.4	27.4	27.4	36	11.0	8.0	ENE	0.67	16.1	NE	27.4	26.6	26.6	---	1020.5	0.00	0.0	394	2.82	399	0.000	0.032	23.5	45	10.9	23.1	8.45	1.1837	0.00	116	1	100.0	5
08/04/26	17:55	27.4	27.4	27.3	36	11.0	8.0	ENE	0.67	17.7	NE	27.4	26.5	26.5	---	1020.4	0.00	0.0	381	2.73	387	0.000	0.031	23.5	45	10.9	23.1	8.45	1.1836	0.00	116	1	100.0	5
08/04/26	18:00	27.4	27.4	27.4	36	11.0	6.4	NE	0.54	16.1	ENE	27.4	26.6	26.6	---	1020.4	0.00	0.0	370	2.65	373	0.000	0.032	23.4	44	10.5	23.0	8.27	1.1842	0.38	117	1	100.0	5
08/04/26	18:05	27.6	27.6	27.5	35	10.8	4.8	NE	0.40	16.1	ENE	27.6	26.7	26.7	---	1020.2	0.00	0.0	359	2.57	362	0.000	0.032	23.4	44	10.5	23.0	8.27	1.1840	0.00	116	1	100.0	5
08/04/26	18:10	27.8	27.8	27.6	36	11.4	3.2	ENE	0.27	8.0	NE	27.8	26.9	26.9	---	1020.2	0.00	0.0	348	2.49	353	0.000	0.033	23.5	44	10.5	23.1	8.26	1.1838	0.00	115	1	100.0	5
08/04/26	18:15	27.7	27.9	27.7	35	10.9	6.4	NE	0.54	14.5	E	27.7	26.8	26.8	---	1020.2	0.00	0.0	332	2.38	339	0.000	0.033	23.4	44	10.5	23.0	8.27	1.1840	0.00	115	1	100.0	5
08/04/26	18:20	27.4	27.7	27.4	36	11.0	8.0	ENE	0.67	16.1	NE	27.4	26.6	26.6	---	1020.2	0.00	0.0	317	2.27	323	0.000	0.032	23.4	44	10.5	23.0	8.27	1.1840	0.00	117	1	100.0	5
08/04/26	18:25	27.4	27.5	27.4	35	10.6	4.8	ENE	0.40	12.9	ENE	27.4	26.5	26.5	---	1020.2	0.00	0.0	313	2.24	316	0.000	0.032	23.4	44	10.5	23.0	8.27	1.1840	0.00	117	1	100.0	5
08/04/26	18:30	27.8	27.8	27.4	35	10.9	3.2	ENE	0.27	11.3	SE	27.8	26.8	26.8	---	1020.3	0.00	0.0	299	2.14	308	0.000	0.033	23.4	44	10.5	23.0	8.27	1.1841	0.00	116	1	100.0	5
08/04/26	18:35	27.9	27.9	27.7	35	11.0	3.2	E	0.27	11.3	ESE	27.9	26.9	26.9	---	1020.2	0.00	0.0	283	2.03	288	0.000	0.033	23.5	44	10.5	23.1	8.26	1.1837	0.00	116	1	100.0	5
08/04/26	18:40	27.7	27.9	27.7	35	10.9	4.8	ENE	0.40	12.9	ENE	27.7	26.8	26.8	---	1020.2	0.00	0.0	272	1.95	276	0.000	0.033	23.4	44	10.5	23.0	8.27	1.1840	0.00	115	1	100.0	5
08/04/26	18:45	27.6	27.7	27.5	36	11.1	4.8	NNE	0.40	9.7	NNE	27.6	26.7	26.7	---	1020.2	0.00	0.0	259	1.86	264	0.000	0.032	23.4	43	10.1	22.9	8.08	1.1844	0.00	116	1	100.0	5
08/04/26	18:50	27.4	27.6	27.4	36	11.0	3.2	NE	0.27	6.4	NE	27.4	26.5	26.5	---	1020.3	0.00	0.0	247	1.77	253	0.000	0.031	23.4	43	10.1	22.9	8.08	1.1845	0.00	117	1	100.0	5
08/04/26	18:55	27.5	27.5	27.4	36	11.1	1.6	ENE	0.13	6.4	NE	27.5	26.6	26.6	---	1020.3	0.00	0.0	232	1.66	239	0.000	0.032	23.4	43	10.1	22.9	8.08	1.1844	0.00	117	1	100.0	5
08/04/26	19:00	27.6	27.6	27.5	37	11.6	1.6	ENE	0.13	4.8	ENE	27.6	26.8	26.8	---	1020.2	0.00	0.0	216	1.55	221	0.000	0.032	23.4	43	10.1	22.9	8.08	1.1844	0.23	116	1	100.0	5
08/04/26	19:05	27.4	27.6	27.4	34	10.1	4.8	NE	0.40	11.3	NE	27.4	26.4	26.4	---	1020.3	0.00	0.0	203	1.46	209	0.000	0.031	23.4	43	10.1	22.9	8.08	1.1844	0.00	114	1	100.0	5
08/04/26	19:10	27.3	27.4	27.3	33	9.6	3.2	NE	0.27	6.4	ENE	27.3	26.3	26.3	---	1020.2	0.00	0.0	189	1.35	193	0.000	0.031	23.4	43	10.1	22.9	8.08	1.1844	0.00	114	1	100.0	5
08/04/26	19:15	27.3	27.3	27.3	33	9.6	4.8	NE	0.40	8.0	NE	27.3	26.2	26.2	---	1020.3	0.00	0.0	175	1.25	181	0.000	0.031	23.4	43	10.1	22.9	8.08	1.1845	0.00	117	1	100.0	5
08/04/26	19:20	27.3	27.3	27.3	32	9.1	3.2	NNE	0.27	8.0	NNE	27.3	26.2	26.2	---	1020.2	0.00	0.0	159	1.14	165	0.000	0.031	23.4	43	10.1	22.9	8.08	1.1844	0.00	117	1	100.0	5
08/04/26	19:25	27.3	27.3	27.3	33	9.6	3.2	NE	0.27	4.8	NE	27.3	26.2	26.2	---	1020.3	0.00	0.0	142	1.02	149	0.000	0.031	23.4	43	10.1	22.9	8.09	1.1847	0.00	117	1	100.0	5
08/04/26	19:30	27.3	27.3	27.3	33	9.6	1.6	NE	0.13	4.8	NE	27.3	26.2	26.2	---	1020.2	0.00	0.0	127	0.91	134	0.000	0.031	23.4	43	10.1	22.9	8.09	1.1846	0.00	115	1	100.0	5
08/04/26	19:35	27.2	27.3	27.2	33	9.5	1.6	ENE	0.13	4.8	ENE	27.2	26.2	26.2	---	1020.2	0.00	0.0	110	0.79	118	0.000	0.031	23.3	43	10.0	22.8	8.09	1.1849	0.00	115	1	100.0	5
08/04/26	19:40	27.2	27.3	27.2	34	9.9	1.6	NE	0.13	4.8	NE	27.2	26.2	26.2	---	1020.2	0.00	0.0	95	0.68	100	0.000	0.031	23.3	43	10.0	22.8	8.09	1.1849	0.00	116	1	100.0	5
08/04/26	19:45	27.1	27.2	27.1	34	9.8	3.2	NE	0.27	8.0	NE	27.1	26.1	26.1	---	1020.3	0.00	0.0	81	0.58	86	0.000	0.030	23.3	43	10.0	22.8	8.09	1.1850	0.00	116	1	100.0	5
08/04/26	19:50	26.9	27.1	26.9	35	10.2	1.6	NE	0.13	4.8	ENE	26.9	26.0	26.0	---	1020.3	0.00	0.0	69	0.49	74	0.000	0.030	23.3	43	10.0	22.8	8.09	1.1850	0.00	117	1	100.0	5
08/04/26	19:55	26.8	26.9	26.8	36	10.5	1.6	NE	0.13	4.8	NNE	26.8	25.9	25.9	---	1020.3	0.00	0.0	56	0.40	62	0.000	0.030	23.3	43	10.0	22.8	8.09	1.1853	0.00	116	1	100.0	5
08/04/26	20:00	26.7	26.8	26.7	36	10.4	1.6	NE	0.13	6.4	NNE	26.7	25.8	25.8	---	1020.2	0.00	0.0	35	0.25	49	0.000	0.029	23.3	44	10.3	22.8	8.27	1.1848	0.10	114	1	100.0	5
08/04/26	20:05	26.4	26.7	26.4	37	10.6	1.6	NNE	0.13	6.4	N	26.4	25.6	25.6	---	1020.3	0.00	0.0	20	0.14	21	0.000	0.028	23.3	44	10.3	22.8	8.27	1.1849	0.00	117	1	100.0	5
08/04/26	20:10	26.2	26.4	26.2	39	11.1	1.6	NNE	0.13	6.4	NE	26.2	25.4	25.4	---	1020.3	0.00	0.0	18	0.13	19	0.000	0.027	23.3	44	10.3	22.8	8.27	1.1849	0.00	117	1	100.0	5
08/04/26	20:15	25.9	26.2	25.9	40	11.3	3.2	NE	0.27	6.4	NNE	25.9	25.3	25.3	---	1020.4	0.00	0.0	16	0.11	16	0.000	0.026	23.2	44	10.3	22.8	8.27	1.1853	0.00	117	1	100.0	5
08/04/26	20:20	25.7	25.9	25.7	42	11.8	3.2	NE	0.27	6.4	NNE	25.7	25.2	25.2	---	1020.4	0.00	0.0	14	0.10	14	0.000	0.026	23.2	44	10.3	22.8	8.27	1.1853	0.00	117	1	100.0	5
08/04/26	20:25	25.6	25.7	25.6	43	12.0	1.6	NNE	0.13	4.8	NE	25.6	25.1	25.1	---	1020.3	0.00	0.0	12	0.09	12	0.000	0.025	23.2	44	10.3	22.8	8.27	1.1852	0.00	115	1	100.0	5
08/04/26	20:30	25.4	25.6	25.3	44	12.2	1.6	NNE	0.13	4.8	NNE	25.4	24.9	24.9	---	1020.3	0.00	0.0	10	0.07	11	0.000	0.024	23.2	44	10.2	22.7	8.28	1.1855	0.00	116	1	100.0	5
08/04/26	20:35	25.2	25.3	25.2	44	12.0	1.6	NNE	0.13	4.8	NNE	25.2	24.8	24.8	---	1020.4	0.00	0.0	6	0.04	7	0.000	0.024	23.2	44	10.2	22.7	8.28	1.1856	0.00	117	1	100.0	5
08/04/26	20:40	24.9	25.2	24.9	45	12.2	1.6	NNE	0.13	4.8	NE	24.9	24.6	24.6	---	1020.5	0.00	0.0	2	0.01	5	0.000	0.023	23.2	44	10.2	22.7	8.28	1.1857	0.00	117	1	100.0	5
08/04/26	20:45	24.7	24.9	24.7	45	12.0	1.6	NNE	0.13	4.8	NNE	24.7	24.4	24.4	---	1020.4	0.00	0.0	0	0.00	0	0.000	0.022	23.2	44	10.2	22.7	8.28	1.1856	0.00	117	1	100.0	5
08/04/26	20:50	24.6	24.7	24.6	46	12.2	0.0	NNE	0.00	3.2	NNE	24.6	24.3	24.3	---	1020.4	0.00	0.0	0	0.00	0	0.000	0.022	23.1	44	10.2	22.6	8.28	1.1859	0.00	114	1	100.0	5
08/04/26	20:55	24.4	24.6	24.4	46	12.0	0.0	---	0.00	0.0	---	24.4	24.1	24.1	---	1020.4	0.00	0.0	0	0.00	0	0.000	0.021	23.1	44	10.2	22.6	8.28	1.1859	0.00	115	1	100.0	5
08/04/26	21:00	24.3	24.4	24.2	47	12.2	0.0	---	0.00	0.0	---	24.3	24.1	24.1	---	1020.4	0.00	0.0	0	0.00	0	0.000	0.021	23.1	45	10.5	22.7	8.45	1.1856	0.05	117	1	100.0	5
08/04/26	21:05	24.1	24.2	24.1	47	12.1	0.0	---	0.00	0.0	---	24.1	23.9	23.9	---	1020.5	0.00	0.0	0	0.00	0	0.000	0.020	23.1	45	10.5	22.7	8.45	1.1856	0.00	116	1	100.0	5
08/04/26	21:10	24.0	24.1	24.0	47	12.0	0.0	---	0.00	0.0	---	24.0	23.8	23.8	---	1020.6	0.00	0.0	0	0.00	0	0.000	0.020	23.1	45	10.5	22.6	8.45	1.1860	0.00	117	1	100.0	5
08/04/26	21:15	23.8	24.0	23.8	48	12.2	0.0	---	0.00	0.0	---	23.8	23.7	23.7	---	1020.5	0.00	0.0	0	0.00	0	0.000	0.019	23.1	45	10.5	22.6	8.45	1.1859	0.00	115	1	100.0	5
08/04/26	21:20	23.6	23.8	23.6	49	12.3	0.0	---	0.00	0.0	---	23.6	23.5	23.5	---	1020.6	0.00	0.0	0	0.00	0	0.000	0.018	23.1	45	10.5	22.6	8.45	1.1860	0.00	113	1	99.1	5
08/04/26	21:25	23.4	23.6	23.4	49	12.1	0.0	---	0.00	0.0	---	23.4	23.3	23.3	---	1020.7	0.00	0.0	0	0.00	0	0.000	0.018	23.1	45	10.5	22.6	8.45	1.1862	0.00	117	1	100.0	5
08/04/26	21:30	23.3	23.4	23.3	50	12.3	0.0	---	0.00	0.0	---	23.3	23.2	23.2	---	1020.7	0.00	0.0	0	0.00	0	0.000	0.017	23.1	45	10.5	22.6	8.45	1.1862	0.00	118	1	100.0	5
08/04/26	21:35	23.1	23.3	23.1	51	12.4	0.0	---	0.00	0.0	---	23.1	22.9	22.9	---	1020.7	0.00	0.0	0	0.00	0	0.000	0.016	23.0	45	10.4	22.6	8.45	1.1865	0.00	117	1	100.0	5
08/04/26	21:40	22.9	23.1	22.9	51	12.2	0.0	---	0.00	0.0	---	22.9	22.7	22.7	---	1020.8	0.00	0.0	0	0.00	0	0.000	0.016	23.0	45	10.4	22.6	8.45	1.1866	0.00	115	1	100.0	5
08/04/26	21:45	22.8	22.9	22.8	52	12.4	0.0	---	0.00	0.0	---	22.8	22.6	22.6	---	1020.8	0.00	0.0	0	0.00	0	0.000	0.015	23.0	45	10.4	22.6	8.45	1.1865	0.00	114	1	100.0	5
08/04/26	21:50	22.6	22.8	22.6	52	12.3	0.0	---	0.00	0.0	---	22.6	22.3	22.3	---	1020.8	0.00	0.0	0	0.00	0	0.000	0.015	23.0	45	10.4	22.6	8.45	1.1865	0.00	117	1	100.0	5
08/04/26	21:55	22.5	22.6	22.5	52	12.2	0.0	---	0.00	0.0	---	22.5	22.2	22.2	---	1020.8	0.00	0.0	0	0.00	0	0.000	0.014	23.0	45	10.4	22.6	8.45	1.1866	0.00	117	1	100.0	5
08/04/26	22:00	22.4	22.5	22.4	53	12.4	0.0	---	0.00	0.0	---	22.4	22.2	22.2	---	1021.0	0.00	0.0	0	0.00	0	0.000	0.014	22.9	45	10.4	22.5	8.45	1.1870	0.03	116	1	100.0	5
08/04/26	22:05	22.3	22.4	22.3	53	12.2	0.0	---	0.00	0.0	---	22.3	21.9	21.9	---	1020.9	0.00	0.0	0	0.00	0	0.000	0.014	23.0	45	10.4	22.6	8.45	1.1867	0.00	116	1	100.0	5
08/04/26	22:10	22.1	22.3	22.1	54	12.4	0.0	---	0.00	0.0	---	22.1	21.7	21.7	---	1020.9	0.00	0.0	0	0.00	0	0.000	0.013	22.9	45	10.4	22.5	8.45	1.1870	0.00	113	1	99.1	5
08/04/26	22:15	21.8	22.1	21.8	54	12.1	0.0	---	0.00	0.0	---	21.8	21.3	21.3	---	1020.9	0.00	0.0	0	0.00	0	0.000	0.012	22.9	45	10.4	22.5	8.45	1.1869	0.00	116	1	100.0	5
08/04/26	22:20	21.7	21.9	21.7	55	12.2	0.0	---	0.00	0.0	---	21.7	21.2	21.2	---	1020.8	0.00	0.0	0	0.00	0	0.000	0.012	22.9	45	10.4	22.5	8.45	1.1869	0.00	116	1	100.0	5
08/04/26	22:25	21.6	21.7	21.6	56	12.4	0.0	---	0.00	0.0	---	21.6	21.1	21.1	---	1021.0	0.00	0.0	0	0.00	0	0.000	0.011	22.9	45	10.4	22.5	8.45	1.1870	0.00	117	1	100.0	5
08/04/26	22:30	21.3	21.6	21.3	56	12.2	0.0	---	0.00	0.0	---	21.3	20.8	20.8	---	1020.8	0.00	0.0	0	0.00	0	0.000	0.010	22.9	45	10.3	22.4	8.45	1.1871	0.00	117	1	100.0	5
08/04/26	22:35	21.2	21.3	21.2	57	12.3	0.0	---	0.00	0.0	---	21.2	20.7	20.7	---	1021.0	0.00	0.0	0	0.00	0	0.000	0.010	22.9	45	10.3	22.4	8.45	1.1873	0.00	116	1	100.0	5
08/04/26	22:40	21.1	21.2	21.1	57	12.2	0.0	---	0.00	0.0	---	21.1	20.6	20.6	---	1020.9	0.00	0.0	0	0.00	0	0.000	0.009	22.9	45	10.3	22.4	8.45	1.1872	0.00	115	1	100.0	5
08/04/26	22:45	21.0	21.1	21.0	57	12.2	0.0	---	0.00	0.0	---	21.0	20.5	20.5	---	1020.9	0.00	0.0	0	0.00	0	0.000	0.009	22.8	45	10.3	22.3	8.45	1.1875	0.00	117	1	100.0	5
08/04/26	22:50	20.9	21.0	20.9	57	12.1	0.0	---	0.00	0.0	---	20.9	20.4	20.4	---	1020.9	0.00	0.0	0	0.00	0	0.000	0.009	22.9	45	10.3	22.4	8.45	1.1873	0.00	117	1	100.0	5
08/04/26	22:55	20.9	20.9	20.9	57	12.1	0.0	---	0.00	0.0	---	20.9	20.4	20.4	---	1021.0	0.00	0.0	0	0.00	0	0.000	0.009	22.9	45	10.3	22.4	8.45	1.1873	0.00	117	1	100.0	5
08/04/26	23:00	20.8	20.9	20.8	57	12.0	0.0	---	0.00	0.0	---	20.8	20.4	20.4	---	1021.0	0.00	0.0	0	0.00	0	0.000	0.009	22.8	46	10.6	22.4	8.59	1.1873	0.03	116	1	100.0	5
08/04/26	23:05	20.7	20.8	20.7	58	12.1	0.0	---	0.00	0.0	---	20.7	20.3	20.3	---	1021.0	0.00	0.0	0	0.00	0	0.000	0.008	22.8	46	10.6	22.4	8.59	1.1873	0.00	115	1	100.0	5
08/04/26	23:10	20.6	20.7	20.6	59	12.3	0.0	---	0.00	0.0	---	20.6	20.3	20.3	---	1021.0	0.00	0.0	0	0.00	0	0.000	0.008	22.8	46	10.6	22.4	8.59	1.1873	0.00	115	1	100.0	5
08/04/26	23:15	20.2	20.6	20.2	61	12.4	0.0	---	0.00	0.0	---	20.2	19.9	19.9	---	1021.0	0.00	0.0	0	0.00	0	0.000	0.006	22.8	46	10.6	22.4	8.59	1.1872	0.00	117	1	100.0	5
08/04/26	23:20	19.5	20.1	19.5	63	12.3	0.0	---	0.00	0.0	---	19.5	19.3	19.3	---	1021.0	0.00	0.0	0	0.00	0	0.000	0.004	22.8	46	10.6	22.4	8.59	1.1873	0.00	117	1	100.0	5
08/04/26	23:25	19.1	19.5	19.1	65	12.4	0.0	---	0.00	0.0	---	19.1	18.9	18.9	---	1021.0	0.00	0.0	0	0.00	0	0.000	0.003	22.8	46	10.6	22.4	8.59	1.1873	0.00	117	1	100.0	5
08/04/26	23:30	18.9	19.1	18.9	66	12.4	0.0	---	0.00	0.0	---	18.9	18.7	18.7	---	1021.0	0.00	0.0	0	0.00	0	0.000	0.002	22.8	46	10.6	22.4	8.59	1.1873	0.00	116	1	100.0	5
08/04/26	23:35	18.9	18.9	18.8	66	12.4	0.0	---	0.00	0.0	---	18.9	18.7	18.7	---	1021.2	0.00	0.0	0	0.00	0	0.000	0.002	22.8	46	10.6	22.3	8.59	1.1878	0.00	113	1	99.1	5
08/04/26	23:40	18.8	18.9	18.8	66	12.3	0.0	---	0.00	0.0	---	18.8	18.6	18.6	---	1021.1	0.00	0.0	0	0.00	0	0.000	0.002	22.8	46	10.6	22.4	8.59	1.1874	0.00	118	1	100.0	5
08/04/26	23:45	18.7	18.8	18.7	66	12.2	0.0	---	0.00	0.0	---	18.7	18.5	18.5	---	1021.2	0.00	0.0	0	0.00	0	0.000	0.001	22.8	46	10.6	22.3	8.59	1.1878	0.00	117	1	100.0	5
08/04/26	23:50	18.1	18.7	18.1	68	12.1	0.0	---	0.00	0.0	---	18.1	17.8	17.8	---	1021.2	0.00	0.0	0	0.00	0	0.001	0.000	22.8	46	10.6	22.3	8.59	1.1878	0.00	117	1	100.0	5
08/04/26	23:55	17.6	18.2	17.6	70	12.0	3.2	NNW	0.27	8.0	NNW	17.6	17.3	17.3	---	1021.2	0.00	0.0	0	0.00	0	0.003	0.000	22.8	46	10.6	22.3	8.59	1.1878	0.00	116	1	100.0	5
09/04/26	00:00	17.3	17.6	17.3	71	12.0	3.2	NNW	0.27	4.8	N	17.3	17.1	17.1	---	1021.3	0.00	0.0	0	0.00	0	0.004	0.000	22.8	46	10.6	22.3	8.59	1.1880	0.00	115	1	100.0	5
09/04/26	0:05	17.2	17.2	17.2	72	12.1	1.6	NNW	0.13	4.8	NNW	17.2	17.0	17.0	---	1021.3	0.00	0.0	0	0.00	0	0.004	0.000	22.7	46	10.5	22.2	8.59	1.1882	0.00	114	1	100.0	5
09/04/26	0:10	17.3	17.3	17.2	71	12.0	0.0	NW	0.00	3.2	NW	17.3	17.1	17.1	---	1021.4	0.00	0.0	0	0.00	0	0.003	0.000	22.8	46	10.6	22.3	8.59	1.1881	0.00	117	1	100.0	5
09/04/26	0:15	17.3	17.4	17.3	71	12.0	0.0	---	0.00	0.0	---	17.3	17.1	17.1	---	1021.3	0.00	0.0	0	0.00	0	0.004	0.000	22.7	46	10.5	22.2	8.59	1.1882	0.00	117	1	100.0	5
09/04/26	0:20	17.4	17.4	17.3	70	11.9	0.0	---	0.00	0.0	---	17.4	17.2	17.2	---	1021.3	0.00	0.0	0	0.00	0	0.003	0.000	22.7	46	10.5	22.2	8.59	1.1882	0.00	117	1	100.0	5
09/04/26	0:25	17.6	17.6	17.4	69	11.9	0.0	---	0.00	0.0	---	17.6	17.3	17.3	---	1021.3	0.00	0.0	0	0.00	0	0.003	0.000	22.7	46	10.5	22.2	8.59	1.1882	0.00	115	1	100.0	5
09/04/26	0:30	17.8	17.8	17.6	68	11.8	0.0	---	0.00	0.0	---	17.8	17.5	17.5	---	1021.3	0.00	0.0	0	0.00	0	0.002	0.000	22.7	46	10.5	22.2	8.59	1.1882	0.00	114	1	100.0	5
09/04/26	0:35	17.9	18.0	17.8	67	11.7	0.0	---	0.00	0.0	---	17.9	17.7	17.7	---	1021.3	0.00	0.0	0	0.00	0	0.001	0.000	22.7	46	10.5	22.2	8.59	1.1882	0.00	116	1	100.0	5
09/04/26	0:40	18.1	18.1	17.9	66	11.6	0.0	---	0.00	0.0	---	18.1	17.7	17.7	---	1021.2	0.00	0.0	0	0.00	0	0.001	0.000	22.7	46	10.5	22.2	8.59	1.1881	0.00	118	1	100.0	5
09/04/26	0:45	18.1	18.1	18.1	66	11.7	0.0	---	0.00	0.0	---	18.1	17.8	17.8	---	1021.2	0.00	0.0	0	0.00	0	0.001	0.000	22.7	46	10.5	22.2	8.59	1.1883	0.00	117	1	100.0	5
09/04/26	0:50	18.2	18.2	18.1	66	11.7	0.0	---	0.00	0.0	---	18.2	17.8	17.8	---	1021.2	0.00	0.0	0	0.00	0	0.001	0.000	22.7	46	10.5	22.2	8.59	1.1883	0.00	116	1	100.0	5
09/04/26	0:55	18.2	18.2	18.1	66	11.7	0.0	---	0.00	0.0	---	18.2	17.8	17.8	---	1021.3	0.00	0.0	0	0.00	0	0.001	0.000	22.7	46	10.5	22.2	8.59	1.1884	0.00	115	1	100.0	5
09/04/26	1:00	18.1	18.2	18.1	65	11.4	0.0	---	0.00	0.0	---	18.1	17.8	17.8	---	1021.4	0.00	0.0	0	0.00	0	0.001	0.000	22.7	46	10.5	22.2	8.59	1.1886	0.00	114	1	100.0	5
09/04/26	1:05	18.1	18.1	18.1	63	11.0	0.0	---	0.00	0.0	---	18.1	17.7	17.7	---	1021.3	0.00	0.0	0	0.00	0	0.001	0.000	22.7	46	10.5	22.2	8.59	1.1885	0.00	117	1	100.0	5
09/04/26	1:10	18.1	18.2	18.1	66	11.7	0.0	---	0.00	0.0	---	18.1	17.8	17.8	---	1021.4	0.00	0.0	0	0.00	0	0.001	0.000	22.7	46	10.5	22.2	8.59	1.1885	0.00	116	1	100.0	5
09/04/26	1:15	17.3	18.2	17.3	69	11.6	0.0	---	0.00	0.0	---	17.3	17.1	17.1	---	1021.3	0.00	0.0	0	0.00	0	0.003	0.000	22.7	46	10.5	22.2	8.59	1.1885	0.00	117	1	100.0	5
09/04/26	1:20	16.8	17.3	16.8	70	11.3	0.0	---	0.00	0.0	---	16.8	16.4	16.4	---	1021.3	0.00	0.0	0	0.00	0	0.005	0.000	22.7	46	10.5	22.2	8.59	1.1885	0.00	117	1	100.0	5
09/04/26	1:25	16.6	16.8	16.6	72	11.5	0.0	---	0.00	0.0	---	16.6	16.3	16.3	---	1021.4	0.00	0.0	0	0.00	0	0.006	0.000	22.7	46	10.5	22.2	8.59	1.1885	0.00	114	1	100.0	5
09/04/26	1:30	16.4	16.6	16.4	72	11.4	0.0	---	0.00	0.0	---	16.4	16.1	16.1	---	1021.4	0.00	0.0	0	0.00	0	0.007	0.000	22.7	46	10.5	22.2	8.59	1.1885	0.00	115	1	100.0	5
09/04/26	1:35	16.3	16.4	16.3	72	11.3	0.0	---	0.00	0.0	---	16.3	16.0	16.0	---	1021.3	0.00	0.0	0	0.00	0	0.007	0.000	22.7	46	10.5	22.2	8.59	1.1885	0.00	117	1	100.0	5
09/04/26	1:40	16.3	16.4	16.3	73	11.5	0.0	---	0.00	0.0	---	16.3	16.1	16.1	---	1021.3	0.00	0.0	0	0.00	0	0.007	0.000	22.7	46	10.5	22.2	8.59	1.1885	0.00	116	1	100.0	5
09/04/26	1:45	16.2	16.3	16.2	72	11.1	0.0	---	0.00	0.0	---	16.2	15.8	15.8	---	1021.4	0.00	0.0	0	0.00	0	0.008	0.000	22.6	46	10.4	22.1	8.60	1.1888	0.00	118	1	100.0	5
09/04/26	1:50	16.2	16.2	16.2	73	11.4	0.0	---	0.00	0.0	---	16.2	15.9	15.9	---	1021.3	0.00	0.0	0	0.00	0	0.007	0.000	22.7	46	10.5	22.2	8.59	1.1885	0.00	117	1	100.0	5
09/04/26	1:55	16.3	16.3	16.2	73	11.4	0.0	---	0.00	0.0	---	16.3	16.0	16.0	---	1021.4	0.00	0.0	0	0.00	0	0.007	0.000	22.7	46	10.5	22.2	8.59	1.1885	0.00	115	1	100.0	5
09/04/26	2:00	16.3	16.3	16.3	73	11.5	0.0	---	0.00	0.0	---	16.3	16.1	16.1	---	1021.4	0.00	0.0	0	0.00	0	0.007	0.000	22.7	46	10.5	22.2	8.59	1.1885	0.00	115	1	100.0	5
09/04/26	2:05	16.3	16.3	16.2	73	11.4	0.0	---	0.00	0.0	---	16.3	16.0	16.0	---	1021.4	0.00	0.0	0	0.00	0	0.007	0.000	22.6	47	10.7	22.1	8.75	1.1885	0.00	117	1	100.0	5
09/04/26	2:10	16.3	16.4	16.3	73	11.5	0.0	---	0.00	0.0	---	16.3	16.1	16.1	---	1021.3	0.00	0.0	0	0.00	0	0.007	0.000	22.6	47	10.7	22.1	8.75	1.1884	0.00	117	1	100.0	5
09/04/26	2:15	16.3	16.4	16.3	73	11.5	0.0	---	0.00	0.0	---	16.3	16.1	16.1	---	1021.2	0.00	0.0	0	0.00	0	0.007	0.000	22.7	47	10.8	22.2	8.75	1.1880	0.00	117	1	100.0	5
09/04/26	2:20	16.2	16.3	16.2	73	11.4	0.0	---	0.00	0.0	---	16.2	15.9	15.9	---	1021.3	0.00	0.0	0	0.00	0	0.007	0.000	22.7	47	10.8	22.2	8.75	1.1881	0.00	117	1	100.0	5
09/04/26	2:25	16.2	16.3	16.2	73	11.3	0.0	---	0.00	0.0	---	16.2	15.9	15.9	---	1021.1	0.00	0.0	0	0.00	0	0.008	0.000	22.7	47	10.8	22.2	8.75	1.1879	0.00	114	1	100.0	5
09/04/26	2:30	16.0	16.2	16.0	74	11.4	0.0	---	0.00	0.0	---	16.0	15.7	15.7	---	1021.2	0.00	0.0	0	0.00	0	0.008	0.000	22.6	47	10.7	22.1	8.75	1.1883	0.00	114	1	100.0	5
09/04/26	2:35	15.8	16.0	15.8	74	11.2	0.0	---	0.00	0.0	---	15.8	15.5	15.5	---	1021.2	0.00	0.0	0	0.00	0	0.009	0.000	22.6	47	10.7	22.1	8.75	1.1883	0.00	117	1	100.0	5
09/04/26	2:40	15.3	15.8	15.3	76	11.1	0.0	---	0.00	0.0	---	15.3	15.1	15.1	---	1021.1	0.00	0.0	0	0.00	0	0.010	0.000	22.6	47	10.7	22.1	8.75	1.1882	0.00	117	1	100.0	5
09/04/26	2:45	15.3	15.3	15.3	76	11.1	0.0	---	0.00	0.0	---	15.3	15.1	15.1	---	1021.0	0.00	0.0	0	0.00	0	0.010	0.000	22.6	47	10.7	22.1	8.75	1.1881	0.00	117	1	100.0	5
09/04/26	2:50	15.3	15.4	15.3	76	11.1	0.0	---	0.00	0.0	---	15.3	15.0	15.0	---	1021.0	0.00	0.0	0	0.00	0	0.011	0.000	22.6	47	10.7	22.1	8.75	1.1884	0.00	117	1	100.0	5
09/04/26	2:55	15.2	15.3	15.2	76	11.0	0.0	---	0.00	0.0	---	15.2	14.9	14.9	---	1020.9	0.00	0.0	0	0.00	0	0.011	0.000	22.6	47	10.7	22.1	8.75	1.1883	0.00	113	1	99.1	5
09/04/26	3:00	15.1	15.2	15.1	77	11.1	0.0	---	0.00	0.0	---	15.1	14.9	14.9	---	1020.9	0.00	0.0	0	0.00	0	0.011	0.000	22.6	47	10.7	22.1	8.75	1.1882	0.00	116	1	100.0	5
09/04/26	3:05	15.1	15.1	15.1	77	11.1	0.0	---	0.00	0.0	---	15.1	14.8	14.8	---	1020.8	0.00	0.0	0	0.00	0	0.011	0.000	22.6	47	10.7	22.1	8.75	1.1881	0.00	117	1	100.0	5
09/04/26	3:10	14.9	15.1	14.9	77	10.9	0.0	---	0.00	0.0	---	14.9	14.7	14.7	---	1020.8	0.00	0.0	0	0.00	0	0.012	0.000	22.6	47	10.7	22.1	8.75	1.1881	0.00	117	1	100.0	5
09/04/26	3:15	14.8	14.9	14.8	77	10.8	0.0	---	0.00	0.0	---	14.8	14.6	14.6	---	1020.8	0.00	0.0	0	0.00	0	0.012	0.000	22.6	47	10.7	22.1	8.75	1.1881	0.00	117	1	100.0	5
09/04/26	3:20	14.7	14.8	14.7	78	10.9	0.0	---	0.00	0.0	---	14.7	14.5	14.5	---	1020.8	0.00	0.0	0	0.00	0	0.013	0.000	22.6	47	10.7	22.1	8.75	1.1881	0.00	116	1	100.0	5
09/04/26	3:25	14.6	14.7	14.6	78	10.8	0.0	---	0.00	0.0	---	14.6	14.3	14.3	---	1020.7	0.00	0.0	0	0.00	0	0.013	0.000	22.6	47	10.7	22.1	8.75	1.1880	0.00	114	1	100.0	5
09/04/26	3:30	14.4	14.6	14.4	79	10.8	0.0	---	0.00	0.0	---	14.4	14.2	14.2	---	1020.7	0.00	0.0	0	0.00	0	0.014	0.000	22.6	47	10.7	22.1	8.75	1.1880	0.00	116	1	100.0	5
09/04/26	3:35	14.4	14.4	14.4	79	10.8	0.0	---	0.00	0.0	---	14.4	14.2	14.2	---	1020.6	0.00	0.0	0	0.00	0	0.014	0.000	22.6	47	10.7	22.1	8.75	1.1879	0.00	116	1	100.0	5
09/04/26	3:40	14.3	14.4	14.3	79	10.7	0.0	---	0.00	0.0	---	14.3	14.1	14.1	---	1020.7	0.00	0.0	0	0.00	0	0.014	0.000	22.6	47	10.7	22.1	8.75	1.1879	0.00	116	1	100.0	5
09/04/26	3:45	14.3	14.4	14.3	79	10.7	0.0	---	0.00	0.0	---	14.3	14.1	14.1	---	1020.6	0.00	0.0	0	0.00	0	0.014	0.000	22.6	47	10.7	22.1	8.75	1.1878	0.00	117	1	100.0	5
09/04/26	3:50	13.9	14.2	13.9	81	10.7	0.0	---	0.00	0.0	---	13.9	13.7	13.7	---	1020.6	0.00	0.0	0	0.00	0	0.015	0.000	22.6	47	10.7	22.1	8.75	1.1878	0.00	116	1	100.0	5
09/04/26	3:55	13.9	13.9	13.8	81	10.7	0.0	---	0.00	0.0	---	13.9	13.7	13.7	---	1020.6	0.00	0.0	0	0.00	0	0.015	0.000	22.5	47	10.6	21.9	8.75	1.1881	0.00	116	1	100.0	5
09/04/26	4:00	13.8	13.9	13.8	82	10.8	0.0	---	0.00	0.0	---	13.8	13.7	13.7	---	1020.5	0.00	0.0	0	0.00	0	0.016	0.000	22.5	47	10.6	21.9	8.75	1.1880	0.00	115	1	100.0	5
09/04/26	4:05	13.4	13.8	13.4	82	10.4	0.0	NNW	0.00	3.2	NNW	13.4	13.3	13.3	---	1020.5	0.00	0.0	0	0.00	0	0.017	0.000	22.6	47	10.7	22.1	8.75	1.1877	0.00	117	1	100.0	5
09/04/26	4:10	13.4	13.4	13.3	84	10.8	1.6	NNW	0.13	4.8	NNW	13.4	13.3	13.3	---	1020.6	0.00	0.0	0	0.00	0	0.017	0.000	22.5	47	10.6	21.9	8.75	1.1881	0.00	117	1	100.0	5
09/04/26	4:15	13.4	13.4	13.4	84	10.8	0.0	NNW	0.00	1.6	NNW	13.4	13.3	13.3	---	1020.5	0.00	0.0	0	0.00	0	0.017	0.000	22.5	47	10.6	21.9	8.75	1.1880	0.00	117	1	100.0	5
09/04/26	4:20	13.3	13.4	13.3	84	10.7	0.0	NNW	0.00	1.6	NNW	13.3	13.2	13.2	---	1020.4	0.00	0.0	0	0.00	0	0.017	0.000	22.5	47	10.6	21.9	8.75	1.1879	0.00	116	1	100.0	5
09/04/26	4:25	13.3	13.3	13.3	85	10.9	0.0	NNW	0.00	1.6	NNW	13.3	13.2	13.2	---	1020.3	0.00	0.0	0	0.00	0	0.017	0.000	22.5	47	10.6	21.9	8.75	1.1878	0.00	115	1	100.0	5
09/04/26	4:30	13.3	13.3	13.3	85	10.9	0.0	NNW	0.00	1.6	NNW	13.3	13.2	13.2	---	1020.3	0.00	0.0	0	0.00	0	0.017	0.000	22.5	47	10.6	21.9	8.75	1.1878	0.00	114	1	100.0	5
09/04/26	4:35	13.4	13.4	13.3	85	11.0	0.0	NNW	0.00	1.6	NNW	13.4	13.3	13.3	---	1020.3	0.00	0.0	0	0.00	0	0.017	0.000	22.5	47	10.6	21.9	8.75	1.1878	0.00	117	1	100.0	5
09/04/26	4:40	13.4	13.4	13.4	84	10.7	1.6	NW	0.13	3.2	NW	13.4	13.3	13.3	---	1020.4	0.00	0.0	0	0.00	0	0.017	0.000	22.5	47	10.6	21.9	8.75	1.1879	0.00	117	1	100.0	5
09/04/26	4:45	13.3	13.4	13.3	84	10.7	0.0	NW	0.00	3.2	NW	13.3	13.2	13.2	---	1020.4	0.00	0.0	0	0.00	0	0.017	0.000	22.5	47	10.6	21.9	8.75	1.1879	0.00	116	1	100.0	5
09/04/26	4:50	13.1	13.3	13.1	84	10.4	0.0	---	0.00	0.0	---	13.1	12.9	12.9	---	1020.5	0.00	0.0	0	0.00	0	0.018	0.000	22.5	47	10.6	21.9	8.75	1.1880	0.00	117	1	100.0	5
09/04/26	4:55	12.8	13.1	12.8	85	10.3	0.0	---	0.00	0.0	---	12.8	12.7	12.7	---	1020.3	0.00	0.0	0	0.00	0	0.019	0.000	22.4	47	10.6	21.9	8.75	1.1881	0.00	112	1	98.2	5
09/04/26	5:00	12.7	12.8	12.7	85	10.3	0.0	---	0.00	0.0	---	12.7	12.6	12.6	---	1020.2	0.00	0.0	0	0.00	0	0.019	0.000	22.4	47	10.6	21.9	8.75	1.1880	0.00	115	1	100.0	5
09/04/26	5:05	12.7	12.8	12.7	85	10.2	0.0	---	0.00	0.0	---	12.7	12.6	12.6	---	1020.2	0.00	0.0	0	0.00	0	0.020	0.000	22.4	47	10.6	21.9	8.75	1.1880	0.00	117	1	100.0	5
09/04/26	5:10	12.6	12.7	12.6	85	10.2	0.0	---	0.00	0.0	---	12.6	12.5	12.5	---	1020.2	0.00	0.0	0	0.00	0	0.020	0.000	22.4	47	10.6	21.9	8.75	1.1880	0.00	117	1	100.0	5
09/04/26	5:15	12.6	12.6	12.6	86	10.3	0.0	---	0.00	0.0	---	12.6	12.5	12.5	---	1020.2	0.00	0.0	0	0.00	0	0.020	0.000	22.5	47	10.6	21.9	8.75	1.1877	0.00	117	1	100.0	5
09/04/26	5:20	12.6	12.6	12.5	87	10.4	0.0	---	0.00	0.0	---	12.6	12.5	12.5	---	1020.3	0.00	0.0	0	0.00	0	0.020	0.000	22.4	47	10.6	21.9	8.75	1.1880	0.00	117	1	100.0	5
09/04/26	5:25	12.4	12.6	12.4	87	10.3	0.0	---	0.00	0.0	---	12.4	12.4	12.4	---	1020.4	0.00	0.0	0	0.00	0	0.020	0.000	22.4	47	10.6	21.9	8.75	1.1881	0.00	116	1	100.0	5
09/04/26	5:30	12.4	12.5	12.4	87	10.3	0.0	---	0.00	0.0	---	12.4	12.4	12.4	---	1020.3	0.00	0.0	0	0.00	0	0.020	0.000	22.4	47	10.6	21.9	8.75	1.1881	0.00	114	1	100.0	5
09/04/26	5:35	12.2	12.4	12.2	87	10.1	0.0	---	0.00	0.0	---	12.2	12.2	12.2	---	1020.3	0.00	0.0	0	0.00	0	0.021	0.000	22.4	47	10.6	21.9	8.75	1.1880	0.00	114	1	100.0	5
09/04/26	5:40	12.2	12.2	12.1	88	10.2	0.0	NW	0.00	3.2	NW	12.2	12.2	12.2	---	1020.3	0.00	0.0	0	0.00	0	0.021	0.000	22.4	47	10.6	21.9	8.75	1.1880	0.00	116	1	100.0	5
09/04/26	5:45	12.1	12.2	12.1	88	10.2	0.0	NW	0.00	3.2	NW	12.1	12.1	12.1	---	1020.3	0.00	0.0	0	0.00	0	0.022	0.000	22.4	47	10.6	21.9	8.75	1.1880	0.00	116	1	100.0	5
09/04/26	5:50	12.1	12.1	12.0	88	10.1	0.0	WNW	0.00	1.6	WNW	12.1	12.1	12.1	---	1020.3	0.00	0.0	0	0.00	0	0.022	0.000	22.4	47	10.6	21.9	8.75	1.1880	0.00	117	1	100.0	5
09/04/26	5:55	12.1	12.1	12.0	89	10.4	0.0	---	0.00	0.0	---	12.1	12.2	12.2	---	1020.1	0.00	0.0	0	0.00	0	0.022	0.000	22.4	47	10.6	21.9	8.75	1.1878	0.00	117	1	100.0	5
09/04/26	6:00	11.9	12.2	11.9	88	10.0	0.0	---	0.00	0.0	---	11.9	11.9	11.9	---	1020.2	0.00	0.0	0	0.00	0	0.022	0.000	22.4	47	10.6	21.9	8.75	1.1879	0.00	115	1	100.0	5
09/04/26	6:05	11.8	11.9	11.8	88	9.9	0.0	---	0.00	0.0	---	11.8	11.8	11.8	---	1020.1	0.00	0.0	0	0.00	0	0.023	0.000	22.4	47	10.6	21.9	8.75	1.1878	0.00	115	1	100.0	5
09/04/26	6:10	11.7	11.8	11.7	89	9.9	0.0	---	0.00	0.0	---	11.7	11.7	11.7	---	1020.0	0.00	0.0	0	0.00	0	0.023	0.000	22.4	47	10.5	21.8	8.75	1.1880	0.00	117	1	100.0	5
09/04/26	6:15	11.8	11.8	11.7	89	10.0	0.0	---	0.00	0.0	---	11.8	11.8	11.8	---	1020.2	0.00	0.0	0	0.00	0	0.023	0.000	22.4	47	10.6	21.9	8.75	1.1879	0.00	117	1	100.0	5
09/04/26	6:20	11.7	11.8	11.7	89	9.9	0.0	---	0.00	0.0	---	11.7	11.7	11.7	---	1020.2	0.00	0.0	0	0.00	0	0.023	0.000	22.4	47	10.5	21.8	8.75	1.1882	0.00	117	1	100.0	5
09/04/26	6:25	11.5	11.7	11.5	89	9.7	0.0	---	0.00	0.0	---	11.5	11.6	11.6	---	1020.2	0.00	0.0	0	0.00	0	0.024	0.000	22.4	47	10.6	21.9	8.75	1.1879	0.00	117	1	100.0	5
09/04/26	6:30	11.4	11.6	11.4	89	9.7	0.0	---	0.00	0.0	---	11.4	11.5	11.5	---	1020.2	0.00	0.0	0	0.00	0	0.024	0.000	22.4	47	10.5	21.8	8.75	1.1882	0.00	116	1	100.0	5
09/04/26	6:35	11.4	11.4	11.4	90	9.8	0.0	NW	0.00	1.6	NW	11.4	11.5	11.5	---	1020.3	0.00	0.0	0	0.00	0	0.024	0.000	22.4	47	10.5	21.8	8.75	1.1883	0.00	114	1	100.0	5
09/04/26	6:40	11.6	11.6	11.3	91	10.2	0.0	---	0.00	0.0	---	11.6	11.7	11.7	---	1020.3	0.00	0.0	0	0.00	0	0.023	0.000	22.4	47	10.5	21.8	8.75	1.1883	0.00	115	1	100.0	5
09/04/26	6:45	11.6	11.6	11.6	91	10.2	0.0	---	0.00	0.0	---	11.6	11.7	11.7	---	1020.3	0.00	0.0	0	0.00	0	0.023	0.000	22.4	47	10.5	21.8	8.75	1.1884	0.00	116	1	100.0	5
09/04/26	6:50	11.7	11.7	11.6	91	10.3	0.0	---	0.00	0.0	---	11.7	11.8	11.8	---	1020.2	0.00	0.0	0	0.00	0	0.023	0.000	22.4	47	10.5	21.8	8.75	1.1882	0.00	117	1	100.0	5
09/04/26	6:55	11.8	11.8	11.7	91	10.4	0.0	---	0.00	0.0	---	11.8	11.8	11.8	---	1020.3	0.00	0.0	0	0.00	0	0.023	0.000	22.4	47	10.5	21.8	8.75	1.1884	0.00	117	1	100.0	5
09/04/26	7:00	11.8	11.8	11.8	91	10.4	0.0	---	0.00	0.0	---	11.8	11.9	11.9	---	1020.3	0.00	0.0	0	0.00	0	0.023	0.000	22.4	47	10.5	21.8	8.75	1.1883	0.00	117	1	100.0	5
09/04/26	7:05	11.6	11.8	11.6	90	10.0	0.0	---	0.00	0.0	---	11.6	11.7	11.7	---	1020.2	0.00	0.0	0	0.00	0	0.023	0.000	22.4	47	10.6	21.9	8.75	1.1879	0.00	116	1	100.0	5
09/04/26	7:10	11.5	11.6	11.5	90	9.9	0.0	---	0.00	0.0	---	11.5	11.6	11.6	---	1020.3	0.00	0.0	0	0.00	0	0.024	0.000	22.4	47	10.6	21.9	8.75	1.1880	0.00	114	1	100.0	5
09/04/26	7:15	11.4	11.5	11.4	91	10.0	0.0	---	0.00	0.0	---	11.4	11.5	11.5	---	1020.3	0.00	0.0	0	0.00	0	0.024	0.000	22.4	47	10.5	21.8	8.75	1.1883	0.00	116	1	100.0	5
09/04/26	7:20	11.5	11.5	11.4	91	10.1	0.0	---	0.00	0.0	---	11.5	11.6	11.6	---	1020.3	0.00	0.0	0	0.00	0	0.024	0.000	22.4	47	10.5	21.8	8.75	1.1883	0.00	117	1	100.0	5
09/04/26	7:25	11.6	11.7	11.5	91	10.2	0.0	---	0.00	0.0	---	11.6	11.7	11.7	---	1020.2	0.00	0.0	0	0.00	0	0.023	0.000	22.4	47	10.5	21.8	8.75	1.1882	0.00	117	1	100.0	5
09/04/26	7:30	11.7	11.7	11.7	91	10.2	0.0	---	0.00	0.0	---	11.7	11.7	11.7	---	1020.2	0.00	0.0	5	0.04	7	0.023	0.000	22.3	47	10.5	21.7	8.75	1.1885	0.00	117	1	100.0	5
09/04/26	7:35	11.6	11.7	11.6	91	10.2	0.0	---	0.00	0.0	---	11.6	11.7	11.7	---	1020.3	0.00	0.0	8	0.06	9	0.023	0.000	22.3	47	10.5	21.7	8.75	1.1886	0.00	116	1	100.0	5
09/04/26	7:40	11.7	11.7	11.6	92	10.4	0.0	---	0.00	0.0	---	11.7	11.8	11.8	---	1020.3	0.00	0.0	11	0.08	11	0.023	0.000	22.3	47	10.5	21.7	8.75	1.1886	0.00	114	1	100.0	5
09/04/26	7:45	11.7	11.7	11.7	91	10.2	0.0	---	0.00	0.0	---	11.7	11.7	11.7	---	1020.4	0.00	0.0	12	0.09	14	0.023	0.000	22.3	47	10.5	21.7	8.75	1.1887	0.00	115	1	100.0	5
09/04/26	7:50	11.7	11.7	11.7	91	10.3	0.0	---	0.00	0.0	---	11.7	11.8	11.8	---	1020.3	0.00	0.0	16	0.11	19	0.023	0.000	22.3	47	10.5	21.7	8.75	1.1886	0.00	116	1	100.0	5
09/04/26	7:55	11.9	11.9	11.7	92	10.6	0.0	---	0.00	0.0	---	11.9	12.0	12.0	---	1020.3	0.00	0.0	23	0.16	26	0.022	0.000	22.3	48	10.8	21.8	8.89	1.1883	0.00	117	1	100.0	5
09/04/26	8:00	12.2	12.2	11.9	93	11.1	0.0	---	0.00	0.0	---	12.2	12.3	12.3	---	1020.3	0.00	0.0	31	0.22	35	0.021	0.000	22.3	48	10.8	21.8	8.89	1.1883	0.00	117	1	100.0	5
09/04/26	8:05	12.4	12.4	12.2	92	11.2	0.0	---	0.00	0.0	---	12.4	12.6	12.6	---	1020.3	0.00	0.0	40	0.29	44	0.020	0.000	22.3	48	10.8	21.8	8.89	1.1883	0.00	117	1	100.0	5
09/04/26	8:10	12.6	12.7	12.4	92	11.3	0.0	---	0.00	0.0	---	12.6	12.7	12.7	---	1020.3	0.00	0.0	50	0.36	54	0.020	0.000	22.3	48	10.8	21.8	8.89	1.1883	0.00	112	1	98.2	5
09/04/26	8:15	12.9	12.9	12.7	91	11.5	0.0	---	0.00	0.0	---	12.9	12.9	12.9	---	1020.3	0.00	0.0	60	0.43	65	0.019	0.000	22.4	48	10.8	21.8	8.90	1.1880	0.00	116	1	100.0	5
09/04/26	8:20	13.1	13.1	12.9	89	11.3	0.0	---	0.00	0.0	---	13.1	13.1	13.1	---	1020.4	0.00	0.0	72	0.52	76	0.018	0.000	22.3	48	10.8	21.8	8.89	1.1884	0.00	116	1	100.0	5
09/04/26	8:25	13.2	13.2	13.1	89	11.4	0.0	---	0.00	0.0	---	13.2	13.2	13.2	---	1020.3	0.00	0.0	84	0.60	90	0.018	0.000	22.4	48	10.8	21.8	8.90	1.1880	0.00	117	1	100.0	5
09/04/26	8:30	13.4	13.4	13.2	89	11.7	0.0	---	0.00	0.0	---	13.4	13.4	13.4	---	1020.2	0.00	0.0	98	0.70	105	0.017	0.000	22.4	48	10.8	21.8	8.90	1.1879	0.00	117	1	100.0	5
09/04/26	8:35	13.6	13.6	13.4	88	11.6	0.0	---	0.00	0.0	---	13.6	13.6	13.6	---	1020.1	0.00	0.0	115	0.82	123	0.017	0.000	22.4	48	10.9	21.9	8.90	1.1875	0.00	117	1	100.0	5
09/04/26	8:40	13.8	13.8	13.6	87	11.7	0.0	---	0.00	0.0	---	13.8	13.7	13.7	---	1020.3	0.00	0.0	132	0.95	139	0.016	0.000	22.4	48	10.8	21.8	8.90	1.1880	0.00	115	1	100.0	5
09/04/26	8:45	13.9	13.9	13.8	87	11.8	0.0	---	0.00	0.0	---	13.9	13.8	13.8	---	1020.3	0.00	0.0	148	1.06	155	0.015	0.000	22.4	48	10.9	21.9	8.90	1.1878	0.00	113	1	99.1	5
09/04/26	8:50	14.2	14.2	13.9	87	12.0	0.0	---	0.00	0.0	---	14.2	14.2	14.2	---	1020.2	0.00	0.0	165	1.18	171	0.014	0.000	22.4	49	11.2	22.0	9.05	1.1873	0.00	116	1	100.0	5
09/04/26	8:55	14.6	14.6	14.2	86	12.3	0.0	---	0.00	0.0	---	14.6	14.6	14.6	---	1020.4	0.00	0.0	180	1.29	186	0.013	0.000	22.4	49	11.2	22.0	9.05	1.1875	0.00	117	1	100.0	5
09/04/26	9:00	15.0	15.0	14.6	84	12.3	0.0	---	0.00	0.0	---	15.0	14.9	14.9	---	1020.3	0.00	0.0	196	1.40	202	0.012	0.000	22.5	49	11.2	22.1	9.05	1.1871	0.05	117	1	100.0	5
09/04/26	9:05	15.5	15.5	15.0	84	12.8	0.0	---	0.00	0.0	---	15.5	15.5	15.5	---	1020.3	0.00	0.0	212	1.52	218	0.010	0.000	22.5	49	11.2	22.1	9.05	1.1871	0.00	117	1	100.0	5
09/04/26	9:10	16.0	16.0	15.5	81	12.7	0.0	---	0.00	0.0	---	16.0	15.9	15.9	---	1020.3	0.00	0.0	225	1.61	232	0.008	0.000	22.5	49	11.2	22.1	9.05	1.1871	0.00	113	1	99.1	5
09/04/26	9:15	16.3	16.3	16.0	80	12.9	0.0	---	0.00	0.0	---	16.3	16.3	16.3	---	1020.3	0.00	0.0	240	1.72	246	0.007	0.000	22.4	49	11.2	22.0	9.05	1.1874	0.00	116	1	100.0	5
09/04/26	9:20	16.8	16.8	16.3	78	12.9	0.0	---	0.00	0.0	---	16.8	16.8	16.8	---	1020.3	0.00	0.0	254	1.82	260	0.005	0.000	22.5	49	11.2	22.1	9.05	1.1871	0.00	117	1	100.0	5
09/04/26	9:25	17.1	17.1	16.8	75	12.6	0.0	---	0.00	0.0	---	17.1	17.0	17.0	---	1020.2	0.00	0.0	267	1.91	272	0.004	0.000	22.4	49	11.2	22.0	9.05	1.1873	0.00	116	1	100.0	5
09/04/26	9:30	17.2	17.2	17.1	75	12.7	0.0	---	0.00	0.0	---	17.2	17.1	17.1	---	1020.2	0.00	0.0	280	2.01	285	0.004	0.000	22.5	49	11.2	22.1	9.05	1.1870	0.00	117	1	100.0	5
09/04/26	9:35	17.4	17.4	17.2	75	12.9	0.0	---	0.00	0.0	---	17.4	17.3	17.3	---	1020.2	0.00	0.0	293	2.10	299	0.003	0.000	22.5	50	11.6	22.1	9.25	1.1866	0.00	115	1	100.0	5
09/04/26	9:40	17.6	17.6	17.4	74	12.9	0.0	---	0.00	0.0	---	17.6	17.5	17.5	---	1020.2	0.00	0.0	307	2.20	313	0.003	0.000	22.5	50	11.6	22.1	9.25	1.1867	0.00	115	1	100.0	5
09/04/26	9:45	17.9	17.9	17.6	72	12.8	0.0	---	0.00	0.0	---	17.9	17.8	17.8	---	1020.2	0.00	0.0	321	2.30	327	0.001	0.000	22.6	50	11.6	22.2	9.25	1.1864	0.00	117	1	100.0	5
09/04/26	9:50	18.2	18.2	17.9	72	13.0	0.0	---	0.00	0.0	---	18.2	18.1	18.1	---	1020.3	0.00	0.0	335	2.40	339	0.001	0.000	22.6	50	11.7	22.3	9.25	1.1862	0.00	117	1	100.0	5
09/04/26	9:55	18.3	18.3	18.2	71	13.0	0.0	---	0.00	0.0	---	18.3	18.2	18.2	---	1020.3	0.00	0.0	347	2.49	352	0.000	0.000	22.7	51	12.0	22.4	9.39	1.1856	0.00	117	1	100.0	5
09/04/26	10:00	18.2	18.4	18.2	69	12.4	0.0	---	0.00	0.0	---	18.2	17.9	17.9	---	1020.2	0.00	0.0	359	2.57	364	0.001	0.000	22.7	51	12.1	22.4	9.39	1.1853	0.15	114	1	100.0	5
09/04/26	10:05	18.3	18.3	18.1	69	12.5	0.0	---	0.00	0.0	---	18.3	18.1	18.1	---	1020.3	0.00	0.0	370	2.65	374	0.000	0.000	22.8	51	12.1	22.6	9.39	1.1851	0.00	113	1	99.1	5
09/04/26	10:10	18.9	18.9	18.4	68	12.9	0.0	---	0.00	0.0	---	18.9	18.8	18.8	---	1020.3	0.00	0.0	385	2.76	390	0.000	0.002	22.8	51	12.2	22.6	9.39	1.1849	0.00	117	1	100.0	5
09/04/26	10:15	19.6	19.6	18.9	65	12.8	0.0	---	0.00	0.0	---	19.6	19.4	19.4	---	1020.4	0.00	0.0	398	2.85	403	0.000	0.004	22.8	51	12.2	22.6	9.39	1.1849	0.00	117	1	100.0	5
09/04/26	10:20	20.0	20.0	19.6	66	13.5	0.0	---	0.00	0.0	---	20.0	20.0	20.0	---	1020.4	0.00	0.0	410	2.94	415	0.000	0.006	22.9	51	12.2	22.7	9.39	1.1847	0.00	117	1	100.0	5
09/04/26	10:25	19.7	20.1	19.7	64	12.7	0.0	---	0.00	0.0	---	19.7	19.5	19.5	---	1020.5	0.00	0.0	423	3.03	429	0.000	0.005	22.9	50	11.9	22.7	9.25	1.1851	0.00	116	1	100.0	5
09/04/26	10:30	19.4	19.7	19.4	63	12.2	1.6	SW	0.13	3.2	SW	19.4	19.2	19.2	---	1020.5	0.00	0.0	432	3.10	432	0.000	0.004	22.9	50	12.0	22.7	9.25	1.1848	0.00	62	1	54.4	5
09/04/26	10:35	19.5	19.5	19.3	65	12.7	0.0	SW	0.00	1.6	SW	19.5	19.4	19.4	---	1020.5	0.00	0.0	447	3.20	450	0.000	0.004	23.0	50	12.0	22.8	9.25	1.1845	0.00	95	1	83.3	5
09/04/26	10:40	19.7	19.7	19.5	68	13.6	0.0	N	0.00	3.2	N	19.7	19.8	19.8	---	1020.5	0.00	0.0	453	3.25	454	0.000	0.005	23.1	50	12.1	22.9	9.25	1.1843	0.00	37	1	32.5	5
09/04/26	10:45	---	---	---	68	---	0.0	---	0.00	0.0	---	---	---	---	---	1020.6	0.00	0.0	454	3.25	454	---	---	23.4	50	12.4	23.3	9.25	1.1827	0.00	0	1	0.0	5
09/04/26	10:50	---	---	---	---	---	0.0	---	0.00	0.0	---	---	---	---	---	1020.5	0.00	0.0	---	---	---	---	---	23.7	50	12.7	23.7	9.25	1.1810	0.00	0	1	0.0	5
09/04/26	10:55	---	---	---	---	---	0.0	---	0.00	0.0	---	---	---	---	---	1020.5	0.00	0.0	---	---	---	---	---	23.6	50	12.5	23.4	9.25	1.1818	0.00	0	1	0.0	5
09/04/26	11:00	---	---	---	---	---	0.0	---	0.00	0.0	---	---	---	---	---	1020.5	0.00	0.0	---	---	---	---	---	23.6	50	12.5	23.4	9.25	1.1818	0.00	0	1	0.0	5
09/04/26	11:05	21.6	21.6	21.6	60	13.5	0.0	---	0.00	0.0	---	21.6	21.3	21.3	---	1020.5	0.00	0.0	520	3.73	520	0.000	0.011	23.6	50	12.5	23.4	9.25	1.1818	0.00	17	1	14.9	5
09/04/26	11:10	22.1	22.1	21.6	60	13.9	1.6	SSE	0.13	3.2	SSE	22.1	21.9	21.9	---	1020.4	0.00	0.0	524	3.76	527	0.000	0.013	23.6	50	12.5	23.4	9.25	1.1817	0.00	117	1	100.0	5
09/04/26	11:15	22.3	22.3	22.0	58	13.6	1.6	SSE	0.13	4.8	SSW	22.3	22.2	22.2	---	1020.6	0.00	0.0	534	3.83	540	0.000	0.014	23.6	50	12.5	23.4	9.25	1.1818	0.00	117	1	100.0	5
09/04/26	11:20	22.4	22.4	22.2	58	13.7	1.6	S	0.13	6.4	SSE	22.4	22.3	22.3	---	1020.5	0.00	0.0	544	3.90	548	0.000	0.014	23.6	50	12.5	23.4	9.25	1.1818	0.00	115	1	100.0	5
09/04/26	11:25	22.6	22.6	22.4	57	13.6	1.6	S	0.13	6.4	SSE	22.6	22.5	22.5	---	1020.5	0.00	0.0	554	3.97	557	0.000	0.015	23.6	50	12.5	23.4	9.25	1.1818	0.00	115	1	100.0	5
09/04/26	11:30	22.7	22.7	22.6	57	13.7	1.6	S	0.13	6.4	S	22.7	22.6	22.6	---	1020.5	0.00	0.0	561	4.02	561	0.000	0.015	23.6	50	12.5	23.4	9.25	1.1818	0.00	51	1	44.7	5
09/04/26	11:35	22.7	22.8	22.7	59	14.3	4.8	SSE	0.40	9.7	SSW	22.7	22.8	22.8	---	1020.5	0.00	0.0	574	4.11	577	0.000	0.015	23.7	50	12.6	23.6	9.25	1.1812	0.00	112	1	98.2	5
09/04/26	11:40	22.7	22.7	22.7	58	14.0	1.6	SW	0.13	8.0	SW	22.7	22.7	22.7	---	1020.4	0.00	0.0	582	4.17	585	0.000	0.015	23.7	50	12.6	23.6	9.25	1.1811	0.00	116	1	100.0	5
09/04/26	11:45	22.9	22.9	22.7	58	14.2	3.2	S	0.27	8.0	SW	22.9	22.9	22.9	---	1020.5	0.00	0.0	589	4.22	592	0.000	0.016	23.7	50	12.6	23.6	9.25	1.1812	0.00	116	1	100.0	5
09/04/26	11:50	22.8	22.9	22.8	59	14.3	3.2	SW	0.27	6.4	WSW	22.8	22.8	22.8	---	1020.6	0.00	0.0	597	4.28	599	0.000	0.015	23.7	49	12.3	23.6	9.05	1.1816	0.00	113	1	99.1	5
09/04/26	11:55	22.9	22.9	22.7	58	14.2	3.2	SSE	0.27	8.0	SSE	22.9	22.9	22.9	---	1020.5	0.00	0.0	604	4.33	608	0.000	0.016	23.7	49	12.3	23.6	9.05	1.1816	0.00	117	1	100.0	5
09/04/26	12:00	23.1	23.1	22.9	57	14.1	1.6	SSW	0.13	8.0	S	23.1	23.1	23.1	---	1020.4	0.00	0.0	612	4.39	615	0.000	0.016	23.7	49	12.3	23.6	9.05	1.1815	0.36	117	1	100.0	5
09/04/26	12:05	23.6	23.6	23.1	53	13.4	1.6	SE	0.13	4.8	SSE	23.6	23.6	23.6	---	1020.4	0.00	0.0	620	4.44	624	0.000	0.018	23.7	49	12.4	23.6	9.05	1.1812	0.00	117	1	100.0	5
09/04/26	12:10	23.9	23.9	23.6	52	13.5	3.2	S	0.27	6.4	SSW	23.9	23.9	23.9	---	1020.3	0.00	0.0	628	4.50	631	0.000	0.019	23.7	49	12.4	23.6	9.05	1.1810	0.00	116	1	100.0	5
09/04/26	12:15	24.4	24.4	24.0	51	13.6	1.6	SSE	0.13	3.2	SE	24.4	24.4	24.4	---	1020.3	0.00	0.0	636	4.56	638	0.000	0.021	23.7	49	12.4	23.6	9.05	1.1810	0.00	114	1	100.0	5
09/04/26	12:20	24.7	24.7	24.4	51	13.9	1.6	SE	0.13	6.4	SSW	24.7	24.7	24.7	---	1020.3	0.00	0.0	643	4.61	647	0.000	0.022	23.7	49	12.4	23.6	9.05	1.1811	0.00	114	1	100.0	5
09/04/26	12:25	24.9	24.9	24.8	50	13.8	3.2	SE	0.27	6.4	SE	24.9	24.9	24.9	---	1020.2	0.00	0.0	648	4.64	649	0.000	0.023	23.8	49	12.4	23.7	9.05	1.1807	0.00	60	1	52.6	5
09/04/26	12:30	25.0	25.1	25.0	49	13.5	4.8	SE	0.40	11.3	SE	25.0	24.9	24.9	---	1020.2	0.00	0.0	657	4.71	657	0.000	0.023	23.8	49	12.5	23.7	9.05	1.1804	0.00	28	1	24.6	5
09/04/26	12:35	24.9	24.9	24.8	50	13.8	3.2	SSE	0.27	9.7	SSE	24.9	24.8	24.8	---	1020.1	0.00	0.0	661	4.74	661	0.000	0.023	23.9	48	12.2	23.7	8.95	1.1804	0.00	48	1	42.1	5
09/04/26	12:40	25.4	25.4	24.9	49	13.9	1.6	SE	0.13	11.3	SE	25.4	25.3	25.3	---	1020.1	0.00	0.0	668	4.79	670	0.000	0.025	23.8	48	12.2	23.7	8.95	1.1806	0.00	85	1	74.6	5
09/04/26	12:45	25.9	25.9	25.4	49	14.4	1.6	S	0.13	4.8	SSW	25.9	25.9	25.9	---	1020.0	0.00	0.0	673	4.82	675	0.000	0.026	23.8	48	12.2	23.7	8.95	1.1805	0.00	99	1	86.8	5
09/04/26	12:50	26.1	26.1	25.9	48	14.2	3.2	SE	0.27	6.4	SE	26.1	25.9	25.9	---	1020.1	0.00	0.0	677	4.85	679	0.000	0.027	23.8	48	12.1	23.6	8.95	1.1808	0.00	112	1	98.2	5
09/04/26	12:55	25.8	26.1	25.8	49	14.3	3.2	SSE	0.27	8.0	SSE	25.8	25.8	25.8	---	1020.1	0.00	0.0	681	4.88	682	0.000	0.026	23.8	48	12.1	23.6	8.95	1.1808	0.00	117	1	100.0	5
09/04/26	13:00	25.9	25.9	25.9	47	13.8	1.6	SE	0.13	8.0	ESE	25.9	25.7	25.7	---	1020.0	0.00	0.0	685	4.91	686	0.000	0.026	23.8	48	12.2	23.7	8.95	1.1805	0.48	117	1	100.0	5
09/04/26	13:05	26.3	26.3	25.9	46	13.7	0.0	SSE	0.00	3.2	SE	26.3	26.0	26.0	---	1020.1	0.00	0.0	688	4.93	689	0.000	0.028	23.8	48	12.2	23.7	8.95	1.1806	0.00	115	1	100.0	5
09/04/26	13:10	26.3	26.4	26.3	42	12.4	3.2	SW	0.27	8.0	WSW	26.3	25.8	25.8	---	1020.1	0.00	0.0	694	4.97	696	0.000	0.028	23.8	48	12.2	23.7	8.95	1.1806	0.00	110	1	96.5	5
09/04/26	13:15	25.9	26.3	25.9	43	12.4	3.2	WNW	0.27	8.0	SW	25.9	25.4	25.4	---	1020.0	0.00	0.0	699	5.01	700	0.000	0.026	23.8	48	12.2	23.7	8.95	1.1805	0.00	114	1	100.0	5
09/04/26	13:20	25.9	25.9	25.8	43	12.4	3.2	SW	0.27	6.4	W	25.9	25.4	25.4	---	1019.7	0.00	0.0	703	5.04	705	0.000	0.026	23.8	47	11.8	23.6	8.75	1.1805	0.00	117	1	100.0	5
09/04/26	13:25	25.9	25.9	25.8	42	12.0	4.8	NW	0.40	11.3	WSW	25.9	25.3	25.3	---	1019.8	0.00	0.0	708	5.07	708	0.000	0.026	23.8	47	11.8	23.6	8.75	1.1806	0.00	64	1	56.1	5
09/04/26	13:30	25.8	25.8	25.7	44	12.6	4.8	NW	0.40	12.9	N	25.8	25.3	25.3	---	1019.7	0.00	0.0	709	5.08	712	0.000	0.026	24.0	47	12.0	23.8	8.75	1.1796	0.00	76	1	66.7	5
09/04/26	13:35	25.9	25.9	25.8	42	12.0	4.8	NW	0.40	11.3	N	25.9	25.3	25.3	---	1019.7	0.00	0.0	714	5.12	717	0.000	0.026	24.0	47	12.0	23.8	8.75	1.1796	0.00	113	1	99.1	5
09/04/26	13:40	25.9	25.9	25.8	43	12.4	4.8	NNW	0.40	9.7	NNW	25.9	25.4	25.4	---	1019.6	0.00	0.0	713	5.11	717	0.000	0.026	23.9	47	11.9	23.7	8.75	1.1798	0.00	117	1	100.0	5
09/04/26	13:45	26.1	26.1	25.9	43	12.6	4.8	W	0.40	9.7	WNW	26.1	25.7	25.7	---	1019.6	0.00	0.0	712	5.10	717	0.000	0.027	23.9	47	11.9	23.7	8.75	1.1798	0.00	109	1	95.6	5
09/04/26	13:50	26.3	26.3	26.2	41	12.0	3.2	NNW	0.27	8.0	SW	26.3	25.7	25.7	---	1019.6	0.00	0.0	727	5.21	729	0.000	0.028	23.9	47	11.9	23.7	8.75	1.1798	0.00	107	1	93.9	5
09/04/26	13:55	26.4	26.4	26.3	43	12.9	3.2	WSW	0.27	6.4	WNW	26.4	25.9	25.9	---	1019.6	0.00	0.0	737	5.28	742	0.000	0.028	23.9	46	11.6	23.6	8.55	1.1805	0.00	102	1	89.5	5
09/04/26	14:00	26.7	26.7	26.4	44	13.4	1.6	N	0.13	12.9	N	26.7	26.3	26.3	---	1019.5	0.00	0.0	748	5.36	751	0.000	0.029	23.9	46	11.6	23.6	8.55	1.1803	0.56	95	1	83.3	5
09/04/26	14:05	26.8	26.8	26.7	45	13.9	3.2	N	0.27	8.0	NW	26.8	26.4	26.4	---	1019.5	0.00	0.0	734	5.26	751	0.000	0.029	23.9	46	11.6	23.6	8.55	1.1803	0.00	87	1	76.3	5
09/04/26	14:10	26.4	26.8	26.4	45	13.5	4.8	SW	0.40	11.3	SSW	26.4	26.1	26.1	---	1019.5	0.00	0.0	681	4.88	687	0.000	0.028	23.9	46	11.6	23.7	8.55	1.1801	0.00	85	1	74.6	5
09/04/26	14:15	26.2	26.4	26.2	45	13.3	6.4	WSW	0.54	16.1	NW	26.2	25.8	25.8	---	1019.5	0.00	0.0	677	4.85	686	0.000	0.027	23.9	46	11.6	23.7	8.55	1.1801	0.00	79	1	69.3	5
09/04/26	14:20	26.3	26.3	26.2	44	13.1	4.8	W	0.40	14.5	WSW	26.3	25.9	25.9	---	1019.5	0.00	0.0	586	4.20	603	0.000	0.028	23.9	46	11.6	23.7	8.55	1.1801	0.00	67	1	58.8	5
09/04/26	14:25	26.6	26.6	26.4	44	13.3	4.8	W	0.40	14.5	WNW	26.6	26.2	26.2	---	1019.5	0.00	0.0	662	4.74	680	0.000	0.029	23.9	46	11.6	23.7	8.55	1.1800	0.00	84	1	73.7	5
09/04/26	14:30	26.6	26.6	26.4	44	13.3	4.8	NW	0.40	11.3	W	26.6	26.2	26.2	---	1019.5	0.00	0.0	652	4.67	679	0.000	0.029	23.9	46	11.6	23.7	8.55	1.1800	0.00	87	1	76.3	5
09/04/26	14:35	26.6	26.7	26.6	44	13.4	4.8	NNW	0.40	12.9	N	26.6	26.2	26.2	---	1019.4	0.00	0.0	635	4.55	657	0.000	0.029	24.0	46	11.7	23.7	8.55	1.1797	0.00	101	1	88.6	5
09/04/26	14:40	26.4	26.6	26.4	45	13.5	3.2	NNW	0.27	9.7	NNW	26.4	26.1	26.1	---	1019.4	0.00	0.0	614	4.40	626	0.000	0.028	23.9	46	11.6	23.7	8.55	1.1800	0.00	90	1	78.9	5
09/04/26	14:45	26.7	26.7	26.6	44	13.4	4.8	NW	0.40	12.9	N	26.7	26.3	26.3	---	1019.4	0.00	0.0	701	5.02	701	0.000	0.029	23.9	46	11.6	23.7	8.55	1.1799	0.00	45	1	39.5	5
09/04/26	14:50	26.6	26.7	26.6	45	13.7	4.8	NNW	0.40	12.9	WSW	26.6	26.3	26.3	---	1019.3	0.00	0.0	684	4.90	693	0.000	0.029	24.0	46	11.7	23.7	8.55	1.1796	0.00	63	1	55.3	5
09/04/26	14:55	26.7	26.7	26.5	45	13.8	3.2	NNE	0.27	6.4	NW	26.7	26.4	26.4	---	1019.3	0.00	0.0	620	4.44	645	0.000	0.029	24.0	46	11.7	23.7	8.55	1.1796	0.00	71	1	62.3	5
09/04/26	15:00	26.7	26.8	26.7	45	13.7	6.4	NNE	0.54	17.7	NNE	26.7	26.3	26.3	---	1019.3	0.00	0.0	622	4.46	649	0.000	0.029	24.0	46	11.7	23.7	8.55	1.1796	0.53	111	1	97.4	5
09/04/26	15:05	26.3	26.7	26.3	48	14.4	8.0	NNW	0.67	20.9	NNW	26.3	26.2	26.2	---	1019.3	0.00	0.0	665	4.77	680	0.000	0.028	24.0	46	11.7	23.7	8.55	1.1796	0.00	117	1	100.0	5
09/04/26	15:10	26.3	26.3	26.1	48	14.4	6.4	NNE	0.54	19.3	NE	26.3	26.2	26.2	---	1019.4	0.00	0.0	645	4.62	650	0.000	0.028	24.1	46	11.7	23.8	8.54	1.1794	0.00	116	1	100.0	5
09/04/26	15:15	26.4	26.4	26.2	47	14.2	6.4	N	0.54	16.1	N	26.4	26.2	26.2	---	1019.4	0.00	0.0	650	4.66	675	0.000	0.028	24.1	46	11.7	23.8	8.54	1.1794	0.00	117	1	100.0	5
09/04/26	15:20	26.6	26.6	26.4	46	14.0	4.8	WNW	0.40	14.5	WNW	26.6	26.3	26.3	---	1019.4	0.00	0.0	687	4.92	696	0.000	0.029	24.1	46	11.7	23.8	8.54	1.1794	0.00	114	1	100.0	5
09/04/26	15:25	26.8	26.8	26.6	45	13.9	8.0	W	0.67	16.1	WNW	26.8	26.5	26.5	---	1019.4	0.00	0.0	676	4.85	684	0.000	0.030	24.1	47	12.0	23.8	8.74	1.1790	0.00	114	1	100.0	5
09/04/26	15:30	27.1	27.1	26.8	45	14.1	6.4	NNW	0.54	12.9	N	27.1	26.8	26.8	---	1019.3	0.00	0.0	647	4.64	682	0.000	0.030	24.1	46	11.8	23.8	8.54	1.1790	0.00	116	1	100.0	5
09/04/26	15:35	26.7	27.1	26.7	45	13.8	6.4	NNW	0.54	14.5	N	26.7	26.4	26.4	---	1019.3	0.00	0.0	592	4.24	647	0.000	0.029	24.1	46	11.8	23.8	8.54	1.1790	0.00	116	1	100.0	5
09/04/26	15:40	26.7	26.7	26.6	45	13.7	6.4	WNW	0.54	22.5	W	26.7	26.3	26.3	---	1019.2	0.00	0.0	648	4.64	675	0.000	0.029	24.1	46	11.8	23.8	8.54	1.1788	0.00	116	1	100.0	5
09/04/26	15:45	26.9	27.1	26.7	44	13.7	6.4	WNW	0.54	20.9	WSW	26.9	26.6	26.6	---	1019.3	0.00	0.0	589	4.22	659	0.000	0.030	24.1	46	11.8	23.8	8.54	1.1790	0.00	116	1	100.0	5
09/04/26	15:50	26.7	26.9	26.7	45	13.7	8.0	WSW	0.67	16.1	WNW	26.7	26.3	26.3	---	1019.2	0.00	0.0	579	4.15	594	0.000	0.029	24.1	46	11.8	23.8	8.54	1.1789	0.00	112	1	98.2	5
09/04/26	15:55	26.8	26.8	26.7	44	13.6	6.4	WNW	0.54	16.1	NNE	26.8	26.4	26.4	---	1019.1	0.00	0.0	576	4.13	601	0.000	0.030	24.2	46	11.8	23.9	8.54	1.1785	0.00	112	1	98.2	5
09/04/26	16:00	26.3	26.8	26.3	44	13.1	11.3	NNW	0.94	20.9	NNW	26.3	25.9	25.9	---	1019.2	0.00	0.0	522	3.74	580	0.000	0.028	24.2	46	11.8	23.9	8.54	1.1786	0.51	114	1	100.0	5
09/04/26	16:05	26.3	26.3	26.2	45	13.4	8.0	N	0.67	24.1	NNE	26.3	25.9	25.9	---	1019.2	0.00	0.0	422	3.02	454	0.000	0.028	24.2	46	11.8	23.9	8.54	1.1786	0.00	116	1	100.0	5
09/04/26	16:10	25.9	26.3	25.9	45	13.1	11.3	NNW	0.94	25.7	N	25.9	25.6	25.6	---	1019.2	0.00	0.0	393	2.82	418	0.000	0.026	24.2	46	11.8	23.9	8.54	1.1786	0.00	115	1	100.0	5
09/04/26	16:15	26.0	26.0	25.9	46	13.5	8.0	N	0.67	17.7	NNW	26.0	25.7	25.7	---	1019.2	0.00	0.0	457	3.28	492	0.000	0.027	24.2	46	11.9	23.9	8.54	1.1783	0.00	115	1	100.0	5
09/04/26	16:20	26.0	26.0	25.9	45	13.1	8.0	N	0.67	17.7	NNW	26.0	25.7	25.7	---	1019.1	0.00	0.0	408	2.92	427	0.000	0.027	24.2	46	11.9	23.9	8.54	1.1782	0.00	115	1	100.0	5
09/04/26	16:25	26.1	26.1	26.0	46	13.6	6.4	NNW	0.54	14.5	NNW	26.1	25.8	25.8	---	1019.1	0.00	0.0	418	3.00	457	0.000	0.027	24.2	46	11.8	23.9	8.54	1.1785	0.00	116	1	100.0	5
09/04/26	16:30	26.1	26.2	26.1	45	13.2	8.0	WNW	0.67	17.7	WNW	26.1	25.8	25.8	---	1019.2	0.00	0.0	502	3.60	538	0.000	0.027	24.2	46	11.9	23.9	8.54	1.1783	0.00	115	1	100.0	5
09/04/26	16:35	26.3	26.3	26.1	46	13.7	6.4	NNW	0.54	17.7	NNW	26.3	26.0	26.0	---	1019.1	0.00	0.0	567	4.06	589	0.000	0.028	24.2	46	11.9	23.9	8.54	1.1783	0.00	117	1	100.0	5
09/04/26	16:40	26.5	26.5	26.3	45	13.6	4.8	WNW	0.40	12.9	WSW	26.5	26.2	26.2	---	1019.1	0.00	0.0	477	3.42	499	0.000	0.028	24.2	46	11.9	23.9	8.54	1.1782	0.00	115	1	100.0	5
09/04/26	16:45	26.6	26.6	26.5	46	14.0	4.8	W	0.40	12.9	NNW	26.6	26.4	26.4	---	1019.0	0.00	0.0	416	2.98	464	0.000	0.029	24.2	46	11.9	23.9	8.54	1.1781	0.00	114	1	100.0	5
09/04/26	16:50	26.6	26.7	26.6	46	14.0	6.4	NNW	0.54	14.5	NW	26.6	26.4	26.4	---	1019.0	0.00	0.0	443	3.18	466	0.000	0.029	24.3	46	11.9	24.0	8.54	1.1778	0.00	117	1	100.0	5
09/04/26	16:55	26.4	26.6	26.4	48	14.5	6.4	N	0.54	14.5	NNW	26.4	26.3	26.3	---	1018.9	0.00	0.0	425	3.05	439	0.000	0.028	24.3	46	11.9	24.0	8.54	1.1777	0.00	115	1	100.0	5
09/04/26	17:00	26.2	26.4	26.2	47	14.0	8.0	N	0.67	20.9	NNW	26.2	25.9	25.9	---	1019.0	0.00	0.0	393	2.82	411	0.000	0.027	24.3	46	11.9	24.0	8.54	1.1779	0.38	116	1	100.0	5
09/04/26	17:05	25.8	26.2	25.8	47	13.7	11.3	N	0.94	19.3	NNW	25.8	25.6	25.6	---	1018.9	0.00	0.0	384	2.75	439	0.000	0.026	24.3	46	11.9	24.0	8.54	1.1777	0.00	115	1	100.0	5
09/04/26	17:10	25.8	25.8	25.7	48	13.9	4.8	NNE	0.40	14.5	NNE	25.8	25.6	25.6	---	1018.9	0.00	0.0	256	1.83	272	0.000	0.026	24.3	46	12.0	24.1	8.53	1.1774	0.00	110	1	96.5	5
09/04/26	17:15	25.6	25.8	25.6	50	14.4	6.4	N	0.54	14.5	NNE	25.6	25.6	25.6	---	1018.8	0.00	0.0	295	2.11	315	0.000	0.025	24.3	46	12.0	24.1	8.53	1.1773	0.00	114	1	100.0	5
09/04/26	17:20	25.4	25.6	25.4	51	14.6	8.0	N	0.67	17.7	N	25.4	25.4	25.4	---	1018.8	0.00	0.0	313	2.24	330	0.000	0.025	24.4	47	12.4	24.2	8.73	1.1764	0.00	116	1	100.0	5
09/04/26	17:25	25.4	25.5	25.4	52	14.9	6.4	N	0.54	14.5	N	25.4	25.5	25.5	---	1018.6	0.00	0.0	301	2.16	316	0.000	0.025	24.6	47	12.5	24.3	8.73	1.1756	0.00	92	1	80.7	5
09/04/26	17:30	25.5	25.5	25.4	52	14.9	6.4	NE	0.54	17.7	N	25.5	25.6	25.6	---	1018.8	0.00	0.0	448	3.21	464	0.000	0.025	24.7	47	12.6	24.4	8.72	1.1753	0.00	83	1	72.8	5
09/04/26	17:35	25.6	25.7	25.5	52	15.0	6.4	N	0.54	14.5	NNW	25.6	25.7	25.7	---	1018.7	0.00	0.0	496	3.56	508	0.000	0.025	24.7	47	12.6	24.5	8.72	1.1749	0.00	43	1	37.7	5
09/04/26	17:40	25.7	25.8	25.7	54	15.7	8.0	NNW	0.67	14.5	N	25.7	25.9	25.9	---	1018.9	0.00	0.0	383	2.75	422	0.000	0.026	24.9	47	12.8	24.7	8.71	1.1743	0.00	44	1	38.6	5
09/04/26	17:45	25.7	25.7	25.7	56	16.2	8.0	NNE	0.67	20.9	NE	25.7	25.9	25.9	---	1018.8	0.00	0.0	310	2.22	388	0.000	0.025	24.8	47	12.8	24.6	8.72	1.1744	0.00	106	1	93.0	5
09/04/26	17:50	25.3	25.6	25.3	56	15.9	6.4	NE	0.54	16.1	N	25.3	25.5	25.5	---	1018.8	0.00	0.0	297	2.13	348	0.000	0.024	24.8	47	12.7	24.6	8.72	1.1747	0.00	102	1	89.5	5
09/04/26	17:55	25.3	25.3	25.3	58	16.4	6.4	N	0.54	17.7	NE	25.3	25.6	25.6	---	1018.8	0.00	0.0	279	2.00	399	0.000	0.024	24.7	47	12.6	24.5	8.72	1.1750	0.00	111	1	97.4	5
09/04/26	18:00	25.0	25.3	25.0	59	16.4	8.0	NE	0.67	17.7	NE	25.0	25.2	25.2	---	1018.8	0.00	0.0	276	1.98	315	0.000	0.023	24.7	48	13.0	24.6	8.92	1.1746	0.28	110	1	96.5	5
09/04/26	18:05	24.9	25.0	24.9	59	16.3	9.7	N	0.80	22.5	N	24.9	25.1	25.1	---	1018.8	0.00	0.0	366	2.62	385	0.000	0.023	24.7	48	13.0	24.6	8.92	1.1747	0.00	104	1	91.2	5
09/04/26	18:10	24.7	24.9	24.7	59	16.2	9.7	NNE	0.80	20.9	ENE	24.7	24.9	24.9	---	1018.8	0.00	0.0	351	2.52	357	0.000	0.022	24.7	48	13.0	24.6	8.92	1.1747	0.00	117	1	100.0	5
09/04/26	18:15	24.1	24.7	24.1	62	16.4	14.5	NNE	1.21	29.0	NE	23.4	24.4	23.7	---	1018.8	0.00	0.0	204	1.46	308	0.000	0.020	24.7	49	13.2	24.6	9.02	1.1746	0.00	114	1	100.0	5
09/04/26	18:20	23.5	24.1	23.5	66	16.8	16.1	NE	1.34	32.2	NNW	22.4	24.0	22.9	---	1018.8	0.00	0.0	257	1.84	323	0.000	0.018	24.7	49	13.2	24.6	9.02	1.1746	0.00	117	1	100.0	5
09/04/26	18:25	22.8	23.4	22.8	67	16.3	14.5	NNE	1.21	25.7	N	22.0	23.2	22.4	---	1018.9	0.00	0.0	212	1.52	267	0.000	0.015	24.7	49	13.2	24.6	9.02	1.1747	0.00	114	1	100.0	5
09/04/26	18:30	22.3	22.8	22.3	67	15.9	16.1	NNE	1.34	30.6	NNW	21.1	22.5	21.3	---	1018.9	0.00	0.0	276	1.98	283	0.000	0.014	24.6	50	13.5	24.6	9.22	1.1746	0.00	111	1	97.4	5
09/04/26	18:35	21.8	22.3	21.8	67	15.4	16.1	NNE	1.34	32.2	NNW	20.7	21.9	20.8	---	1019.0	0.00	0.0	279	2.00	283	0.000	0.012	24.6	50	13.4	24.5	9.23	1.1750	0.00	115	1	100.0	5
09/04/26	18:40	21.3	21.8	21.3	67	15.0	19.3	NNE	1.61	32.2	N	19.6	21.3	19.6	---	1019.2	0.00	0.0	268	1.92	274	0.000	0.010	24.6	50	13.4	24.5	9.23	1.1752	0.00	117	1	100.0	5
09/04/26	18:45	21.0	21.3	21.0	68	14.9	17.7	NNE	1.48	32.2	NNW	19.6	21.1	19.6	---	1019.2	0.00	0.0	194	1.39	239	0.000	0.009	24.6	50	13.4	24.5	9.23	1.1753	0.00	115	1	100.0	5
09/04/26	18:50	20.7	21.0	20.7	69	14.8	16.1	NNE	1.34	30.6	N	19.5	20.8	19.7	---	1019.4	0.00	0.0	186	1.33	230	0.000	0.008	24.5	50	13.4	24.4	9.23	1.1758	0.00	117	1	100.0	5
09/04/26	18:55	20.4	20.7	20.4	69	14.6	14.5	NNE	1.21	29.0	NE	19.7	20.7	19.9	---	1019.4	0.00	0.0	139	1.00	162	0.000	0.007	24.4	50	13.3	24.4	9.23	1.1761	0.00	114	1	100.0	5
09/04/26	19:00	20.2	20.4	20.2	70	14.6	11.3	N	0.94	22.5	NNW	20.2	20.4	20.4	---	1019.6	0.00	0.0	234	1.68	260	0.000	0.007	24.4	50	13.3	24.4	9.23	1.1763	0.23	117	1	100.0	5
09/04/26	19:05	19.8	20.2	19.8	71	14.4	17.7	NNE	1.48	33.8	ENE	18.4	20.0	18.6	---	1019.6	0.00	0.0	209	1.50	237	0.000	0.005	24.3	50	13.2	24.3	9.23	1.1768	0.00	117	1	100.0	5
09/04/26	19:10	19.6	19.8	19.6	71	14.2	12.9	NNE	1.07	33.8	NE	19.2	19.7	19.3	---	1019.8	0.00	0.0	176	1.26	214	0.000	0.004	24.3	50	13.2	24.3	9.23	1.1771	0.00	117	1	100.0	5
09/04/26	19:15	18.7	19.6	18.7	70	13.1	19.3	NNE	1.61	32.2	N	16.8	18.6	16.7	---	1019.9	0.00	0.0	94	0.67	123	0.000	0.001	24.3	50	13.2	24.3	9.23	1.1772	0.00	115	1	100.0	5
09/04/26	19:20	18.3	18.7	18.3	72	13.1	12.9	NNE	1.07	24.1	NNE	17.9	18.2	17.8	---	1020.1	0.00	0.0	113	0.81	135	0.000	0.000	24.3	50	13.2	24.2	9.24	1.1776	0.00	115	1	100.0	5
09/04/26	19:25	17.8	18.3	17.8	71	12.4	12.9	NNE	1.07	30.6	NE	17.3	17.6	17.2	---	1020.2	0.00	0.0	111	0.80	123	0.002	0.000	24.2	50	13.1	24.2	9.24	1.1781	0.00	115	1	100.0	5
09/04/26	19:30	17.2	17.7	17.2	73	12.3	11.3	NE	0.94	25.7	NNW	17.2	17.1	17.0	---	1020.3	0.00	0.0	113	0.81	121	0.004	0.000	24.2	50	13.1	24.2	9.24	1.1782	0.00	117	1	100.0	5
09/04/26	19:35	16.9	17.2	16.9	74	12.2	14.5	NNE	1.21	25.7	N	15.8	16.7	15.7	---	1020.3	0.00	0.0	115	0.82	123	0.005	0.000	24.2	50	13.1	24.1	9.24	1.1784	0.00	116	1	100.0	5
09/04/26	19:40	16.7	16.9	16.7	73	11.8	14.5	NE	1.21	30.6	N	15.6	16.4	15.3	---	1020.2	0.00	0.0	103	0.74	113	0.006	0.000	24.2	50	13.1	24.1	9.24	1.1783	0.00	117	1	100.0	5
09/04/26	19:45	16.4	16.7	16.4	72	11.3	14.5	N	1.21	30.6	NE	15.3	16.1	14.9	---	1020.3	0.00	0.0	79	0.57	98	0.007	0.000	24.1	50	13.0	24.1	9.24	1.1788	0.00	117	1	100.0	5
09/04/26	19:50	16.1	16.4	16.1	71	10.8	14.5	N	1.21	29.0	N	14.9	15.7	14.6	---	1020.3	0.00	0.0	56	0.40	67	0.008	0.000	24.1	50	13.0	24.1	9.24	1.1788	0.00	115	1	100.0	5
09/04/26	19:55	15.8	16.0	15.8	71	10.5	16.1	NNE	1.34	30.6	N	14.1	15.4	13.7	---	1020.3	0.00	0.0	54	0.39	56	0.009	0.000	24.1	50	13.0	24.0	9.24	1.1790	0.00	114	1	100.0	5
09/04/26	20:00	15.7	15.8	15.7	71	10.4	11.3	NNE	0.94	22.5	NNE	15.2	15.3	14.8	---	1020.3	0.00	0.0	48	0.34	53	0.009	0.000	24.1	50	13.0	24.0	9.24	1.1791	0.10	117	1	100.0	5
09/04/26	20:05	15.6	15.7	15.6	72	10.6	11.3	NNE	0.94	24.1	N	15.2	15.2	14.8	---	1020.4	0.00	0.0	40	0.29	42	0.009	0.000	24.0	50	12.9	23.9	9.25	1.1794	0.00	117	1	100.0	5
09/04/26	20:10	15.4	15.6	15.4	71	10.2	12.9	NNE	1.07	25.7	NNW	14.6	15.0	14.2	---	1020.6	0.00	0.0	32	0.23	35	0.010	0.000	24.0	50	12.9	23.9	9.25	1.1797	0.00	117	1	100.0	5
09/04/26	20:15	15.3	15.5	15.3	70	9.8	14.5	NNE	1.21	25.7	NNE	13.9	14.8	13.5	---	1020.7	0.00	0.0	23	0.16	26	0.011	0.000	23.9	50	12.9	23.9	9.25	1.1800	0.00	115	1	100.0	5
09/04/26	20:20	15.1	15.3	15.1	71	9.8	14.5	NE	1.21	30.6	NNW	13.7	14.6	13.2	---	1020.8	0.00	0.0	12	0.09	16	0.011	0.000	23.9	50	12.9	23.9	9.25	1.1801	0.00	114	1	100.0	5
09/04/26	20:25	14.9	15.1	14.9	71	9.7	14.5	NNE	1.21	29.0	ENE	13.6	14.5	13.1	---	1020.7	0.00	0.0	6	0.04	9	0.012	0.000	23.9	50	12.8	23.8	9.25	1.1803	0.00	114	1	100.0	5
09/04/26	20:30	14.8	14.9	14.8	70	9.4	12.9	NNE	1.07	22.5	NNE	13.8	14.3	13.3	---	1020.8	0.00	0.0	3	0.02	5	0.012	0.000	23.8	50	12.8	23.8	9.25	1.1808	0.00	116	1	100.0	5
09/04/26	20:35	14.7	14.8	14.6	69	9.0	11.3	NE	0.94	24.1	NE	14.1	14.2	13.6	---	1020.9	0.00	0.0	0	0.00	0	0.013	0.000	23.8	49	12.5	23.7	9.05	1.1812	0.00	116	1	100.0	5
09/04/26	20:40	14.4	14.6	14.4	69	8.8	9.7	NNE	0.80	19.3	NNE	14.0	13.9	13.5	---	1021.1	0.00	0.0	0	0.00	0	0.014	0.000	23.8	49	12.4	23.7	9.05	1.1817	0.00	117	1	100.0	5
09/04/26	20:45	14.2	14.4	14.2	69	8.6	9.7	N	0.80	16.1	N	13.7	13.7	13.2	---	1021.2	0.00	0.0	0	0.00	0	0.014	0.000	23.8	49	12.4	23.7	9.05	1.1818	0.00	116	1	100.0	5
09/04/26	20:50	14.0	14.2	14.0	70	8.6	9.7	NE	0.80	17.7	NE	13.4	13.5	12.9	---	1021.2	0.00	0.0	0	0.00	0	0.015	0.000	23.7	49	12.4	23.6	9.05	1.1822	0.00	114	1	100.0	5
09/04/26	20:55	13.8	14.0	13.8	70	8.4	11.3	N	0.94	20.9	NE	13.0	13.3	12.5	---	1021.3	0.00	0.0	0	0.00	0	0.016	0.000	23.7	49	12.4	23.6	9.05	1.1823	0.00	117	1	100.0	5
09/04/26	21:00	13.7	13.8	13.7	72	8.7	11.3	NNE	0.94	19.3	NE	12.8	13.2	12.4	---	1021.5	0.00	0.0	0	0.00	0	0.016	0.000	23.7	49	12.3	23.6	9.05	1.1827	0.03	117	1	100.0	5
09/04/26	21:05	13.6	13.7	13.6	72	8.6	11.3	N	0.94	22.5	NNE	12.7	13.1	12.3	---	1021.5	0.00	0.0	0	0.00	0	0.017	0.000	23.7	49	12.3	23.6	9.05	1.1827	0.00	117	1	100.0	5
09/04/26	21:10	13.4	13.6	13.4	73	8.6	11.3	NNE	0.94	20.9	NE	12.5	13.0	12.1	---	1021.6	0.00	0.0	0	0.00	0	0.017	0.000	23.7	49	12.3	23.6	9.05	1.1829	0.00	117	1	100.0	5
09/04/26	21:15	13.3	13.4	13.3	74	8.8	8.0	NE	0.67	20.9	ENE	12.9	12.9	12.6	---	1021.7	0.00	0.0	0	0.00	0	0.017	0.000	23.6	49	12.3	23.5	9.05	1.1833	0.00	116	1	100.0	5
09/04/26	21:20	13.3	13.3	13.3	75	8.9	9.7	NNE	0.80	17.7	NNE	12.6	12.9	12.3	---	1021.8	0.00	0.0	0	0.00	0	0.018	0.000	23.6	49	12.2	23.4	9.05	1.1837	0.00	114	1	100.0	5
09/04/26	21:25	13.2	13.2	13.2	77	9.2	11.3	NNE	0.94	19.3	NNE	12.2	12.9	11.9	---	1021.8	0.00	0.0	0	0.00	0	0.018	0.000	23.6	48	11.9	23.3	8.94	1.1840	0.00	117	1	100.0	5
09/04/26	21:30	13.1	13.2	13.1	78	9.3	8.0	NNE	0.67	19.3	NNE	12.6	12.8	12.4	---	1021.8	0.00	0.0	0	0.00	0	0.018	0.000	23.5	48	11.9	23.3	8.94	1.1842	0.00	117	1	100.0	5
09/04/26	21:35	13.0	13.1	12.9	79	9.4	8.0	NNE	0.67	14.5	NNE	12.6	12.8	12.3	---	1021.8	0.00	0.0	0	0.00	0	0.019	0.000	23.6	48	11.9	23.3	8.94	1.1840	0.00	117	1	100.0	5
09/04/26	21:40	12.9	13.0	12.9	79	9.4	8.0	NE	0.67	17.7	NNE	12.5	12.7	12.3	---	1021.8	0.00	0.0	0	0.00	0	0.019	0.000	23.5	48	11.9	23.3	8.94	1.1843	0.00	117	1	100.0	5
09/04/26	21:45	12.8	12.9	12.8	79	9.3	9.7	NNE	0.80	22.5	NNE	12.1	12.6	11.8	---	1021.8	0.00	0.0	0	0.00	0	0.019	0.000	23.4	48	11.8	23.2	8.93	1.1846	0.00	115	1	100.0	5
09/04/26	21:50	12.8	12.9	12.8	79	9.3	9.7	NE	0.80	17.7	NW	12.1	12.6	11.8	---	1021.9	0.00	0.0	0	0.00	0	0.019	0.000	23.4	48	11.8	23.2	8.93	1.1847	0.00	115	1	100.0	5
09/04/26	21:55	12.8	12.8	12.8	80	9.4	9.7	NE	0.80	22.5	NE	12.0	12.6	11.8	---	1021.9	0.00	0.0	0	0.00	0	0.019	0.000	23.4	48	11.8	23.2	8.93	1.1847	0.00	115	1	100.0	5
09/04/26	22:00	12.7	12.8	12.7	80	9.4	9.7	NE	0.80	19.3	ENE	11.9	12.6	11.8	---	1021.9	0.00	0.0	0	0.00	0	0.019	0.000	23.4	48	11.8	23.2	8.93	1.1850	0.03	116	1	100.0	5
09/04/26	22:05	12.7	12.8	12.7	80	9.4	9.7	NE	0.80	17.7	NNE	11.9	12.6	11.8	---	1022.1	0.00	0.0	0	0.00	0	0.019	0.000	23.4	48	11.8	23.2	8.93	1.1852	0.00	117	1	100.0	5
09/04/26	22:10	12.7	12.7	12.7	80	9.3	8.0	NE	0.67	17.7	NE	12.2	12.5	12.0	---	1022.2	0.00	0.0	0	0.00	0	0.020	0.000	23.4	48	11.8	23.2	8.93	1.1852	0.00	116	1	100.0	5
09/04/26	22:15	12.6	12.7	12.6	80	9.2	8.0	NNE	0.67	19.3	NNE	12.1	12.4	11.9	---	1022.4	0.00	0.0	0	0.00	0	0.020	0.000	23.4	48	11.8	23.2	8.93	1.1855	0.00	118	1	100.0	5
09/04/26	22:20	12.6	12.6	12.6	80	9.2	9.7	NE	0.80	24.1	NNW	11.7	12.4	11.6	---	1022.4	0.00	0.0	0	0.00	0	0.020	0.000	23.3	48	11.7	23.1	8.93	1.1858	0.00	114	1	100.0	5
09/04/26	22:25	12.5	12.6	12.5	80	9.1	11.3	NE	0.94	25.7	N	11.4	12.3	11.3	---	1022.5	0.00	0.0	0	0.00	0	0.020	0.000	23.3	48	11.7	23.1	8.93	1.1859	0.00	115	1	100.0	5
09/04/26	22:30	12.5	12.6	12.4	80	9.1	9.7	NE	0.80	24.1	NE	11.7	12.3	11.5	---	1022.6	0.00	0.0	0	0.00	0	0.020	0.000	23.3	48	11.6	23.1	8.93	1.1863	0.00	116	1	100.0	5
09/04/26	22:35	12.3	12.4	12.3	78	8.6	17.7	NNE	1.48	33.8	N	9.8	12.1	9.6	---	1022.4	0.00	0.0	0	0.00	0	0.021	0.000	23.3	48	11.6	23.1	8.93	1.1861	0.00	117	1	100.0	5
09/04/26	22:40	12.3	12.3	12.2	78	8.6	12.9	NE	1.07	25.7	N	10.8	12.1	10.6	---	1022.5	0.00	0.0	0	0.00	0	0.021	0.000	23.3	48	11.6	23.1	8.93	1.1862	0.00	117	1	100.0	5
09/04/26	22:45	12.2	12.3	12.2	77	8.3	11.3	NNE	0.94	25.7	ENE	11.1	11.9	10.8	---	1022.6	0.00	0.0	0	0.00	0	0.021	0.000	23.3	48	11.6	23.1	8.93	1.1863	0.00	117	1	100.0	5
09/04/26	22:50	12.1	12.2	12.1	77	8.1	9.7	NNE	0.80	24.1	NE	11.1	11.8	10.8	---	1022.7	0.00	0.0	0	0.00	0	0.022	0.000	23.2	47	11.3	22.9	8.75	1.1871	0.00	114	1	100.0	5
09/04/26	22:55	12.0	12.1	12.0	77	8.1	9.7	NE	0.80	24.1	ENE	11.1	11.7	10.8	---	1023.0	0.00	0.0	0	0.00	0	0.022	0.000	23.2	47	11.3	22.9	8.75	1.1873	0.00	115	1	100.0	5
09/04/26	23:00	11.9	12.1	11.9	78	8.2	9.7	NNE	0.80	19.3	ENE	11.0	11.7	10.8	---	1023.0	0.00	0.0	0	0.00	0	0.022	0.000	23.2	47	11.3	22.9	8.75	1.1873	0.03	116	1	100.0	5
09/04/26	23:05	11.8	11.9	11.8	77	7.9	9.7	NNE	0.80	19.3	NE	10.9	11.6	10.7	---	1023.0	0.00	0.0	0	0.00	0	0.023	0.000	23.2	47	11.3	22.9	8.75	1.1874	0.00	115	1	100.0	5
09/04/26	23:10	11.8	11.9	11.8	78	8.1	8.0	NE	0.67	20.9	NNE	11.1	11.6	10.8	---	1023.0	0.00	0.0	0	0.00	0	0.023	0.000	23.2	47	11.2	22.8	8.75	1.1876	0.00	116	1	100.0	5
09/04/26	23:15	11.7	11.8	11.7	78	8.0	9.7	NNE	0.80	24.1	NNE	10.7	11.5	10.5	---	1023.1	0.00	0.0	0	0.00	0	0.023	0.000	23.2	47	11.2	22.8	8.75	1.1878	0.00	117	1	100.0	5
09/04/26	23:20	11.6	11.7	11.6	77	7.7	11.3	NE	0.94	22.5	NW	10.4	11.4	10.2	---	1023.1	0.00	0.0	0	0.00	0	0.023	0.000	23.2	47	11.2	22.8	8.75	1.1877	0.00	116	1	100.0	5
09/04/26	23:25	11.6	11.6	11.6	78	7.8	6.4	NNE	0.54	16.1	NE	11.2	11.3	10.9	---	1023.2	0.00	0.0	0	0.00	0	0.024	0.000	23.2	47	11.2	22.8	8.75	1.1879	0.00	115	1	100.0	5
09/04/26	23:30	11.5	11.6	11.4	78	7.8	12.9	NE	1.07	29.0	NE	9.8	11.3	9.6	---	1023.0	0.00	0.0	0	0.00	0	0.024	0.000	23.1	47	11.2	22.8	8.75	1.1880	0.00	116	1	100.0	5
09/04/26	23:35	11.4	11.5	11.4	78	7.7	9.7	NNE	0.80	20.9	NNW	10.4	11.3	10.2	---	1023.2	0.00	0.0	0	0.00	0	0.024	0.000	23.1	47	11.2	22.8	8.75	1.1882	0.00	116	1	100.0	5
09/04/26	23:40	11.3	11.4	11.3	78	7.6	8.0	NE	0.67	20.9	NE	10.6	11.2	10.4	---	1023.2	0.00	0.0	0	0.00	0	0.024	0.000	23.1	47	11.1	22.7	8.75	1.1885	0.00	117	1	100.0	5
09/04/26	23:45	11.3	11.4	11.3	78	7.6	9.7	NE	0.80	19.3	ENE	10.3	11.2	10.1	---	1023.1	0.00	0.0	0	0.00	0	0.024	0.000	23.1	47	11.1	22.7	8.75	1.1884	0.00	117	1	100.0	5
09/04/26	23:50	11.3	11.3	11.3	78	7.6	8.0	NE	0.67	19.3	NE	10.5	11.1	10.3	---	1023.1	0.00	0.0	0	0.00	0	0.024	0.000	23.1	47	11.1	22.7	8.75	1.1884	0.00	117	1	100.0	5
09/04/26	23:55	11.2	11.3	11.2	78	7.5	8.0	NE	0.67	16.1	ENE	10.4	11.1	10.3	---	1023.1	0.00	0.0	0	0.00	0	0.025	0.000	23.1	47	11.1	22.7	8.75	1.1883	0.00	114	1	100.0	5
10/04/26	00:00	11.2	11.2	11.2	79	7.7	6.4	NNE	0.54	16.1	NNE	10.7	11.0	10.6	---	1023.0	0.00	0.0	0	0.00	0	0.025	0.000	23.1	46	10.8	22.7	8.58	1.1885	0.00	115	1	100.0	5
10/04/26	0:05	11.1	11.2	11.1	79	7.6	8.0	NE	0.67	19.3	NNE	10.3	11.0	10.2	---	1023.0	0.00	0.0	0	0.00	0	0.025	0.000	23.0	46	10.8	22.6	8.58	1.1888	0.00	116	1	100.0	5
10/04/26	0:10	11.1	11.1	11.1	79	7.6	4.8	NNE	0.40	12.9	N	11.0	10.9	10.9	---	1023.1	0.00	0.0	0	0.00	0	0.025	0.000	23.0	46	10.8	22.6	8.58	1.1889	0.00	116	1	100.0	5
10/04/26	0:15	10.9	11.1	10.9	79	7.4	6.4	NNE	0.54	14.5	N	10.4	10.8	10.3	---	1023.0	0.00	0.0	0	0.00	0	0.026	0.000	23.0	46	10.8	22.6	8.58	1.1889	0.00	117	1	100.0	5
10/04/26	0:20	10.9	10.9	10.9	80	7.6	3.2	NE	0.27	9.7	NE	10.9	10.8	10.8	---	1023.1	0.00	0.0	0	0.00	0	0.026	0.000	23.0	46	10.8	22.6	8.58	1.1889	0.00	118	1	100.0	5
10/04/26	0:25	10.8	10.9	10.8	80	7.5	4.8	NNE	0.40	9.7	ENE	10.8	10.7	10.7	---	1023.2	0.00	0.0	0	0.00	0	0.026	0.000	22.9	46	10.7	22.5	8.58	1.1893	0.00	115	1	100.0	5
10/04/26	0:30	10.8	10.9	10.8	80	7.5	4.8	NNE	0.40	11.3	N	10.8	10.7	10.7	---	1023.2	0.00	0.0	0	0.00	0	0.026	0.000	22.9	46	10.7	22.5	8.58	1.1893	0.00	114	1	100.0	5
10/04/26	0:35	10.8	10.8	10.8	80	7.5	4.8	N	0.40	14.5	N	10.7	10.7	10.6	---	1023.2	0.00	0.0	0	0.00	0	0.026	0.000	22.9	46	10.7	22.5	8.58	1.1893	0.00	116	1	100.0	5
10/04/26	0:40	10.8	10.8	10.7	80	7.5	4.8	NE	0.40	12.9	NNE	10.7	10.7	10.6	---	1023.2	0.00	0.0	0	0.00	0	0.026	0.000	22.9	46	10.7	22.5	8.58	1.1893	0.00	117	1	100.0	5
10/04/26	0:45	10.7	10.8	10.7	80	7.4	3.2	NNE	0.27	11.3	N	10.7	10.6	10.6	---	1023.0	0.00	0.0	0	0.00	0	0.026	0.000	22.9	46	10.7	22.4	8.59	1.1894	0.00	117	1	100.0	5
10/04/26	0:50	10.7	10.7	10.7	81	7.5	4.8	NNE	0.40	12.9	N	10.6	10.6	10.4	---	1023.0	0.00	0.0	0	0.00	0	0.027	0.000	22.9	46	10.7	22.4	8.59	1.1893	0.00	116	1	100.0	5
10/04/26	0:55	10.6	10.7	10.6	81	7.5	4.8	NE	0.40	11.3	NE	10.5	10.5	10.4	---	1023.0	0.00	0.0	0	0.00	0	0.027	0.000	22.9	46	10.7	22.4	8.59	1.1894	0.00	116	1	100.0	5
10/04/26	1:00	10.6	10.6	10.6	81	7.4	4.8	NNE	0.40	8.0	NNW	10.4	10.4	10.3	---	1023.1	0.00	0.0	0	0.00	0	0.027	0.000	22.8	46	10.6	22.4	8.59	1.1897	0.00	115	1	100.0	5
10/04/26	1:05	10.6	10.6	10.6	81	7.4	4.8	NNE	0.40	12.9	N	10.4	10.4	10.3	---	1023.1	0.00	0.0	0	0.00	0	0.027	0.000	22.9	46	10.7	22.4	8.59	1.1895	0.00	113	1	99.1	5
10/04/26	1:10	10.5	10.6	10.5	81	7.4	4.8	NE	0.40	11.3	NNE	10.4	10.4	10.3	---	1023.0	0.00	0.0	0	0.00	0	0.027	0.000	22.8	46	10.6	22.4	8.59	1.1897	0.00	117	1	100.0	5
10/04/26	1:15	10.5	10.5	10.4	82	7.6	4.8	N	0.40	12.9	NNW	10.4	10.4	10.3	---	1023.2	0.00	0.0	0	0.00	0	0.027	0.000	22.8	46	10.6	22.4	8.59	1.1899	0.00	117	1	100.0	5
10/04/26	1:20	10.4	10.5	10.4	82	7.5	6.4	NNE	0.54	16.1	N	9.9	10.4	9.8	---	1023.1	0.00	0.0	0	0.00	0	0.027	0.000	22.8	46	10.6	22.4	8.59	1.1898	0.00	117	1	100.0	5
10/04/26	1:25	10.4	10.4	10.3	82	7.4	3.2	NNE	0.27	9.7	NNW	10.4	10.3	10.3	---	1023.2	0.00	0.0	0	0.00	0	0.028	0.000	22.8	46	10.6	22.4	8.59	1.1899	0.00	118	1	100.0	5
10/04/26	1:30	10.3	10.3	10.3	82	7.3	3.2	N	0.27	8.0	NNE	10.3	10.3	10.3	---	1023.3	0.00	0.0	0	0.00	0	0.028	0.000	22.8	46	10.6	22.4	8.59	1.1900	0.00	114	1	100.0	5
10/04/26	1:35	10.2	10.3	10.2	83	7.4	4.8	NNE	0.40	8.0	NNW	10.0	10.2	10.0	---	1023.4	0.00	0.0	0	0.00	0	0.028	0.000	22.8	46	10.6	22.4	8.59	1.1901	0.00	112	1	98.2	5
10/04/26	1:40	10.1	10.2	10.1	83	7.3	4.8	N	0.40	12.9	N	9.9	10.1	9.9	---	1023.4	0.00	0.0	0	0.00	0	0.029	0.000	22.8	46	10.6	22.4	8.59	1.1901	0.00	116	1	100.0	5
10/04/26	1:45	9.9	10.1	9.9	84	7.4	4.8	NNE	0.40	11.3	N	9.8	10.0	9.8	---	1023.5	0.00	0.0	0	0.00	0	0.029	0.000	22.8	46	10.6	22.4	8.59	1.1902	0.00	117	1	100.0	5
10/04/26	1:50	9.9	9.9	9.8	84	7.3	4.8	NNE	0.40	12.9	NNW	9.7	9.9	9.8	---	1023.5	0.00	0.0	0	0.00	0	0.029	0.000	22.8	46	10.6	22.3	8.59	1.1906	0.00	116	1	100.0	5
10/04/26	1:55	9.8	9.9	9.8	85	7.4	6.4	N	0.54	16.1	N	9.1	9.8	9.2	---	1023.5	0.00	0.0	0	0.00	0	0.030	0.000	22.8	46	10.6	22.3	8.59	1.1905	0.00	117	1	100.0	5
10/04/26	2:00	9.7	9.8	9.7	85	7.3	4.8	N	0.40	12.9	N	9.5	9.8	9.6	---	1023.4	0.00	0.0	0	0.00	0	0.030	0.000	22.8	46	10.6	22.4	8.59	1.1902	0.00	116	1	100.0	5
10/04/26	2:05	9.7	9.7	9.7	85	7.3	4.8	NNE	0.40	9.7	N	9.4	9.7	9.5	---	1023.5	0.00	0.0	0	0.00	0	0.030	0.000	22.8	46	10.6	22.4	8.59	1.1902	0.00	115	1	100.0	5
10/04/26	2:10	9.7	9.7	9.6	85	7.3	6.4	NNE	0.54	12.9	NNW	9.0	9.7	9.1	---	1023.5	0.00	0.0	0	0.00	0	0.030	0.000	22.8	46	10.6	22.3	8.59	1.1905	0.00	114	1	100.0	5
10/04/26	2:15	9.7	9.7	9.7	85	7.3	6.4	NNE	0.54	14.5	NE	9.0	9.7	9.1	---	1023.4	0.00	0.0	0	0.00	0	0.030	0.000	22.8	46	10.6	22.3	8.59	1.1904	0.00	114	1	100.0	5
10/04/26	2:20	9.7	9.7	9.6	85	7.3	6.4	NNE	0.54	14.5	NNE	9.0	9.7	9.1	---	1023.4	0.00	0.0	0	0.00	0	0.030	0.000	22.8	46	10.6	22.3	8.59	1.1904	0.00	116	1	100.0	5
10/04/26	2:25	9.6	9.7	9.6	85	7.2	6.4	N	0.54	16.1	N	8.9	9.7	9.0	---	1023.5	0.00	0.0	0	0.00	0	0.030	0.000	22.7	46	10.5	22.2	8.59	1.1908	0.00	117	1	100.0	5
10/04/26	2:30	9.6	9.6	9.6	85	7.2	8.0	NE	0.67	20.9	NE	8.4	9.6	8.5	---	1023.7	0.00	0.0	0	0.00	0	0.030	0.000	22.7	46	10.5	22.2	8.59	1.1911	0.00	118	1	100.0	5
10/04/26	2:35	9.5	9.6	9.5	85	7.1	6.4	NNE	0.54	16.1	NNE	8.8	9.6	8.8	---	1023.5	0.00	0.0	0	0.00	0	0.031	0.000	22.7	46	10.5	22.2	8.59	1.1907	0.00	117	1	100.0	5
10/04/26	2:40	9.4	9.5	9.4	85	7.0	8.0	N	0.67	14.5	NNW	8.3	9.5	8.4	---	1023.5	0.00	0.0	0	0.00	0	0.031	0.000	22.7	45	10.2	22.2	8.45	1.1911	0.00	115	1	100.0	5
10/04/26	2:45	9.4	9.4	9.4	85	7.0	8.0	NNE	0.67	17.7	NNW	8.3	9.4	8.3	---	1023.5	0.00	0.0	0	0.00	0	0.031	0.000	22.7	45	10.2	22.2	8.45	1.1911	0.00	114	1	100.0	5
10/04/26	2:50	9.3	9.4	9.3	85	6.9	8.0	NNE	0.67	16.1	NNW	8.2	9.4	8.3	---	1023.4	0.00	0.0	0	0.00	0	0.031	0.000	22.7	45	10.2	22.2	8.45	1.1909	0.00	117	1	100.0	5
10/04/26	2:55	9.3	9.3	9.3	85	6.9	6.4	NNE	0.54	14.5	NE	8.6	9.3	8.6	---	1023.7	0.00	0.0	0	0.00	0	0.031	0.000	22.7	45	10.1	22.1	8.45	1.1916	0.00	117	1	100.0	5
10/04/26	3:00	9.2	9.3	9.2	85	6.8	8.0	NNE	0.67	16.1	NNE	8.1	9.3	8.2	---	1023.8	0.00	0.0	0	0.00	0	0.032	0.000	22.7	45	10.1	22.1	8.45	1.1917	0.00	117	1	100.0	5
10/04/26	3:05	9.2	9.2	9.2	85	6.8	8.0	NNE	0.67	17.7	NE	8.1	9.2	8.1	---	1023.7	0.00	0.0	0	0.00	0	0.032	0.000	22.7	45	10.2	22.2	8.45	1.1913	0.00	117	1	100.0	5
10/04/26	3:10	9.1	9.2	9.1	85	6.7	8.0	N	0.67	14.5	N	7.9	9.1	7.9	---	1023.8	0.00	0.0	0	0.00	0	0.032	0.000	22.7	45	10.1	22.1	8.45	1.1917	0.00	116	1	100.0	5
10/04/26	3:15	9.1	9.1	9.1	85	6.7	6.4	NE	0.54	12.9	N	8.3	9.1	8.3	---	1023.8	0.00	0.0	0	0.00	0	0.032	0.000	22.7	45	10.1	22.1	8.45	1.1917	0.00	113	1	99.1	5
10/04/26	3:20	9.1	9.1	9.0	85	6.7	9.7	N	0.80	19.3	N	7.6	9.1	7.6	---	1023.7	0.00	0.0	0	0.00	0	0.032	0.000	22.7	45	10.1	22.1	8.45	1.1916	0.00	113	1	99.1	5
10/04/26	3:25	9.0	9.1	9.0	85	6.6	6.4	NNE	0.54	14.5	NE	8.2	9.0	8.2	---	1023.6	0.00	0.0	0	0.00	0	0.032	0.000	22.7	45	10.1	22.1	8.45	1.1915	0.00	116	1	100.0	5
10/04/26	3:30	8.9	9.0	8.9	85	6.6	6.4	NE	0.54	14.5	NE	8.2	8.9	8.2	---	1023.6	0.00	0.0	0	0.00	0	0.033	0.000	22.7	45	10.1	22.1	8.45	1.1915	0.00	116	1	100.0	5
10/04/26	3:35	8.9	8.9	8.9	85	6.5	4.8	N	0.40	12.9	N	8.6	8.9	8.6	---	1023.8	0.00	0.0	0	0.00	0	0.033	0.000	22.7	45	10.1	22.1	8.45	1.1917	0.00	118	1	100.0	5
10/04/26	3:40	8.8	8.9	8.8	86	6.6	4.8	N	0.40	12.9	NNW	8.4	8.8	8.4	---	1023.7	0.00	0.0	0	0.00	0	0.033	0.000	22.7	45	10.1	22.1	8.45	1.1916	0.00	117	1	100.0	5
10/04/26	3:45	8.7	8.8	8.7	86	6.5	4.8	NNE	0.40	9.7	ENE	8.3	8.7	8.3	---	1023.8	0.00	0.0	0	0.00	0	0.034	0.000	22.7	45	10.1	22.1	8.45	1.1917	0.00	117	1	100.0	5
10/04/26	3:50	8.7	8.7	8.7	86	6.5	4.8	NNE	0.40	8.0	NNW	8.3	8.7	8.3	---	1023.8	0.00	0.0	0	0.00	0	0.034	0.000	22.6	45	10.1	22.0	8.45	1.1920	0.00	115	1	100.0	5
10/04/26	3:55	8.6	8.7	8.6	86	6.4	8.0	NNE	0.67	16.1	NNE	7.4	8.6	7.4	---	1023.8	0.00	0.0	0	0.00	0	0.034	0.000	22.7	45	10.1	22.1	8.45	1.1917	0.00	114	1	100.0	5
10/04/26	4:00	8.6	8.7	8.6	86	6.4	6.4	NNE	0.54	14.5	NE	7.8	8.6	7.8	---	1024.0	0.00	0.0	0	0.00	0	0.034	0.000	22.6	45	10.1	22.0	8.45	1.1922	0.00	117	1	100.0	5
10/04/26	4:05	8.6	8.6	8.6	86	6.3	6.4	NNE	0.54	14.5	NE	7.7	8.6	7.7	---	1023.9	0.00	0.0	0	0.00	0	0.034	0.000	22.6	45	10.1	22.0	8.45	1.1921	0.00	116	1	100.0	5
10/04/26	4:10	8.5	8.6	8.4	86	6.3	6.4	NNE	0.54	12.9	NNW	7.7	8.5	7.7	---	1023.8	0.00	0.0	0	0.00	0	0.034	0.000	22.6	45	10.1	22.0	8.45	1.1920	0.00	117	1	100.0	5
10/04/26	4:15	8.4	8.5	8.4	86	6.2	6.4	NE	0.54	14.5	NE	7.6	8.4	7.6	---	1023.6	0.00	0.0	0	0.00	0	0.034	0.000	22.6	45	10.0	21.9	8.45	1.1921	0.00	117	1	100.0	5
10/04/26	4:20	8.4	8.4	8.4	86	6.2	4.8	NE	0.40	9.7	NE	8.0	8.4	8.0	---	1023.5	0.00	0.0	0	0.00	0	0.035	0.000	22.6	45	10.0	21.9	8.45	1.1919	0.00	117	1	100.0	5
10/04/26	4:25	8.3	8.4	8.3	86	6.1	4.8	NE	0.40	11.3	NE	7.9	8.3	7.9	---	1023.4	0.00	0.0	0	0.00	0	0.035	0.000	22.6	45	10.0	21.9	8.45	1.1918	0.00	112	1	98.2	5
10/04/26	4:30	8.3	8.3	8.2	86	6.1	3.2	NNE	0.27	8.0	NNE	8.3	8.3	8.3	---	1023.6	0.00	0.0	0	0.00	0	0.035	0.000	22.6	44	9.7	21.9	8.30	1.1923	0.00	114	1	100.0	5
10/04/26	4:35	8.2	8.3	8.2	86	6.0	4.8	NE	0.40	11.3	NNE	7.8	8.2	7.8	---	1023.5	0.00	0.0	0	0.00	0	0.035	0.000	22.6	44	9.7	21.9	8.30	1.1923	0.00	117	1	100.0	5
10/04/26	4:40	8.2	8.2	8.2	86	6.0	3.2	NE	0.27	11.3	NE	8.2	8.2	8.2	---	1023.3	0.00	0.0	0	0.00	0	0.035	0.000	22.6	44	9.7	21.9	8.30	1.1920	0.00	117	1	100.0	5
10/04/26	4:45	8.1	8.2	8.1	86	5.9	4.8	NE	0.40	11.3	N	7.7	8.1	7.7	---	1023.4	0.00	0.0	0	0.00	0	0.036	0.000	22.6	44	9.7	21.9	8.30	1.1922	0.00	117	1	100.0	5
10/04/26	4:50	8.1	8.1	8.1	86	5.9	4.8	NNE	0.40	12.9	NNE	7.7	8.1	7.7	---	1023.4	0.00	0.0	0	0.00	0	0.036	0.000	22.6	44	9.7	21.9	8.30	1.1922	0.00	117	1	100.0	5
10/04/26	4:55	8.0	8.1	8.0	86	5.8	4.8	NNE	0.40	11.3	NNE	7.6	8.0	7.6	---	1023.5	0.00	0.0	0	0.00	0	0.036	0.000	22.6	44	9.7	21.9	8.30	1.1922	0.00	116	1	100.0	5
10/04/26	5:00	7.9	8.1	7.9	86	5.7	4.8	NE	0.40	11.3	NE	7.5	7.9	7.5	---	1023.5	0.00	0.0	0	0.00	0	0.036	0.000	22.5	44	9.6	21.8	8.30	1.1925	0.00	115	1	100.0	5
10/04/26	5:05	7.9	7.9	7.9	86	5.7	4.8	NE	0.40	11.3	NNE	7.5	7.9	7.5	---	1023.5	0.00	0.0	0	0.00	0	0.036	0.000	22.5	44	9.6	21.8	8.30	1.1925	0.00	113	1	99.1	5
10/04/26	5:10	7.9	7.9	7.8	86	5.7	6.4	NNE	0.54	14.5	NNW	6.9	7.9	6.9	---	1023.4	0.00	0.0	0	0.00	0	0.036	0.000	22.5	44	9.6	21.8	8.30	1.1924	0.00	116	1	100.0	5
10/04/26	5:15	7.8	7.9	7.8	86	5.6	6.4	NNE	0.54	12.9	ENE	6.8	7.8	6.8	---	1023.5	0.00	0.0	0	0.00	0	0.036	0.000	22.5	44	9.6	21.8	8.30	1.1925	0.00	117	1	100.0	5
10/04/26	5:20	7.8	7.8	7.8	86	5.6	6.4	NE	0.54	12.9	NNE	6.8	7.8	6.8	---	1023.4	0.00	0.0	0	0.00	0	0.037	0.000	22.5	44	9.6	21.8	8.30	1.1924	0.00	116	1	100.0	5
10/04/26	5:25	7.7	7.8	7.7	86	5.5	4.8	NE	0.40	8.0	NE	7.3	7.7	7.3	---	1023.4	0.00	0.0	0	0.00	0	0.037	0.000	22.5	44	9.6	21.8	8.30	1.1924	0.00	115	1	100.0	5
10/04/26	5:30	7.7	7.7	7.7	86	5.5	6.4	NE	0.54	14.5	NNE	6.7	7.7	6.7	---	1023.4	0.00	0.0	0	0.00	0	0.037	0.000	22.5	44	9.6	21.8	8.30	1.1924	0.00	117	1	100.0	5
10/04/26	5:35	7.7	7.7	7.6	86	5.5	6.4	NE	0.54	14.5	NE	6.7	7.7	6.7	---	1023.3	0.00	0.0	0	0.00	0	0.037	0.000	22.5	44	9.6	21.8	8.30	1.1923	0.00	116	1	100.0	5
10/04/26	5:40	7.6	7.7	7.6	86	5.4	6.4	NE	0.54	14.5	NE	6.6	7.6	6.6	---	1023.2	0.00	0.0	0	0.00	0	0.037	0.000	22.5	44	9.6	21.8	8.30	1.1922	0.00	114	1	100.0	5
10/04/26	5:45	7.6	7.6	7.6	86	5.4	4.8	NE	0.40	11.3	NNE	7.1	7.6	7.1	---	1023.4	0.00	0.0	0	0.00	0	0.037	0.000	22.4	44	9.6	21.7	8.30	1.1926	0.00	114	1	100.0	5
10/04/26	5:50	7.5	7.6	7.5	86	5.3	4.8	NE	0.40	9.7	NE	7.0	7.5	7.0	---	1023.3	0.00	0.0	0	0.00	0	0.038	0.000	22.5	44	9.6	21.8	8.30	1.1923	0.00	117	1	100.0	5
10/04/26	5:55	7.4	7.6	7.4	86	5.3	4.8	NE	0.40	9.7	ENE	6.9	7.4	6.9	---	1023.3	0.00	0.0	0	0.00	0	0.038	0.000	22.4	44	9.6	21.7	8.30	1.1926	0.00	116	1	100.0	5
10/04/26	6:00	7.4	7.4	7.4	86	5.2	6.4	NNE	0.54	12.9	NNE	6.3	7.4	6.3	---	1023.5	0.00	0.0	0	0.00	0	0.038	0.000	22.4	44	9.6	21.7	8.30	1.1928	0.00	116	1	100.0	5
10/04/26	6:05	7.3	7.4	7.3	86	5.1	4.8	NE	0.40	11.3	E	6.8	7.3	6.8	---	1023.5	0.00	0.0	0	0.00	0	0.038	0.000	22.4	44	9.6	21.7	8.30	1.1928	0.00	117	1	100.0	5
10/04/26	6:10	7.3	7.3	7.3	86	5.1	4.8	NNE	0.40	11.3	NE	6.7	7.2	6.7	---	1023.5	0.00	0.0	0	0.00	0	0.038	0.000	22.4	44	9.6	21.7	8.30	1.1928	0.00	117	1	100.0	5
10/04/26	6:15	7.3	7.3	7.2	86	5.1	4.8	NE	0.40	11.3	NNE	6.7	7.2	6.7	---	1023.5	0.00	0.0	0	0.00	0	0.038	0.000	22.4	44	9.6	21.7	8.30	1.1928	0.00	113	1	99.1	5
10/04/26	6:20	7.2	7.3	7.2	86	5.0	4.8	NE	0.40	11.3	NNE	6.6	7.1	6.6	---	1023.5	0.00	0.0	0	0.00	0	0.039	0.000	22.4	44	9.6	21.7	8.30	1.1928	0.00	114	1	100.0	5
10/04/26	6:25	7.2	7.2	7.2	86	5.0	4.8	NE	0.40	12.9	NNE	6.6	7.1	6.6	---	1023.3	0.00	0.0	0	0.00	0	0.039	0.000	22.4	44	9.6	21.7	8.30	1.1926	0.00	115	1	100.0	5
10/04/26	6:30	7.1	7.2	7.1	86	4.9	3.2	NE	0.27	6.4	NE	7.1	7.1	7.1	---	1023.4	0.00	0.0	0	0.00	0	0.039	0.000	22.4	44	9.6	21.7	8.30	1.1926	0.00	117	1	100.0	5
10/04/26	6:35	7.1	7.1	7.0	86	4.9	3.2	NE	0.27	9.7	NE	7.1	7.0	7.0	---	1023.4	0.00	0.0	0	0.00	0	0.039	0.000	22.4	44	9.5	21.7	8.30	1.1929	0.00	115	1	100.0	5
10/04/26	6:40	6.9	7.1	6.9	86	4.8	4.8	NE	0.40	9.7	ENE	6.4	6.9	6.3	---	1023.3	0.00	0.0	0	0.00	0	0.040	0.000	22.4	44	9.5	21.7	8.30	1.1929	0.00	117	1	100.0	5
10/04/26	6:45	6.9	7.0	6.9	86	4.7	4.8	NNE	0.40	8.0	ENE	6.3	6.8	6.2	---	1023.4	0.00	0.0	0	0.00	0	0.040	0.000	22.4	44	9.5	21.7	8.30	1.1929	0.00	117	1	100.0	5
10/04/26	6:50	6.8	6.9	6.8	87	4.8	4.8	NNE	0.40	9.7	NE	6.2	6.8	6.2	---	1023.4	0.00	0.0	0	0.00	0	0.040	0.000	22.4	44	9.5	21.7	8.30	1.1929	0.00	115	1	100.0	5
10/04/26	6:55	6.8	6.8	6.8	87	4.8	3.2	NNE	0.27	8.0	NNW	6.8	6.8	6.8	---	1023.3	0.00	0.0	0	0.00	0	0.040	0.000	22.4	44	9.5	21.7	8.30	1.1929	0.00	115	1	100.0	5
10/04/26	7:00	6.7	6.8	6.7	87	4.7	3.2	NE	0.27	6.4	NE	6.7	6.7	6.7	---	1023.3	0.00	0.0	0	0.00	0	0.040	0.000	22.4	44	9.5	21.7	8.30	1.1928	0.00	115	1	100.0	5
10/04/26	7:05	6.7	6.7	6.7	87	4.7	3.2	NE	0.27	9.7	NE	6.7	6.7	6.7	---	1023.4	0.00	0.0	0	0.00	0	0.041	0.000	22.4	44	9.5	21.7	8.30	1.1929	0.00	117	1	100.0	5
10/04/26	7:10	6.6	6.7	6.6	87	4.6	3.2	NNE	0.27	9.7	N	6.6	6.6	6.6	---	1023.3	0.00	0.0	0	0.00	0	0.041	0.000	22.4	44	9.5	21.7	8.30	1.1928	0.00	116	1	100.0	5
10/04/26	7:15	6.6	6.6	6.6	87	4.5	3.2	NE	0.27	9.7	NE	6.6	6.6	6.6	---	1023.3	0.00	0.0	0	0.00	0	0.041	0.000	22.3	43	9.1	21.5	8.16	1.1934	0.00	117	1	100.0	5
10/04/26	7:20	6.5	6.6	6.5	87	4.5	1.6	NE	0.13	4.8	ENE	6.5	6.5	6.5	---	1023.4	0.00	0.0	0	0.00	0	0.041	0.000	22.3	43	9.1	21.5	8.16	1.1935	0.00	117	1	100.0	5
10/04/26	7:25	6.4	6.5	6.4	88	4.6	4.8	NE	0.40	9.7	NNE	5.8	6.4	5.8	---	1023.3	0.00	0.0	0	0.00	0	0.041	0.000	22.3	43	9.1	21.5	8.16	1.1934	0.00	116	1	100.0	5
10/04/26	7:30	6.4	6.4	6.4	88	4.6	3.2	NE	0.27	8.0	NE	6.4	6.4	6.4	---	1023.1	0.00	0.0	3	0.02	5	0.041	0.000	22.3	42	8.7	21.4	8.01	1.1938	0.00	115	1	100.0	5
10/04/26	7:35	6.3	6.4	6.3	88	4.5	4.8	NE	0.40	8.0	NNE	5.7	6.3	5.7	---	1023.1	0.00	0.0	8	0.06	9	0.042	0.000	22.3	42	8.7	21.4	8.01	1.1937	0.00	114	1	100.0	5
10/04/26	7:40	6.3	6.4	6.3	88	4.5	3.2	NE	0.27	8.0	NNE	6.3	6.3	6.3	---	1023.1	0.00	0.0	12	0.09	12	0.042	0.000	22.3	42	8.7	21.4	8.01	1.1937	0.00	115	1	100.0	5
10/04/26	7:45	6.3	6.3	6.3	88	4.5	1.6	NE	0.13	4.8	NNE	6.3	6.3	6.3	---	1023.0	0.00	0.0	16	0.11	18	0.042	0.000	22.2	41	8.3	21.3	7.87	1.1943	0.00	116	1	100.0	5
10/04/26	7:50	6.3	6.3	6.3	88	4.4	3.2	NNE	0.27	6.4	NNE	6.3	6.3	6.3	---	1023.0	0.00	0.0	20	0.14	23	0.042	0.000	22.2	41	8.3	21.3	7.87	1.1942	0.00	117	1	100.0	5
10/04/26	7:55	6.3	6.3	6.2	88	4.4	3.2	NE	0.27	6.4	NE	6.3	6.3	6.3	---	1022.9	0.00	0.0	25	0.18	26	0.042	0.000	22.2	41	8.3	21.3	7.87	1.1941	0.00	117	1	100.0	5
10/04/26	8:00	6.3	6.3	6.2	88	4.4	3.2	NE	0.27	6.4	E	6.3	6.3	6.3	---	1023.0	0.00	0.0	32	0.23	35	0.042	0.000	22.2	41	8.3	21.2	7.87	1.1945	0.00	118	1	100.0	5
10/04/26	8:05	6.3	6.3	6.2	88	4.4	3.2	NE	0.27	6.4	NE	6.3	6.3	6.3	---	1023.0	0.00	0.0	42	0.30	49	0.042	0.000	22.2	41	8.3	21.2	7.87	1.1945	0.00	116	1	100.0	5
10/04/26	8:10	6.3	6.3	6.3	88	4.5	4.8	NE	0.40	9.7	NE	5.7	6.3	5.7	---	1023.2	0.00	0.0	51	0.37	54	0.042	0.000	22.2	41	8.3	21.2	7.87	1.1947	0.00	116	1	100.0	5
10/04/26	8:15	6.4	6.4	6.3	88	4.5	3.2	ENE	0.27	8.0	NNE	6.4	6.4	6.4	---	1023.3	0.00	0.0	62	0.44	63	0.041	0.000	22.2	40	7.9	21.2	7.71	1.1951	0.00	114	1	100.0	5
10/04/26	8:20	6.5	6.5	6.4	87	4.5	3.2	NE	0.27	6.4	ENE	6.5	6.5	6.5	---	1023.2	0.00	0.0	74	0.53	84	0.041	0.000	22.2	40	7.9	21.2	7.71	1.1951	0.00	115	1	100.0	5
10/04/26	8:25	6.6	6.6	6.5	87	4.6	3.2	NE	0.27	6.4	NNE	6.6	6.6	6.6	---	1023.3	0.00	0.0	85	0.61	86	0.041	0.000	22.2	40	7.9	21.2	7.71	1.1952	0.00	117	1	100.0	5
10/04/26	8:30	6.7	6.7	6.6	87	4.7	4.8	NE	0.40	9.7	NE	6.1	6.7	6.1	---	1023.4	0.00	0.0	94	0.67	98	0.041	0.000	22.2	40	7.9	21.2	7.71	1.1953	0.00	117	1	100.0	5
10/04/26	8:35	6.7	6.8	6.7	86	4.5	4.8	NE	0.40	8.0	ENE	6.1	6.7	6.1	---	1023.5	0.00	0.0	108	0.77	116	0.040	0.000	22.2	40	7.9	21.2	7.71	1.1954	0.00	117	1	100.0	5
10/04/26	8:40	6.8	6.8	6.7	86	4.7	4.8	NE	0.40	9.7	NE	6.2	6.8	6.2	---	1023.4	0.00	0.0	125	0.90	135	0.040	0.000	22.2	40	7.9	21.2	7.71	1.1953	0.00	117	1	100.0	5
